clean_title,title_length,tweet_count,exclaim_count,question_count,has_url,actual_label,predicted_label,fake_score,correct
grey s anatomy changed its midseason premiere episode title to highlight domestic abuse,13,1,0,0,1,0,0,0.039236047117570685,True
anne wojcicki biography facts 23andme,5,1,0,0,1,0,0,0.38182169208548367,True
wags atlanta,2,14,0,0,1,0,0,0.1300548831402387,True
mary kate olsen gives a rare interview about married life,10,45,0,0,1,0,0,0.23292052406426023,True
vanderpump rules reunion katie apologizes to lala,7,19,0,0,1,0,0,0.12531740889355655,True
selena gomez offers up first audio taste of fetish listen,10,32,0,0,1,0,1,0.5624452666657499,False
serena williams reveals why her father didn t walk her down the aisle,13,60,0,0,1,0,0,0.3744750240817065,True
rosie huntington whiteley and jason statham are engaged model debuts giant diamond ring at the 2016 golden globes,18,0,1,0,1,1,0,0.3802041594779166,False
here are all the public figures who ve been accused of sexual misconduct after harvey weinstein,16,69,0,0,1,0,0,0.16253166484633277,True
rob pattinson still cares deeply for kristen stewart getting back together after party reunion,14,9,0,1,1,1,1,0.9447942650578767,True
how to watch the 2018 golden globes online tonight,9,25,0,0,1,0,0,0.1191930410462673,True
rob lowe my sex tape scandal was the greatest thing that happened to me,14,20,0,0,1,0,0,0.3596757313524817,True
cheryl burke and matthew lawrence enjoy caribbean getaway,8,58,0,0,1,0,0,0.2840135912029258,True
george clooney s lake como neighbours say it is being ruined by migrants,13,4,0,0,1,1,1,0.6473199563351687,True
the forever 21 x taco bell collection,7,44,0,0,1,0,0,0.12695606045918228,True
gwen stefani shuts down rumours she was dumped by blake shelton over jealousy and drama with loved up snap,19,292,0,0,1,1,1,0.9446705838787808,True
khlo kardashian wants to raise baby true alone without tristan thompson exclusive,12,1,0,0,1,1,1,0.8378101431139297,True
jennifer lawrence blasts harvey weinstein s legal tactics,8,30,0,0,1,0,1,0.5213468220417564,False
jennifer lopez is questioning her future with a rod after cheating allegations exclusive,13,5,0,0,1,1,1,0.8600058406709626,True
mary kate olsen bonds with boyfriend olivier sarkozy s young daughter during shopping trip,14,2,0,0,1,0,0,0.11914702969829277,True
johnny depp was accused of showing up drunk to his latest red carpet premiere,14,86,0,0,1,0,0,0.2627721390009009,True
josh hartnett and tamsin egerton reportedly welcome baby no 2,10,44,0,0,1,0,0,0.3582079539937014,True
this is why taraji p henson s hair always looks so good,12,36,0,0,1,0,0,0.07925999651798027,True
how technology disrupted the truth katharine viner,7,43,0,0,1,0,0,0.4014223981572127,True
pregnant and still thin,4,240,0,0,1,1,1,0.6380508831486712,True
impact of senator obama s tax proposals as described by economic advisors on workers distribution of federal tax change by cash income percentile 2009,24,0,0,0,1,0,0,0.2328628415193901,True
how katie holmes got into the best shape of her life,11,25,0,0,1,0,1,0.6514603083043379,False
outlook office skype bing breaking news and latest videos,9,2338,0,0,1,0,1,0.5765943609598438,False
ryan gosling says he quit smokin after filming the nice guys,11,44,0,0,1,1,1,0.6218419049258903,True
a guide to the increasingly intense brad pitt angelina jolie divorce drama,12,3,0,0,1,1,1,0.8710169765854338,True
gwen stefani reveals the hilarious christmas gift she s getting blake shelton,12,1,0,0,1,0,1,0.8702227330241833,False
a cringeworthy clip of brett ratner and serena williams is making the rounds online following sexual misconduct allegations against him,20,39,0,0,1,0,0,0.10717166250340147,True
amy schumer can feel free to be in a relationship just for herself next time after her breakup with ben hanisch,21,40,0,0,1,0,0,0.3072138099811689,True
two more sexual misconduct allegations against stunt coordinator joel kramer include one involving 10th grade girl,16,79,0,0,1,0,0,0.11493981086331034,True
jude law makes debut as dumbledore in fantastic beasts the crimes of grindelwald first trailer,15,53,0,0,1,0,0,0.09324395341472448,True
denzel washington criminal in chief obama tore heart out of america,11,1,0,0,1,1,1,0.5439712607993383,True
3 tips for acing girl next door makeup for a super bowl party,13,0,0,0,1,0,0,0.1223413236097324,True
gwyneth paltrow shows off bikini body with fiance brad falchuk in italy,12,55,0,0,1,0,1,0.5259590299347943,False
kourtney kardashian s boyfriend younes trolls himself on instagram after leaving shady comment,13,13,0,0,1,0,1,0.7322986767224399,False
blake shelton is people s sexiest man alive for 2017,10,45,0,0,1,1,1,0.8824890739388658,True
check reality behind brad pitt jennifer aniston bonding like never before alivetales,12,48,0,0,1,1,1,0.9545315180795031,True
brie bella thanks fans from hospital days after giving birth to daughter birdie she s the most,17,0,0,0,1,0,0,0.04319897993583615,True
dakota meyer,2,47,0,0,1,0,1,0.5436187762962609,False
botched doctors terry dubrow paul nassif reveal the most shocking surgeries,11,38,0,0,1,0,0,0.10857444952681207,True
jenna dewan,2,80,0,0,1,0,0,0.3842154428984516,True
jennifer garner and ben affleck expecting their 4th child together following surprise pregnancy bombshell exclusive,15,3,0,0,1,1,1,0.8208981634553375,True
miranda lambert and blake shelton had an affair her ex claims,11,83,0,0,1,1,1,0.8814996691992237,True
wells adams gushes over relationship with sarah hyland it s weirdly normal,12,37,0,0,1,0,0,0.11905926962628748,True
kylie jenner reveals her baby daughter s name is stormi,10,54,0,0,1,0,0,0.3517265342174774,True
marvel s runaways series premiere recap teenage dream,8,28,0,0,1,0,0,0.06800992693590299,True
vanessa hudgens bundles up in white fur coat while promoting film second act on late night talk show,18,38,0,0,1,0,0,0.21909763184249395,True
here are the best looks from the cmt music awards red carpet,12,67,0,0,1,0,0,0.0396991092289074,True
megan keeps having terrible flashbacks to her kidnapping during her engagement party on the arrangement,15,15,0,0,1,0,0,0.18661845264448715,True
robert downey jr shares epic lunch break photo with his avengers infinity war co stars,15,19,0,0,1,0,0,0.1067732420315522,True
r kelly sued by texas woman for sexual battery false imprisonment claims he gave her std,16,9,0,0,1,0,1,0.5339368981545598,False
jennifer lopez finally hears from her family in puerto rico,10,29,0,0,1,0,0,0.38897564788806893,True
julia stiles debuts baby bump on instagram i couldn t resist,11,1,0,0,1,0,0,0.3197406785099413,True
skier lindsey vonn leaves the 2018 winter olympics with lots of tweets but just one medal,16,76,0,0,1,0,0,0.17198677992188366,True
ruby rose admits that being mean doesn t suit her after slamming katy perry s new music,17,70,0,0,1,0,0,0.3555490244291751,True
brad pitt s mom is not begging him to get back with jennifer aniston gossip cop reports,17,5,0,0,1,1,1,0.9898430768657613,True
the dating game,3,45,0,0,1,0,1,0.5198602437706691,False
this week transcript sen dianne feinstein and rep mike rogers,10,2245,0,0,1,0,0,0.3464583514166892,True
daniel bryan fights back tears after daughter birdie watches him wrestle on total bellas it s just unbelievable,18,8,0,0,1,0,0,0.14467331496102445,True
violence threats begging harvey weinstein s 30 year pattern of abuse in hollywood,13,2,0,0,1,0,0,0.25535618059625725,True
chiquis rivera reveals her beauty routine and how she prepares for red carpets heat celeb news,16,97,0,0,1,0,0,0.0552101358970767,True
corinne olympios apologizes to demario jackson over bip sex scandal i m sorry you had to go through this,19,111,0,0,1,0,0,0.10894489655563594,True
amber heard and elon musk aren t dating anymore update,10,1,0,0,1,0,0,0.407287922660366,True
sag awards 2018 red carpet arrivals see all the glamorous looks from the 24th annual ceremony,16,26,0,0,1,0,0,0.0339787868198859,True
russell crowe breaks his silence on his relationship with terri irwin,11,20,0,0,1,1,0,0.24398961848609754,False
simon cowell rushed to hospital after accident at his london home,11,265,0,0,1,0,0,0.2587653807114227,True
exclusive go behind the scenes of a wrinkle in time with oprah winfrey,13,2,0,0,1,0,0,0.24896686061579384,True
bachelor in paradise newlyweds on getting married during the abc show s shutdown,13,1,0,0,1,0,0,0.1501757544053075,True
the rhoc season 13 trailer is finally here the real housewives,11,12,1,0,1,0,0,0.03494379960275296,True
7 questionable details about taylor swift and joe alwyn s relationship including her military like mission to keep it under wraps,21,6,0,0,1,1,1,0.5017725093011237,True
taylor swift gives surprise performance at nashville s bluebird cafe,10,118,0,0,1,0,0,0.29836649221451056,True
shailene woodley reveals she almost quit acting before starring in big little lies,13,40,0,0,1,0,0,0.33790962545529546,True
meghan king edmonds reveals the heartwarming names of her twin sons,11,2,0,0,1,0,0,0.13414440509681597,True
blac chyna hires lisa bloom as attorney for restraining order case against rob kardashian,14,7,0,0,1,1,0,0.4277447209651521,False
dumbledore won t be explicitly gay in fantastic beasts 2 but why,12,51,0,1,1,0,1,0.6538603585538827,False
iranian official drops bombshell obama secretly gave citizenship to 2500 iranians as part of nuke deal,16,95,0,0,1,1,1,0.5216073237457637,True
kim kardashian and kanye west s wedding all the best photos from paris and florence photos,16,30,0,0,1,1,0,0.4968219653844318,False
jennifer lopez reveals how her romance with alex rodriguez got started spoiler alert cobb salad was involved,17,45,0,0,1,0,0,0.48129977884958874,True
inside tom hanks and rita wilson s love story 30 years of family travel foot rubs and the best damn support system ever,23,39,0,0,1,0,0,0.3220821182116539,True
will smith jada pinkett not getting 270 million divorce despite report,11,35,0,0,1,1,1,0.9096630278305416,True
best dressed,2,65,0,0,1,0,0,0.05676208861426143,True
cardi b meets superfan aidy bryant on saturday night live,10,71,0,0,1,0,0,0.25483927161569925,True
brad pitt and jennifer aniston s second wedding joy,9,25,0,0,1,1,1,0.9626204639403273,True
when dj khaled sells his clothes for a good cause,10,1,0,0,1,0,0,0.10410823045013871,True
jennifer hudson reveals how she experiences prejudice on a regular basis,11,53,0,0,1,0,0,0.428239849854889,True
selena gomez excited gif,4,875,0,0,1,1,1,0.7345615111722424,True
drew scott is married the property brothers star weds linda phan in magical italian ceremony,15,36,1,0,1,0,0,0.22254248558297246,True
donald trump almost played the president in sharknado 3,9,197,0,0,1,0,1,0.8887579052444976,False
see inside gwen stefani s over the top beverly hills mansion,11,88,0,0,1,0,1,0.5161042235145243,False
demi lovato reveals why wiz khalifa and paris hilton star in sorry not sorry,14,50,0,0,1,0,0,0.06285338167263393,True
spoiler alert how deadpool 2 landed its vanisher cameo,9,41,1,0,1,0,0,0.34087816960040984,True
drake new album scorpion features michael jackson and jay z,10,1,0,0,1,0,1,0.601299612328114,False
jennifer lawrence gets kim kardashian to open up about dildos kris humphries and drunken dinner parties,16,10,0,0,1,0,0,0.4019447196343222,True
no cinderella margo jefferson on the real meghan markle,9,175,0,0,1,1,1,0.6196675450540158,True
video dailymotion,2,931,0,0,1,1,0,0.3326605237331854,False
arie luyendyk jr and lauren burnham are king and queen of awkward kisses,13,78,0,0,1,0,0,0.0663268685404905,True
steve wilkos charged with dui for january car crash confesses to rehab stint,13,63,0,0,1,0,0,0.28175132197004354,True
kristin cavallari and jay cutler net worth,7,14,0,0,1,0,0,0.19926192793197725,True
forbes ranked the 10 highest paid actors in the world and no 1 wasn t even in a movie this year,21,53,0,0,1,0,0,0.19768572767936685,True
this is what happened when kim depaola came face to face with terry dubrow,14,56,0,0,1,0,0,0.34255495581843104,True
did emily vancamp marry her revenge co star,8,68,0,1,1,0,0,0.46344829977277957,True
jordin sparks reveals crush on chris brown chris says he s not interested,13,28,0,0,1,0,0,0.49882628013245844,True
blake shelton settles lawsuit over in touch rehab story,9,6,0,0,1,1,1,0.8781639548388858,True
youtube drops logan paul from google preferred ad platform after suicide forest video,13,73,0,0,1,0,0,0.12381384318577858,True
amazon com paper crown women s cannes dress spiced wine crepe 10 clothing,13,32,0,0,1,0,0,0.14010878898710846,True
kim kardashian trolling her own bikini pic on instagram is everything,11,195,0,0,1,1,0,0.2523890427833241,False
meghan markle s family s anger as sister to cash in on relationship with prince harry,16,52,0,0,1,0,1,0.7287329416368039,False
elizabeth olsen on what to expect from avengers 4 things are only going to get worse,16,33,0,0,1,0,0,0.12476910731032458,True
justin timberlake stops concert for epic pregnancy announcement,8,56,0,0,1,0,0,0.2864444620044174,True
gal gadot wins seeher award at critics choice 2018 calls for more female led films,15,38,0,0,1,0,0,0.1336293727155452,True
jimmy kimmel s wife and head writer why we shared our baby s trauma and what came after,18,1,0,0,1,0,0,0.1958276511320976,True
eminem s raps letter to daughter hailie in new song,10,31,0,0,1,0,0,0.07161123297909261,True
10 celebrities who have used dating apps,7,59,0,0,1,0,1,0.6740775984265346,False
kate middleton trash talks meghan markle daily report,8,5,0,0,1,1,1,0.9030217260456908,True
ariana grande rihanna wasn t laughing at my dance moves,10,1016,0,0,1,1,1,0.5083079278794234,True
charlize theron and alexander skarsgard s romance is back on,10,7,0,0,1,1,0,0.43093091164755354,False
kim kardashian says she s on edge after paris robbery arrests in new kuwtk promo i can t trust anyone,20,0,0,0,1,0,0,0.2885810833112187,True
trump has a long and warm relationship with oprah that helped springboard his presidential ambitions,15,17,0,0,1,1,0,0.36219512639545104,False
vma 2017 lorde had the flu she performed anyway,9,30,0,0,1,0,0,0.35670499934338207,True
will grace creators break down that highly emotional fan favorite farewell,11,61,0,0,1,0,0,0.04900202931647785,True
angelina jolie secretly seething jennifer aniston globes,7,5,0,0,0,1,1,0.9932021973612616,True
us report claims meghan markle and kate middleton are both expecting a baby,13,12,0,0,1,1,1,0.883176607863188,True
tim mcgraw and faith hill s farm is 20 million,10,57,0,0,1,0,1,0.5826534592121343,False
blake shelton gwen s baby plans surrogacy adoption were discussed on mother s day,14,9,0,0,1,1,1,0.8697056148090674,True
14 ways the marvel cinematic universe could change after avengers infinity war,12,25,0,0,1,0,0,0.1118375276289367,True
hilary duff posts pic of her growing baby bump and admits her second pregnancy is hard as hell,18,14,0,0,1,0,0,0.15344423434089624,True
robert pattinson refused to perform sex act on a dog in good time,13,31,0,0,1,0,1,0.5298219676851424,False
kate mckinnon thanks hillary clinton after second consecutive emmys win,10,42,0,0,1,0,0,0.4005249806298747,True
nicole williams and larry english s laguna beach wedding album,10,40,0,0,1,0,0,0.15084482527285886,True
why justin bieber had no idea selena gomez had a kidney transplant,12,19,0,0,1,1,1,0.912372594102891,True
liev schreiber hugs minnie driver s sister at oscars party,10,6,0,0,1,1,0,0.30286978129625614,False
kim khloe and kourtney kardashian look like a group of futuristic girls in tokyo tech2,15,104,0,0,1,0,0,0.20599826291991863,True
very sad news about pink s marriage,7,4,0,0,1,1,0,0.4211417995254074,False
jennifer aniston 49 had tons of therapy to get over split from husband justin theroux,15,19,0,0,1,0,1,0.9228017543645389,False
here s how much taylor swift s life has changed since her 2016 fourth of july party,17,1,0,0,1,0,1,0.612435748481535,False
tde s dave free talks teamwork kendrick lamar s pulitzer and marvel,12,0,0,0,1,0,0,0.23212733297199195,True
jessie james decker makes a splash in green bikini as she dotes on daughter vivianne at miami,17,0,0,0,1,0,0,0.01708098391857396,True
eric schneiderman helped nxivm sell child sex slaves to the clintons,11,30,0,0,1,1,0,0.3062028900614311,False
nicole kidman and keith urban s relationship is at breaking point,11,5,0,0,1,1,1,0.9465734393979598,True
joshua jackson secretly dating january jones,6,9,0,0,1,1,1,0.6432662975628665,True
katy perry responds to critics of her new image i didn t con people this is me now,18,96,0,0,1,0,1,0.5783557545125749,False
actor tom cruise proposes to girlfriend katie holmes at eiffel tower,11,0,0,0,1,1,1,0.9255047861063661,True
watch carrie underwood open super bowl 52 with her new video for the champion,14,84,0,0,1,0,0,0.12330269331438966,True
kendra wilkinson takes a snow day with son amid split speculation,11,80,0,0,1,0,0,0.13775879887396636,True
cbs chiefs hawaii five 0 actors were offered a lot of money to stick around,15,21,0,0,1,0,0,0.13218991883026573,True
caitlyn jenner to marry transgender student 47 years her junior as it s revealed she hasn t met khloe and kim s babies,23,4,0,0,1,1,1,0.7166063831796667,True
i miss you so much cheryl burke breaks social media hiatus to mourn death of her father,17,100,0,0,1,0,0,0.15213669834887977,True
you may want to marry my husband,7,44,0,0,1,0,1,0.5135987151281155,False
mariah not dating both nick cannon and bryan tanaka,9,129,0,0,1,1,1,0.6799723089251568,True
paris hilton s epic romantic history all the hookups breakups drama you forgot about gossip,15,1,0,0,1,0,0,0.32365633942963434,True
serena williams and fiance alexis ohanian introduce daughter alexis olympia,10,27,0,0,1,0,0,0.18005430845651482,True
brooke shields joins season 19 of law order svu variety,10,1,0,0,1,0,0,0.12386835785087745,True
14 hidden messages you might have missed in taylor swift s end game video,14,79,0,0,1,0,0,0.44638693242953487,True
shay mitchell gets schooled by kim kardashian s makeup artist,10,20,0,0,1,0,0,0.20630885449909472,True
here s a new way to sing along to coco s remember me,13,10,0,0,1,0,0,0.24088719499365255,True
kendall jenner pictured kissing gigi and bella hadid s brother anwar,11,2,0,0,1,1,0,0.36492237820478446,False
the bachelorette s dean unglert still isn t speaking to his father after their emotional reunion,16,1,0,0,1,0,0,0.09061872919815304,True
jennifer lopez did not get boob job despite report,9,7,0,0,1,1,1,0.9645721430015833,True
ryan seacrest to return as host of american idol reboot in 2018,12,184,0,0,1,0,0,0.4645417779715353,True
chance the rapper is engaged to longtime girlfriend kirsten corley,10,88,0,0,1,0,0,0.2593862396146942,True
why is kaia gerber suddenly the centre of the fashion universe,11,1,0,1,1,0,1,0.5549620184117057,False
ronnie ortiz magro jen harley celebrate july 4 together after arrest,11,53,0,0,1,0,0,0.21154275535238942,True
kim kardashian s tweet about kylie jenner s forbes cover proves she s far from jealous,16,1011,0,0,1,1,1,0.9099730838158847,True
dinosaurs face extinction again in jurassic world fallen kingdom trailer,10,28,0,0,1,0,0,0.17598386205831168,True
jordyn woods 7 favorite beauty products are really unexpected,9,25,0,0,1,0,0,0.03656473771608548,True
brad pitt jennifer aniston reunion movie truth behind the rumoured rom com film,13,1,0,0,1,1,1,0.9550249224237835,True
breaking trump fires deputy attorney general rod rosenstein raising questions over mueller s fate,14,0,0,0,1,1,1,0.8994482054658237,True
janet jackson introduces baby boy eissa to twitter crowd,9,154,0,0,1,0,0,0.21297525221473926,True
latavia roberson says it wasn t pretty when she was dropped from destiny s child it led me into a depression,21,10,0,0,1,0,0,0.24370668387286273,True
sofia richie is basically morphing into kourtney kardashian and she knows it exclusive,13,46,0,0,1,1,1,0.7786293562985057,True
shay mooney of dan shay marries fianc hannah billingsley,9,2,0,0,1,0,0,0.07429713417069267,True
jason aldean responds to las vegas shooting time to come together and stop the hate,15,32,1,0,1,0,0,0.484192468528505,True
omarosa celeb apprentice alum hospitalized after white house injury report,10,16,0,0,1,1,0,0.4543661705086188,False
david foster and katharine mcphee are all smiles as they pose together at oscars party,15,68,0,0,1,0,0,0.2491923018962754,True
kim kardashian shares cute video of daughter chicago,8,97,0,0,1,0,0,0.16141111609986183,True
obama for america tv ad firms,6,2303,0,0,1,0,0,0.46361242141412423,True
felicity jones marries charles guard in secret wedding at castle,10,78,0,0,1,0,0,0.277883227328205,True
ellen degeneres is determined to get beyonc to follow her on instagram is all of us,16,40,0,0,1,0,0,0.4833900494100934,True
camila mendes and victor houston party with her riverdale co stars at comic con 2018,15,0,0,0,1,0,0,0.043434160420978446,True
13 reasons why tied to rise in suicide searches online,10,1,0,0,1,0,0,0.44470579922083475,True
u s imports exports,4,1293,0,0,1,0,0,0.4398766272942729,True
rita ora performs in glasgow after hayley kiyoko calls her new single girls tone deaf,15,3,0,0,1,0,0,0.08039661489402097,True
beyonce knowles beyonce style and african women,7,16,0,0,1,1,1,0.5446131380132695,True
buffy the vampire slayer reboot writer responds to fan backlash,10,9,0,0,1,0,0,0.12402134430066365,True
animal lover robert pattinson reveals how his rescue dog became a pampered pooch overnight,14,16,0,0,1,1,1,0.7428823414021113,True
bin laden is alive and well in the bahamas says edward snowden,12,195,0,0,1,1,0,0.16927566139926611,False
george clooney speaks out on harvey weinstein it s disturbing on a whole lot of levels,16,111,0,0,1,0,0,0.3284144078122321,True
gilmore girls star matt czuchry knows the answer to the revival s biggest mystery,14,50,0,0,1,0,0,0.1367731609478042,True
taylor swift jealous of harry styles,6,715,0,0,0,1,1,0.9854711743477511,True
jason aldean and wife brittany kerr revealed the gender of their baby in the cutest way,16,104,0,0,1,0,0,0.22564357499793103,True
see the official royal baby announcement outside buckingham palace,9,56,0,0,1,1,0,0.32221262032993375,False
ryan reynolds body underneath his deadpool costume is what dreams are made of,13,19,0,0,1,0,0,0.2866459655684061,True
a star is born the easter eggs bradley cooper hid in his lady gaga remake,15,57,0,0,1,0,1,0.5903729343796277,False
dax shepard reveals the downside of being married to kristen bell,11,54,0,0,1,0,0,0.10065950775421363,True
karlie kloss is engaged to joshua kushner their hearts are full,11,0,0,0,1,0,0,0.3570589536849268,True
13 worst celebrity national anthem performances of all time from roseanne barr to rachel platten videos,16,57,0,0,1,0,0,0.19939785432088666,True
celebrities react to white nationalists rally in charlottesville va,9,1,0,0,1,1,1,0.9651812817839492,True
serena williams cries over husband alexis ohanian surprising her with billboards of their baby,14,45,0,0,1,0,0,0.19284670057106024,True
13 reasons why soundtrack artist car seat headrest slams the show,11,81,0,0,1,0,0,0.39080415738890767,True
5 things to know about amber portwood s new boyfriend,10,77,0,0,1,0,0,0.13772942640126545,True
is stranger things actor david harbour dating alison sudol,9,144,0,1,1,0,1,0.5110724166041528,False
e news exclusive la myia good panics over photoshoot with eric bellinger on the platinum life i gotta get my s t together,23,7,2,0,1,0,0,0.37521102773421244,True
la la anthony and estranged husband carmelo make out she admits they re figuring out marriage,16,92,0,0,1,0,0,0.269011743533261,True
beyonce spurs more pregnancy rumors in new flowy dress exposing major cleavage pics,13,3,0,0,1,1,1,0.5357143050527718,True
erin andrews marries jarret stoll get the wedding details,9,0,0,0,1,0,0,0.1328388601959245,True
the first author to become a billionaire was,8,49,0,1,1,0,1,0.7395319699715018,False
piers morgan why did trump hire rob porter and omarosa,10,16,0,1,1,0,1,0.8462792196935212,False
a fake harry styles scares niall horan on ellen show,10,19,0,0,1,0,1,0.5982971732122834,False
justin bieber tattoo guide all the sorry star s designs what they mean,13,53,0,0,1,0,0,0.2703455405378155,True
tracee ellis ross explains sexual harassment to the handsy man,10,16,0,0,1,0,0,0.07959753021796508,True
the truth about ben affleck lindsay shookus and jennifer garner s alleged love triangle,14,1,0,0,1,0,1,0.7782740454336637,False
hulu is reviving animaniacs and we re having awesome saturday morning flashbacks,12,53,0,0,1,0,0,0.40559227190082864,True
us report mary kate olsen pregnant,6,0,0,0,1,1,1,0.8566930625472372,True
wedding of prince charles and camilla parker bowles,8,54,0,0,1,0,0,0.29341120192118214,True
beyonce looks amazing in instagram snap defiant against online trolls,10,0,0,0,1,1,1,0.5198220191744548,True
lena waithe pays tribute to fellow trailblazers in heartfelt speech at mtv awards,13,73,0,0,1,0,0,0.05070227576805585,True
amy schumer splits with boyfriend ben hanisch after nearly two years,11,80,0,0,1,0,1,0.510833357197487,False
alec baldwin memoir nevertheless 10 biggest revelations,7,71,0,0,1,0,0,0.25689728544033313,True
malika confronts khloe on fear of becoming secondary,8,4,0,0,1,0,1,0.5581716595870876,False
mindy kaling tells oprah winfrey about spiritual connection to late mom,11,44,0,0,1,0,0,0.10119366228137455,True
one direction,2,17,0,0,1,0,0,0.22947461151189222,True
matthew lawrence reunites with boy meets world co star ben savage to celebrate engagement to cheryl burke,17,0,0,0,1,0,0,0.17627935378131573,True
selena gomez not looking to compete with justin bieber in finding a rebound romance,14,10,0,0,1,1,1,0.890698724099139,True
lea michele s hairstylist s mixes texture spray with coconut oil to fake second day hair,16,23,0,0,1,0,0,0.32065073509501396,True
hispanic populations share of wealth likely to increase by 2025,10,31,0,0,1,0,0,0.17704424152722983,True
3 signs that justin bieber selena gomez were never meant to last that no one noticed,16,965,0,0,1,0,1,0.9064835799416623,False
titanic real life replica china tourist attraction leo,8,35,0,0,1,0,0,0.2604153375901305,True
kendra wilkinson baskett confirms split from husband hank we have chosen to go our own ways,16,16,0,0,1,0,0,0.09027064711881712,True
selena gomez and justin bieber can t keep their hands to themselves during jamaican getaway,15,9,0,0,1,1,1,0.766236166088879,True
trump s tough talk on hedge fund taxes doesn t match his plan,13,76,0,0,1,0,1,0.7189794290735949,False
blake shelton shares more proof that kelly clarkson could be gwen stefani s biggest fan,15,27,0,0,1,1,1,0.5417952071587139,True
here is the complete list of bet awards 2017 winners,10,585,0,0,1,0,1,0.5721353200181819,False
bethenny frankel says she once went on a date with meghan markle s ex husband,15,0,0,0,1,0,0,0.17325310065215255,True
girl fight nasim tells megan she s full of s t and accuses her of cheating on kyle on the arrangement on the arrangement,24,37,1,0,1,0,0,0.07942373793222741,True
julianna margulies reveals why she nixed good fight season 1 guest stint,12,15,0,0,1,0,0,0.0528419765631593,True
angelina jolie furious she can t take her children out of the us,13,1,0,0,1,1,1,0.9253259867937073,True
virginia republican wants schools to check children s genitals before using bathroom,12,93,0,0,1,1,1,0.6419775156090642,True
justin bieber explains why he s not in a relationship i got my heart broken,15,72,0,0,1,1,1,0.6673043599056621,True
westworld season 2 trailer secrets things you missed,8,11,0,0,1,0,0,0.05620134444558057,True
mirka federer,2,1,0,0,1,0,0,0.30578093022588865,True
cardi b becomes first female rapper with two billboard number ones,11,9,0,0,1,0,0,0.1796217029244335,True
baywatch review dwayne the rock johnson and zac efron bring muscles and fun to the beach,16,20,0,0,1,1,0,0.08410186892139251,False
robert pattinson and fka twigs definitely still together after singer spotted with male model source,15,19,0,0,1,0,1,0.7279601591906814,False
jen s rage aniston in revenge mode against emma after she s caught with justin,15,979,0,0,1,1,1,0.9045671141539863,True
ben affleck and lindsay shookus the way they were,9,84,0,0,1,0,1,0.6386647583312427,False
ellen degeneres and wife portia s 400 million divorce,9,14,0,0,1,1,1,0.7783842434514352,True
justin bieber drives up to selena gomez s house amidst rumors,11,41,0,0,1,1,1,0.9472798081371039,True
bella thorne spills the tea on what really went down with tyler posey charlie puth,15,57,0,0,1,0,0,0.15355018558712238,True
blake shelton gwen stefani why she s having mixed emotions about his 41st birthday,14,66,0,0,1,1,1,0.9224772958745374,True
naomi watts calls former boyfriend heath ledger a darling heart on late actor s 39th birthday,16,47,0,0,1,0,0,0.19004524062066788,True
teen mom 2 jenelle evans says she will never reconcile with her mom barbara,14,1,0,0,1,0,0,0.047627191901676705,True
why mariska hargitay considers law order svu her calling,9,70,0,0,1,0,0,0.15642274939834566,True
tom petty s final interview just days before his death working keeps me young,14,39,0,0,1,0,0,0.2729547797720127,True
exclusive c line dion on the met gala and her 10 000 pairs of shoes,15,27,0,0,1,0,0,0.13321560791656123,True
who are the 13 reasons why cast dating,8,18,0,1,1,0,1,0.5591478397452845,False
lily collins reveals the secret behind her flawless skin,9,66,0,0,1,0,0,0.21299693351769625,True
second wives club canceled after one season,7,37,0,0,1,0,0,0.05418248031509951,True
russell tovey splits from rugby player fiance steve brockman just months after engagement,13,75,0,0,1,0,0,0.2796810693377612,True
american idol renewed katy perry co all set to return,10,237,0,0,1,0,0,0.4557599878350254,True
halle berry reveals her biggest worry as a parent,9,56,0,0,1,0,0,0.34486627410470216,True
selena gomez feeling empowered,4,133,0,0,1,1,1,0.607362702977858,True
kim kardashian shades lindsay lohan for foreign accent,8,42,0,0,1,0,1,0.8118040421321764,False
nia jax on promoting a positive body image in her return to total divas,14,55,0,0,1,0,0,0.08856952535088888,True
ben affleck can t stop smiling with new girlfriend lindsay shookus,11,1,0,0,1,0,1,0.7925398010616374,False
taylor swift wants to set down roots with joe alwyn in england,12,2,0,0,1,1,1,0.7591237015066908,True
crock pot responds to shocking this is us twist innocent until proven guilty,13,2,0,0,1,0,0,0.2230657356682914,True
page 2111 us weekly,4,1,0,0,1,1,1,0.7827857624549224,True
chris brown hurt over rihanna pregnancy rumors that should be my baby,12,60,0,0,1,1,1,0.9153146206435054,True
what is the net worth of the vanderpump rules cast,10,87,0,1,1,0,0,0.22340644109715485,True
outlander renewed for seasons 5 and 6 at starz,9,288,0,0,1,0,0,0.10414212451301894,True
alex rodriguez,2,88,0,0,1,0,1,0.5993692987669441,False
under 100 dresses inspired by rihanna s summer wardrobe,9,89,0,0,1,0,0,0.2319464193605742,True
watch keeping up with the kardashians superfan millie bobby brown do spot on bible okurrr impressions on kardashians,18,0,0,0,1,0,0,0.30083693452591354,True
everything new coming to netflix in november 2018,8,16,0,0,1,0,0,0.03408119019473919,True
drew barrymore and timothy olyphant enjoy a spot of downtime while filming santa clarita diet,15,2,0,0,1,1,0,0.3631043874182422,False
what happens at the abbey season 1 finale recap marissa and kyle split brandi and lawrence pause,17,0,0,0,1,0,0,0.02566918341932319,True
tinsley mortimer,2,53,0,0,1,0,0,0.3111774118623015,True
new details revealed in luann de lesseps relapse she spiraled out of control,13,63,0,0,1,0,0,0.14205353085693437,True
princess victoria allegedly groped by french photographer at swedish academy event,11,20,0,0,1,0,0,0.2369655691203006,True
chris hemsworth hugging a koala is all we need on a monday,12,20,0,0,1,0,1,0.6104339342257579,False
the cutest couples at the 2017 cma awards,8,1,0,0,1,0,0,0.09516811430230246,True
terrell owens joins dancing with the stars season 25 variety,10,69,0,0,1,0,0,0.0792481340171516,True
milla jovovich goes from hunting monsters to slaying cannes and more best dressed,13,26,0,0,1,0,0,0.08482843690517443,True
queer eye 2018 tv series,5,14,0,0,1,0,0,0.039521851875503645,True
goodbye dr find out which grey s anatomy character says i quit in fiery season 13 finale,17,54,1,0,1,0,0,0.03183491859807428,True
timeless star matt lanter and his wife are having a baby girl,12,1,1,0,1,0,1,0.522635737036395,False
michael jackson bodyguard biopic 13 huge shocks secret girlfriends and escape plans,12,2,0,0,1,0,1,0.6151898181300779,False
daily latest categorised real time breaking world news updates,9,0,0,0,1,0,1,0.5813664993273647,False
jamie foxx sings bitch better have my money as an opera song watch,13,42,0,0,1,0,0,0.2615421266542677,True
trixie mattel won rupaul s drag race all stars 3 no one saw it coming,15,8,0,0,1,0,0,0.07938418535866035,True
inside carly waddell and evan bass baby shower,8,63,0,0,1,0,0,0.2548295820984476,True
katie holmes reignites friendship with james van der beek to make jamie jealous,13,8,1,0,1,1,1,0.8196989602447655,True
shania twain s 20 best songs ranked,7,1,0,0,1,0,0,0.17730415592128246,True
mike myers on austin powers co star verne troyer i miss him variety,13,46,0,0,1,0,0,0.17093227697287106,True
brad pitt and jennifer aniston s second wedding joy,9,13,0,0,1,1,1,0.9624098301132242,True
bachelorette contestant michael nance dead at 31,7,80,0,0,1,0,0,0.14173385146129264,True
harvey weinstein more concerned about his family than himself ahead of arrest source,13,10,0,0,1,1,0,0.34332624032010695,False
jay z leaves nightclub staff 11 100 tip but people aren t happy,13,0,0,0,1,1,0,0.4174664017773171,False
this is not a drill anastasia is technically now a disney princess,12,51,0,0,1,0,0,0.052747151447458576,True
christian bale avoiding sun to prepare for dracula movie,9,3,0,1,1,1,1,0.5453250503660777,True
melania and ivanka trump bring the glamour with dramatic state dinner looks,12,73,0,0,1,0,0,0.3833747347291341,True
wags miami star astrid bavaresco talks dating in season 2 what she s looking for in a man and more,20,16,1,0,1,0,0,0.1492235569177312,True
maksim chmerkovskiy peta murgatroyd baby are all okay after intruder tried to break into their l a home,18,114,0,0,1,0,1,0.552396645894171,False
the office where are they now,6,26,0,1,1,0,0,0.2540448794242847,True
grammy winners 2018 the complete list,6,105,0,0,1,0,0,0.4427584928200367,True
in photos gina rodriguez and fifth harmony attend the star premiere in la,13,13,0,0,1,0,0,0.14064604348641202,True
diddy fergie meghan trainor play never have i ever on ellen,11,17,0,0,1,0,1,0.5532164266731987,False
selena gomez wears nothing but spanx in bad liar video,10,41,0,0,1,0,0,0.2797966844684095,True
kourtney kardashian s go to moisturizer is sold every 15 seconds,11,67,0,0,1,0,1,0.5231442762443355,False
tony awards 2018 complete winners list,6,180,0,0,1,0,0,0.2984298518050912,True
nicole richie pleading with sofia to end scott disick romance before his kids get too attached,16,12,0,0,1,1,1,0.5821539693023216,True
i think about this a lot sex and the city edition,11,0,0,0,1,0,0,0.21456198145769642,True
justin theroux and aubrey plaza intriguing new couple alert wireler,10,31,0,1,1,1,1,0.8266545591397173,True
meet ciara and russell wilson s adorable addition to their family,11,93,0,0,1,0,0,0.13779480161203872,True
the flash season 4,4,25,0,0,1,0,0,0.039907740737993726,True
maggie gyllenhaal leah remini scientology feud made up by outlet,10,4,0,0,1,1,1,0.5177885059920411,True
this fan theory about drake s son s name will blow your mind,13,103,0,0,1,0,0,0.40233957739640924,True
jet li is completely fine amid hyperthyroidism battle manager says,10,8,0,0,1,0,0,0.4847664890399626,True
riverdale s cami mendes is dating victor houston,8,0,0,0,1,0,0,0.23254980870559078,True
janet jackson separates from husband plans to resume tour,9,55,0,0,1,0,0,0.27875608554902553,True
nicki minaj delays new album queen,6,63,0,0,1,0,0,0.48671832503298595,True
jennifer lopez and alex rodriguez celebrate christmas in miami with their families,12,25,0,0,1,1,1,0.5857508381287632,True
gloria estefan s sister makes her a quilt from their late mother s pyjamas,14,12,0,0,1,0,0,0.12690352403502628,True
jax taylor breaks down his socialite douchebag persona,8,47,0,0,1,0,0,0.11776416301633873,True
did selena gomez just make flip flops chic,8,56,0,1,1,0,1,0.7742197289764698,False
meghan markle won t have a maid of honor at royal wedding,12,43,0,0,1,0,1,0.5166809226744066,False
dan conner,2,54,0,0,1,0,0,0.23670507979406014,True
2018 acm awards jason aldean wins entertainer of the year,10,79,0,0,1,0,0,0.12056205975457655,True
first look meet johnny depp s character in new murder on the orient express trailer,15,59,0,0,1,0,0,0.19690239816888297,True
here s how much meghan markle s wedding dress costs according to stylists,13,50,0,0,1,0,0,0.2404745191515043,True
usda approves slaughterhouses producing horse meat for human consumption,9,265,0,0,1,1,0,0.29576468143301693,False
the arrangement recap terence forces kyle down a dark path,10,44,0,0,1,0,0,0.04233496205842023,True
kim kardashian wants you to know that wasn t cocaine you saw on her snapchat,15,86,0,0,1,1,1,0.5522498602440981,True
brad pitt angelina jolie reportedly agree to spend christmas together with the kids,13,7,0,0,1,1,1,0.9477656615964613,True
why kourtney kardashian is now her realest ever at age 39,11,56,0,0,1,0,0,0.21853776261811217,True
brad pitt gives george amal clooney african doll advice during 1st meeting with twins,14,5,0,0,1,1,1,0.8703323568640653,True
john cena promises nikki bella he will make her a mom,11,53,0,0,1,0,0,0.06588868244609675,True
who is navi michael jackson impersonator to play king of pop in lifetime biopic,14,61,0,1,1,0,1,0.6371541294379501,False
nick jonas and priyanka chopra are twinning while taking london by storm,12,57,0,0,1,0,0,0.27045715621676875,True
logan paul speaks out about suicide video i m a good guy who made a bad decision,17,17,0,0,1,0,0,0.08407319138674582,True
grey s anatomy star gets engaged to longtime boyfriend,9,64,0,0,1,0,0,0.12621632317043532,True
mel gibson hollywood pedophiles have nowhere left to hide,9,95,0,0,1,1,1,0.6428457074632443,True
cmt music awards announce 2018 nominations and little big town as host variety,13,16,0,0,1,0,0,0.03210785766795145,True
chrissy teigen gives birth to baby no 2 somebody s herrrrrrre,11,83,1,0,1,0,0,0.12245296497067028,True
kim kardashian kendall jenner can t date jordan clarkson he s not famous enough,14,47,0,0,1,1,1,0.528638775139943,True
victoria beckham in talks to star in her own reality tv show behind the scenes of fashion empire,18,6,0,0,1,1,0,0.2679662898387187,False
brad pitt vs the rumor mill why he s the target of even more wild stories than usual,18,6,0,0,1,1,1,0.9469983599095839,True
prince william may have just revealed the gender of his and kate middleton s third child,16,3,0,0,1,0,1,0.6139540407655869,False
taylor swift who bff karlie kloss hangs out with katy perry in l a,14,51,0,1,1,1,1,0.785784053525829,True
diana shared details of her love for charles with friends,10,8,0,0,1,0,1,0.553293614526099,False
beyonc travels to houston to show support for victims of hurricane harvey,12,23,0,0,1,0,0,0.4163326317081943,True
olivia culpo s wide leg denim is making us rethink skinny jeans,12,66,0,0,1,0,0,0.0854002182404731,True
will grace is back and so is the debate over its place in lgbtq history,15,59,0,0,1,0,0,0.08195472961789793,True
dwts alum cheryl burke just discovered she has a sister she never knew existed,14,67,0,0,1,0,0,0.3121430200069608,True
jeff leatham gets his own proposal from fianc colton haynes 2 months after he popped the question,17,107,0,0,1,0,0,0.11182597915181242,True
brad pitt s near breakdown,5,637,0,0,1,1,1,0.9775538952620036,True
grammys 2018 chrissy teigen john legend talk about missing toilet,10,13,0,0,1,0,0,0.1797713736022416,True
10 of fish across sushi restaurants not as labelled,9,8,0,0,1,1,0,0.18649744851082292,False
chris pratt anna faris separation 5 fast facts you need to know,12,9,0,0,1,1,0,0.4606320066513486,False
inside the chaos of brad pitt and angelina jolie s parenting of their six children with knives tempers and no school,21,6,0,0,1,1,1,0.9113923099022575,True
ncis star pauley perrette rejoices over end to lies about her show exit,13,0,0,0,1,0,0,0.15524112104288706,True
ariana grande closes one love manchester with emotional rendition of somewhere over the rainbow,14,88,0,0,1,0,0,0.154366952590933,True
what does kardashian mean,4,50,0,1,1,0,1,0.6208765173483786,False
alignment test,2,39,0,0,1,0,0,0.2984099840672925,True
surprise katharine mcphee and david foster are engaged,8,8,1,0,1,1,0,0.3937684815223023,False
national eating disorders association,4,26,0,0,1,0,0,0.4027027936124801,True
joe jackson laid to rest in the same cemetery as son michael following private funeral,15,85,0,0,1,0,0,0.34896601382569037,True
the royals queen helena is giving herself the hottest birthday gift of them all sebastian,15,41,1,0,1,0,0,0.18092411561814944,True
jennifer aniston and angelina jolie secret dinner in touch trendy fame,11,7,0,0,1,1,1,0.9218909228584914,True
angelina jolie is single not dating real estate agent,9,9,0,0,1,1,1,0.7055453675119258,True
warren buffett says the super rich pay lower tax rates than others,12,88,0,0,1,0,0,0.21737273409642316,True
miley cyrus asks her dad to be the voice advisor,10,7,0,0,1,1,0,0.45823277806473256,False
robert pattinson in new relationship report,6,11,0,0,1,1,1,0.9813056647037298,True
why did meghan markle leave the uk in secret last week before wedding to prince harry,16,19,0,1,1,1,1,0.7503219464823048,True
hailey baldwin reveals how her dad stephen reacted to her sexy maxim cover watch,14,2,1,0,1,0,0,0.162798724073259,True
twitter discovered a regina george lookalike and the resemblance is so fetch,12,66,0,0,1,0,1,0.5453590249870978,False
that 70s show tv series 1998 2006,7,1130,0,0,1,1,0,0.15001004998924605,False
rihanna feels sexy and more confident with new curves,9,32,0,0,1,1,1,0.7040330125327657,True
ariel winter s friends she s about to elope with levi meaden,12,2,0,0,0,1,1,0.8667058496450325,True
kuwtk kim kardashian west goes blonde for kanye west on anniversary,11,2,0,0,1,1,1,0.6315900190084381,True
sarah hyland dating wells adams from the bachelorette,8,0,0,1,1,0,0,0.3829727054124406,True
how twin peaks got lost and found its way back,10,48,0,0,1,0,0,0.1822697732087733,True
kendra wilkinson to her mom you sell my tears to the tabloids,12,67,1,0,1,0,0,0.14026817972331898,True
second wives club star shawna craig talks marriage to lorenzo lamas being a surrogate to his daughter shayne,18,56,0,0,1,0,0,0.25810894114525595,True
kristen stewart i ve been deeply in love with everyone i ve dated,13,7,0,0,1,1,1,0.7691512744448282,True
magical harry potter river cruise will set sail this summer,10,55,0,0,1,0,0,0.29256484866548466,True
mariah carey reportedly proposed to bf bryan tanaka with super romantic song wedding plans revealed,15,12,0,0,1,1,1,0.8895419114240236,True
beauty bloggers are now using the contouring make up trick for perfect legs,13,24,0,0,1,0,0,0.09592891178239747,True
ellen degeneres tries to help pregnant eva longoria pick out unique baby names,13,60,0,0,1,0,1,0.5360205240632839,False
carrie fisher,2,1,0,0,1,0,0,0.35405599939941074,True
could this be the wedding dress cardi b wears down the aisle,12,80,0,1,1,0,0,0.18420917201965453,True
broad city to end with season 5 as ilana glazer and abbi jacobson ink viacom pact,16,28,0,0,1,0,0,0.06652203097971704,True
watch kendall jenner s first ever adidas ad,8,83,0,0,1,0,0,0.37148079333915934,True
jennifer hudson diva on the voice uk set report,9,6,0,0,0,1,1,0.9820096004646357,True
tristan thompson cavaliers still the team to beat in east without lebron james,13,0,0,0,1,0,0,0.3714007747023537,True
will selena gomez be an american ldol judge producers giving her an offer says source,15,702,0,1,1,1,1,0.8741858046405723,True
lucy hale apologizes for calling herself fat after body shaming accusations,11,82,0,0,1,0,0,0.16565812280682682,True
the bizarre reason why blake lively just deleted all of her instagram photos,13,53,0,0,1,0,0,0.2726293074833404,True
the flash season 5,4,93,0,0,1,0,0,0.04119475849997319,True
nick cannon s turban doesn t seem to be going anywhere,11,6,0,0,1,1,0,0.4052084219423308,False
nick jonas swoons over priyanka chopra s smile as romance rumors heat up,13,80,0,0,1,0,0,0.22229731035030048,True
happy renewed for season 2 by syfy,7,18,1,0,1,0,0,0.050195663363594004,True
prince harry and prince william sibling rivalry between the royal brothers revealed,12,56,0,0,1,0,0,0.42005873581997244,True
jourdan dunn rocks white swimsuit for solid and striped,9,81,0,0,1,0,1,0.5788286433815115,False
this picture of justin theroux cuddling up to close friend naomi watts upset wife jennifer aniston,16,6,0,0,1,1,1,0.8629106473709269,True
2007 federal tax rate schedules,5,23,0,0,1,0,0,0.24214692070007024,True
rihanna at crop over festival why she decided to leave love hassan behind,13,5,0,0,1,1,1,0.5288853042793576,True
harry styles felt naked when he cut his hair for dunkirk,11,61,0,0,1,0,0,0.262162051606693,True
scott disick admits he doesn t have any father s day plans while partying in vegas,16,79,0,0,1,0,1,0.51660790271195,False
hailey baldwin just set the denim skirt standard for spring,10,29,0,0,1,0,0,0.17512517492333834,True
this is us boss on emmy noms and snubs season 3 s new chapters the series finale,17,54,0,0,1,0,0,0.05147720108624834,True
love her outfit star style to steal,7,52,0,0,1,0,0,0.06690863598216236,True
what unbreakable kimmy schmidt s season 4 cliffhanger means for the final episodes,13,35,0,0,1,0,0,0.05775093241529506,True
james gunn says baby groot is groot s son but does that matter,13,152,0,1,1,0,0,0.3237703228114721,True
johnny depp a star in crisis and the insane story of his missing millions,14,1,0,0,1,0,1,0.5644335680639401,False
gal gadot penelope cruz seth rogen kerry washington to present at golden globes,13,94,0,0,1,0,0,0.23999422879017468,True
does kanye west really wear a bulletproof vest everywhere,9,7,0,1,1,1,1,0.7635361689087936,True
new girl show is suffering when co stars zooey jake s feud on the set not having an affair then why such fight is it because of zooey s pregnancy mood swings married biography,34,4,0,2,1,1,1,0.9370925313621388,True
becca kufrin meets her suitors in a new trailer for season 14 of the bachelorette,15,43,0,0,1,0,0,0.036389137832182554,True
what s the status of golnesa gg gharachedaghi s divorce from shalom yeroushalmi,13,27,0,1,1,0,1,0.5912561507888358,False
why did ben higgins lauren bushnell break up the bachelor couple join the ranks of those who didn t make it,21,157,0,1,1,0,0,0.2742704333965375,True
kim kanye reportedly drop 1 5 million on round the clock security for surrogate,14,12,0,0,1,1,1,0.654828982475753,True
emma watson asks fans to help find meaningful rings she lost in london spa,14,23,0,0,1,0,0,0.4427402381645299,True
miley cyrus shares throwback photo of her first smooch with liam hemsworth for international kissing day,16,13,0,0,1,0,0,0.36289684771083364,True
tracee ellis ross shuts down baby questions telling people to get out of her womb,15,15,0,0,1,0,0,0.23961456575853776,True
kingsman the golden circle premiere canceled to support hurricane harvey telethon,11,16,0,0,1,0,0,0.2618214789294919,True
kanye west and kim kardashian s best looks at the met gala through the years,15,230,0,0,1,0,0,0.33319941738156056,True
kendra wilkinson and hank baskett s highs lows,8,55,0,0,1,0,0,0.14019430625042986,True
tom petty death celebs and musicians remember a rock legend,10,18,0,0,1,0,0,0.39429124259802323,True
mandy moore says her divorce had to happen but her stalled career is soul crushing,15,18,0,0,1,0,0,0.25157189124282503,True
mary kate olsen,3,29,0,0,1,0,0,0.39334721842961917,True
camila cabello is the new face of guess plus more celebs who lent their sex appeal to,17,50,0,0,1,0,0,0.08857463557175434,True
quentin tarantino breaks silence after uma thurman shares kill bill crash footage,12,92,0,0,1,0,0,0.09879641946558913,True
pretty little liars season 7,5,73,0,0,1,0,0,0.03580013905685887,True
wonder wheel film,3,956,0,0,1,1,0,0.4260879447304316,False
audrina patridge speaks out after filing restraining order,8,50,0,0,1,0,0,0.17952660770739573,True
game of thrones the 2 big nymeria moments everybody is talking about,12,56,0,0,1,0,0,0.13805585758875005,True
paris jackson goes topless to show off new tattoos pics,10,80,0,0,1,0,0,0.44656769037527505,True
seen these real world contestants lately,6,13,0,1,1,0,0,0.4852084666188868,True
solo is expected to lose disney at least 50 million and become the first star wars movie to lose money,20,60,0,0,1,0,0,0.19001662519239834,True
how to get meghan markle worthy lips in 3 easy steps,11,74,0,0,1,0,0,0.3996109038961475,True
french canadian mother finds a weird solution to save ellen degeneres and portia de rossi marriage,16,419,0,0,1,1,1,0.9153073779795828,True
rose mcgowan blasts justin timberlake opens up about her meryl streep rant,12,1,0,0,1,0,0,0.2955068180148959,True
britney spears and justin timberlake are collaborating on new music and we are crying a river report,17,4,0,0,1,1,1,0.7818438723145361,True
taylor swift announces charli xcx camila cabello will open on reputation tour,12,113,0,0,1,0,0,0.07391882033092989,True
jennifer aniston brad pitt friends not urging fairy tale ending fairy tale ending despite reports,15,6,0,0,0,1,1,0.978403503666895,True
cindy crawford s tribute to princess diana reminds us just how much of a class act she was,18,22,0,0,1,0,0,0.3779860524275253,True
attention easter bunny here s what hollywood s cutest kids deserve in their basket this year,16,6,0,0,1,0,0,0.08257939536674426,True
hollywood walk of fame,4,44,0,0,1,0,0,0.2300085957461885,True
dj khaled couldn t say jenna dewan tatum s name right at iheartradio music awards 2018,16,77,0,0,1,0,0,0.08459291340007466,True
how to look festive on new year s eve if you hate sequins,13,76,0,0,1,0,0,0.24629449632105188,True
why johnny depp s rolling stone interview shows he s a pr liability variety,14,8,0,0,1,1,0,0.39084094788185225,False
justin timberlake and jessica biel net worth,7,15,0,0,1,1,0,0.4313934380454457,False
aaron rodgers rebounds from olivia munn with soccer star,9,28,0,0,1,0,0,0.21157144692885685,True
here s why kylie jenner decided to stop sharing pictures of stormi,12,1011,0,0,1,1,1,0.8295891170920079,True
hugh hefner net worth how he built his playboy fortune,10,39,0,0,1,0,0,0.22646500671634856,True
public views on health care overhaul top week s news,10,0,0,0,1,0,0,0.15234237110267218,True
miguel angel silvestre bio gay girlfriend married wife family facts,10,46,0,0,1,0,0,0.3844680333543019,True
selena quintanilla s relatives among the victims of hurricane harvey,10,93,0,0,1,0,0,0.43462324336122166,True
gwen stefani blake shelton does not skip the engagement to elope despite the report newsbeezer,15,24,0,0,1,1,1,0.9909357269929062,True
she s baaaack find out why corinne olympios is on rachel lindsay s bachelorette premiere episode,16,43,1,0,1,0,0,0.19172862650995987,True
handmaid s tale renewed for season 3,7,8,0,0,1,0,0,0.07155872318140903,True
check out pamela anderson s slick look at 2017 cannes film festival,12,102,0,0,1,0,0,0.20475274164768537,True
luann de lesseps on divorcing tom d agostino it was a bad situation that couldn t get better,18,2,0,0,1,0,0,0.060096230976999024,True
robert de niro yells f k trump twice at tony awards receives standing ovation,14,69,0,0,1,0,1,0.5172627927617522,False
all the details kendall jenner and ben simmons spend inseparable night out,12,49,0,0,1,0,1,0.5618873978733826,False
jamie anderson snowboarder,3,1,0,0,1,0,0,0.40302497185593333,True
real housewives of beverly hills throw shade during interview with andy cohen,12,35,0,0,1,0,0,0.10328623235502798,True
meghan markle takes mom doria to london inside their secret mother daughter trip across the pond,16,39,0,0,1,0,0,0.34942621296144727,True
danai gurira wins action star of the year at people s choice awards for okoye in black panther,18,0,0,0,1,0,0,0.043301442181059344,True
michelle williams on reshooting all the money in the world with christopher plummer,13,40,0,0,1,0,0,0.23431809437169834,True
lecy goranson,2,30,0,0,1,0,0,0.30878405906860074,True
jamie foxx to head star studded telethon for hurricane harvey relief,11,34,0,0,1,0,0,0.3780782201366834,True
t i pays tribute to ex tiny on her birthday with message of love,14,1,0,0,1,0,0,0.08186969785575322,True
john cena and nikki bella disagreed over beloved dog winston who she called her baby,15,7,0,0,1,0,0,0.1245029198582057,True
kim banned troubled kanye from fashion week,7,11,0,0,1,1,1,0.6542449096993292,True
this kardashian sister supported adrienne bailon after her breakup with rob,11,0,0,0,1,0,0,0.4888078361302551,True
can the the voice winner chloe kohanski be the show s first real superstar,14,46,0,1,1,0,0,0.46008801738115784,True
the bachelorette rachel deserves better than these clowns,8,28,0,0,1,0,0,0.07350674281050329,True
police recover elizabeth smart and arrest her abductors,8,63,0,0,1,0,0,0.4316538803630538,True
kristin cavallari grieves brother mikey on 3 year anniversary of his death,12,71,0,0,1,0,0,0.11840386720159644,True
ben affleck and jennifer garner net worth,7,6,0,0,1,1,1,0.8325641440062425,True
selena gomez and justin bieber couldn t take their hands off each other at jamaican wedding,16,54,0,0,1,0,1,0.8067144075557237,False
zach gilford and kiele sanchez welcome first child,8,49,0,0,1,0,0,0.22923111062892876,True
malicious miranda inside lambert s ruthless revenge against blake shelton,10,22,1,0,1,1,1,0.8442154635682143,True
all things law and order law order svu the newsroom recap review,12,29,0,0,1,0,0,0.09229165075177735,True
dove cameron responds to thomas doherty breakup rumors we are madly in love,13,24,0,0,1,0,0,0.3583315544200539,True
2018 sag award nominations see full list of nominees variety,10,66,0,0,1,1,0,0.18353212849719125,False
houston texans star j j watt goes goo goo for lifetime crush jennifer aniston,14,5,0,0,1,1,1,0.646490127625234,True
meghan markle and harry show their love in completely different ways to william and kate,15,3,0,0,1,1,1,0.5156061741046034,True
megan fox stuns fashion fest aw17 show in mexico,9,92,0,0,1,0,0,0.10760115446624055,True
the view co host meghan mccain got engaged after dad s cancer scan to celebrate life,16,18,0,0,1,0,0,0.11587401093338952,True
kathy griffin no longer sorry about trump photo shoot rolling stone,11,65,0,0,1,0,0,0.24066041988905598,True
13 last minute mother s day gifts you can get from amazon,12,840,0,0,1,0,0,0.15976896781172004,True
kanye west mysteriously deletes twitter and instagram accounts,8,160,0,0,1,0,1,0.7000963718965999,False
breaking putin interference could give courts legal right to make hillary president,12,9,0,0,1,1,1,0.8425477995117288,True
a rod has this to say about those jennifer lopez engagement rumors,12,2,0,0,1,1,1,0.8334827060369079,True
justin bieber would love to have a big family with hailey baldwin why he ll be an amazing dad,19,8,0,0,1,1,1,0.590000144447516,True
cuteness overload coco takes baby chanel to disneyland for the first time,12,94,1,0,1,0,0,0.13785995004775214,True
joshua jackson gushes over ex girlfriend diane kruger s best actress win at cannes,14,2,0,0,1,0,0,0.2009666552592384,True
for 11 minutes trump s twitter account disappeared here s what happened,12,64,0,0,1,0,1,0.8209017816450928,False
met gala drama the 7 most jaw dropping moments to ever happen at fashion s biggest night,17,46,0,0,1,0,0,0.033657116928715904,True
female first forum,3,969,0,0,1,1,1,0.8255569415320573,True
lady gaga fuels engagement buzz at the grammys with her huge pink diamond ring,14,3,0,0,1,1,1,0.5581181732306558,True
heidi klum tom kaulitz make their red carpet couple debut at cannes amfar gala,14,32,0,0,1,0,0,0.1918642381753773,True
bob harper post heart attack workout routine and diet,9,67,0,0,1,0,0,0.15004084877772103,True
lori loughlin s family isn t interested in starring on a reality tv show,14,23,0,0,1,0,0,0.19564441799670176,True
jenna dewan tatum talks about channing tatum seducing her,9,54,0,0,1,0,0,0.4876319584729007,True
money moves how the cardi b empire got built,9,123,0,0,1,0,0,0.18435140554760454,True
kim kardashian west in talks with jared kushner to pardon an imprisoned grandmother,13,66,0,0,1,0,0,0.45590247205960593,True
shawn mendes new album is officially here vote for your favorite song now on people s choice awards,18,0,1,0,1,0,0,0.10726697478899963,True
courteney cox,2,1003,0,0,1,1,1,0.646648433386343,True
papa rob kardashian spends his st patty s day birthday with baby dream and blac chyna says this,18,107,0,0,1,0,0,0.20076160861197892,True
leslie grace talks about working with friend becky g on d ganle plus casper smart s cameo,17,19,0,0,1,0,0,0.14842674358005925,True
the best beauty launches of 2017,6,46,0,0,1,0,0,0.07277769452335742,True
a subject of obsession making casting jonbenet,7,45,0,0,1,0,0,0.41325990827284753,True
the real housewives of new jersey tease the best fight in housewives history,13,2,0,0,1,0,0,0.09594027224050833,True
queen and prince philip when will the queen take the train to sandringham at christmas,15,57,0,1,1,0,0,0.4289196785176086,True
true crime documentaries here s the ones you need to watch,11,52,0,0,1,0,0,0.08159672620758016,True
john stamos is going to be a great dad lori loughlin,11,71,0,0,1,0,0,0.37940477252352706,True
adam levine helps indulge pregnant wife behati prinsloo s cravings as she shows off her bump,16,89,0,0,1,0,0,0.3540735978311677,True
scarlett johansson makes first appearance with colin jost,8,65,0,0,1,0,0,0.3447695404354788,True
ariana grande arrives in england for manchester benefit concert,9,1,0,0,1,0,0,0.10928177395039768,True
viola davis husband lands role in how to get away with murder,12,16,0,0,1,0,0,0.41736467764147517,True
they trashed their wedding photographer over a 125 fee so a jury told them to pay her 1 million,19,42,0,0,1,0,0,0.4354087235229226,True
kate yes i m having two girls,7,15,0,0,1,1,1,0.6184617816455419,True
meet barack obama,3,6081,0,0,0,0,1,0.9821854755936313,False
hollywood medium tyler henry connects lil kim to her late soulmate notorious b i g the hollywood unlocked,18,20,0,0,1,0,0,0.0922781654672022,True
hills alum doug reinhardt s wife arrested on domestic violence charge reports say,13,58,0,0,1,0,0,0.21463776125398443,True
kate middleton joins royal family at easter service days before due date,12,94,0,0,1,0,0,0.3534487226832635,True
zayn malik unfollows gigi and yolanda hadid on instagram after break up,12,22,0,0,1,0,0,0.43790930930233735,True
kate hudson s trainer on how to get fit in time for your summer vacay,15,72,0,0,1,0,0,0.22838481418953194,True
george clooney and his wife amal are counting the days until the arrival of their twins,16,82,0,0,1,0,1,0.7651264946797566,False
kim kardashian takes kids to disneyland with kourtney and family,10,2,0,0,1,0,0,0.40874475468333177,True
princess diana s most iconic style moments,7,31,0,0,1,0,0,0.09616497456253977,True
corinne olympios explains bachelor in paradise incident and why she called herself a victim,14,120,0,0,1,0,0,0.05986030955689587,True
nicole kidman and reese witherspoon in bitter feud,8,19,0,0,1,1,1,0.8263764597177231,True
north west sings sweet rendition of new kanye west song in adorable video i still love you,17,50,0,0,1,0,0,0.27917689620861813,True
is kate middleton having twins prince william had this to say what is the likelihood,15,211,0,2,1,1,1,0.9702247569775574,True
prince william wore red wig to mock prince harry at palace event,12,5,0,1,1,1,0,0.45902079128646195,False
neil patrick harris david burtka and twins win easter with hilariously scary prank,13,68,0,0,1,0,0,0.20634472036874055,True
drew barrymore says that her cruel instagram trolls inspired her new haircut,12,17,0,0,1,0,0,0.1959421579212052,True
adam hicks arraignment postponed disney star ordered to have further medical evaluation,12,19,0,0,1,0,0,0.09249437759221242,True
kristen bell shares hilarious airplane mom hack alongside rare photo of daughter,12,17,0,0,1,0,0,0.042044874895663824,True
analysis of the 2008 presidential candidates tax plans,8,34,0,0,0,0,1,0.7455463608775457,False
drink it or sink it celebrities weigh in on the unicorn frappuccino,12,85,0,1,1,0,1,0.8935089226689613,False
clint eastwood leaves his estate to the trump 2020 campaign,10,44,0,0,1,1,1,0.622430196170014,True
kylie jenner named her baby stormi and revealed her last name,11,60,0,0,1,0,0,0.4630396250443403,True
matt damon uses george clooney s twins to escalate jimmy kimmel feud,12,14,0,0,1,0,0,0.47765804331676,True
derek and hannah jeter welcome daughter bella raine,8,62,0,0,1,0,0,0.11304018718221165,True
star bodies get gwen stefani s rock hard abs with 3 simple exercises,13,0,1,0,1,1,1,0.7044818887140545,True
gwen stefani and blake shelton put baby wedding plans on hold,11,47,0,0,1,1,1,0.9593431550255754,True
wags atlanta season 1 episode 2 the dating game,9,37,0,0,1,0,0,0.08032947242044056,True
khloe kardashian fears lamar odom tell all book could divulge major family secrets,13,0,0,0,1,1,1,0.6846880991741277,True
rashida jones denies that she left toy story 4 over unwanted advance from john lasseter,15,66,0,0,1,0,0,0.38499467059973086,True
mauricio umansky net worth,4,0,0,0,1,0,0,0.3700689431139171,True
ryan murphy on katrina feud and american horror story season 8,11,49,0,0,1,0,0,0.12833270797170115,True
harry potter platform 9 3 4 pillow cover,8,21,0,0,1,0,0,0.2987555747291008,True
kim kardashian west s makeup evolution you have to see it to believe it,14,74,0,0,1,0,0,0.32324685177964957,True
saturday savings jennifer lopez s cropped sweater is only 28,10,147,1,0,1,0,0,0.3675161909627166,True
angelina jolie terrified brad pitt will start dating again she s very jealous,13,42,0,0,1,1,1,0.9888739524953059,True
the amazing race finale recap did your favorite team win season 30,12,2,0,1,1,0,0,0.14102855130346809,True
larry nassar,2,41,0,0,1,0,0,0.1099967255508764,True
armie hammer on his first golden globe nomination i feel like i already won,14,51,0,0,1,0,0,0.08946195204890676,True
5 wrong rumors about brad pitt angelina jolie divorce,9,8,0,0,0,1,1,0.99277770252184,True
wendy williams shares health update after canceling shows,8,21,0,0,1,0,0,0.1666593227316818,True
miley cyrus gets hilariously pranked again by liam hemsworth,9,21,1,0,1,1,1,0.7061503220410628,True
janet jackson returns to tv watch billboard music awards performance,10,19,0,0,1,0,0,0.03947594773797405,True
american music awards 2017 selena gomez demi lovato more hit the red carpet,13,29,0,0,1,0,0,0.2193748918815922,True
flake religious tests should have no place in the senate,10,0,0,0,1,0,0,0.14892430254588113,True
neon nettle,2,6575,0,0,1,1,1,0.9151610415409858,True
inside the final days of robin williams,7,57,0,0,1,0,0,0.38894405716075514,True
eminem 39 s evolution the music the controversies and the comebacks,11,40,0,0,1,0,0,0.07025801831988952,True
this week transcript rep paul ryan,6,0,0,0,1,0,0,0.08587489127217364,True
fact checking feud how bette davis got revenge on joan crawford for that stolen oscar,15,50,0,0,1,0,0,0.4015499386810494,True
lethal weapon fox boss says real challenges forced cast shake up,11,0,0,0,1,0,0,0.07120337575879457,True
the 100 s lindsey morgan breaks down raven and clarke s reunion,12,63,0,0,1,0,0,0.0954168650164621,True
dream kardashian celebrates 1st birthday with mermaid themed bash from mom blac chyna pics,14,0,1,0,1,0,0,0.18106369716563941,True
aaron carter makes one young fan s day by performing with her onstage,13,97,0,0,1,0,0,0.03584940587497782,True
kerry washington on how her scandal character olivia pope has changed her,12,15,0,0,1,0,0,0.2896075774342715,True
jared padalecki does a birthday keg stand after his supernatural co star jensen ackles surprises him watch,17,55,1,0,1,0,0,0.10008080373969476,True
the best celebrity short haircuts of all time,8,74,0,0,1,0,0,0.08610091646256474,True
janet jackson s family is still mad at justin timberlake,10,85,0,0,1,1,0,0.31925600957498873,False
larry nassar sentencing i just signed your death warrant,9,0,0,0,1,0,0,0.18453703008535755,True
olivia culpo s makeup routine is inspired by gisele b ndchen,11,54,0,0,1,0,0,0.04191968859551023,True
justin timberlake chris stapleton release say something song video,9,41,0,0,1,0,0,0.28995910040808165,True
brad pitt calls himself a miserable bastard and loner in british gq,12,63,0,0,1,1,1,0.9502430760175723,True
brad pitt devastated in shock over chris cornell brad grey deaths,11,71,0,0,1,0,1,0.8247824361843866,False
premios juventud 2017 red carpet photos iggy azalea maluma and more at univision s award show,16,101,0,0,1,0,0,0.06307282839112312,True
angelina jolie s vanity fair cover story,7,0,0,0,1,0,1,0.747835899674772,False
5 reasons why tarek el moussa will overcome his latest back injury,12,63,0,0,1,1,0,0.2860200155381301,False
statement by the president,4,1046,0,0,1,0,1,0.6833939431924433,False
an emotional fergie opens up about josh duhamel i wanted to stay married forever,14,59,0,0,1,0,0,0.29553038297714357,True
beyonc jay z take blue ivy sailing in cannes,9,0,0,0,1,0,0,0.23550801615244513,True
the warriors will,3,15,0,0,1,0,0,0.3019013868816819,True
royal announcement queen elizabeth declares prince william and kate middleton as the future king and queen consort,17,12,0,0,1,1,0,0.42847252713226475,False
inside kim kardashian s strict diet and exercise plan,9,0,0,0,1,0,1,0.6594171221600755,False
justin theroux not intimidated by jennifer aniston s success we re not in competition,14,45,0,0,1,0,1,0.8945274540454938,False
gwen stefani pregnancy rumors don t bother blake shelton says source,11,5,0,0,1,1,1,0.9703579335269652,True
billboard music award,3,34,0,0,1,0,0,0.07399813476329271,True
trivia game blunder suggests prince harry and kate middleton had a baby together what would william say,17,11,0,1,1,1,1,0.7805114608547479,True
relive christopher big black boykin s best moments on rob big,11,44,0,0,1,0,0,0.08605486782731052,True
transcripts,1,38,0,0,1,0,0,0.31501736086192483,True
adam west dies tv s batman was 88,8,130,0,0,1,0,0,0.3248737196702824,True
watch alex rodriguez react to jennifer lopez relationship rumors are they getting engaged soon,14,49,0,1,1,0,1,0.9690881298407519,False
bachelor stars nick viall and vanessa grimaldi speak out after split,11,47,0,0,1,0,0,0.3094733848113987,True
tiffany haddish explains what happens when you get too close to jay z for beyonc s comfort,17,0,0,0,1,0,0,0.12154246474930228,True
chrissy teigen opens up for the first time about her postpartum depression,12,134,0,0,1,1,0,0.03569244598913384,False
charlize theron shows everyone how to slap the giraffe during tonight show dance battle,14,52,0,0,1,0,0,0.4113008442857516,True
justin bieber desperate to show selena gomez s mom he s changed how he plans to prove it,18,18,0,0,1,1,1,0.900343762458198,True
james cameron and natgeo set sail on titanic 20th anniversary documentary,11,32,0,0,1,0,0,0.14187711622277038,True
brad pitt angelina jolie gave 8 mil to charity,9,11,0,0,1,1,1,0.8368851055720498,True
eric johnson net worth,4,16,0,0,1,0,0,0.4600091409498425,True
amy schumer s dad visits her before her big broadway debut the important reviews are in,16,70,1,0,1,0,0,0.26781795382523665,True
1 2 3 sof a reyes song,7,45,0,0,1,0,0,0.1589532980863478,True
are nicole kidman and keith urban headed for divorce,9,27,0,1,1,1,1,0.9658087458827205,True
dove cameron s boyfriend thomas doherty wears jacket bearing her face parker xl,13,132,0,0,1,0,0,0.06627435410117204,True
christina el moussa claps back at tarek el moussa for joking about their explosive fight a year ago,18,51,0,0,1,0,0,0.26927441708135946,True
paulina porizkova sailor brinkley cook pose nude for new sports illustrated swimsuit franchise,13,68,0,0,1,0,0,0.25940309522584604,True
sza s debut album ctrl has gone platinum,8,61,0,0,1,0,0,0.19172754458974617,True
kim kardashian receives baby gift from the chicago bulls,9,0,0,0,1,0,1,0.6977004793104318,False
andy cohen knows exactly how to push vicki gunvalson s buttons when it comes to brooks,16,59,0,0,1,0,0,0.10743198469301714,True
taylor swift slams kanye west kim kardashian in new diss track,11,11,0,0,1,1,1,0.9268723942183831,True
tom cruise made a terrified james corden skydive for the first time on the late late show,17,51,0,0,1,0,0,0.28086756451064554,True
harvey weinstein hired investigators to spy on accusers variety,9,42,0,0,1,0,0,0.18997634577591022,True
woman who was left with zombie boobs after failed surgery could lose her nipple,14,45,0,0,1,0,1,0.5939404573559517,False
robin thicke shares sweet photo of son meeting newborn daughter,10,61,0,0,1,0,0,0.05304150132821049,True
paris jackson honors late father michael with new tattoo,9,95,0,0,1,0,0,0.3646275141075389,True
teen mom s ryan edwards arrested for heroin possession,9,48,0,0,1,0,0,0.21098449435819594,True
tyler henry says he connected with michael jackson,8,56,0,0,1,0,0,0.14761835672066712,True
jojo fletcher s make up artist reveals how she keeps the bachelorette star looking fresh,15,0,0,0,1,0,0,0.09278388379518619,True
kim kardashian jonathan cheban are sonny and cher for halloween,10,71,0,0,1,0,0,0.36424143934603775,True
alex morgan apologizes for drunken disney world incident,8,15,0,0,1,0,0,0.17820807474792263,True
31 celebrity couples so secretive you forgot they re dating,10,30,0,0,1,0,0,0.4192258273553625,True
revenge stars emily vancamp and josh bowman tie the knot,10,135,0,0,1,0,0,0.12649532948815082,True
jennifer garner making ben affleck jealous by flirting with josh duhamel,11,7,0,1,1,1,1,0.946875625841445,True
nina dobrev and glen powell officially together at julianne hough s wedding after checking each other in january,18,7,0,0,1,1,0,0.42308861366837314,False
5 reasons everyone is talking about girls trip star tiffany haddish,11,48,0,0,1,0,0,0.12239408209774287,True
pete davidson obsesses over ariana grande s f king lit wango tango performance,13,56,0,0,1,0,0,0.08779530675125205,True
zayn malik and gigi hadid split after more than two years together,12,64,0,0,1,0,1,0.6380574578019861,False
lady gaga s braid at the 2018 grammys is so cool it hurts,13,23,0,0,1,0,0,0.2681658750224754,True
the latest celebrities news,4,50,0,0,1,0,1,0.6592749387433061,False
amal clooney steps out in loose fitting dress amid pregnancy rumors,11,31,0,0,1,0,1,0.5206923104599938,False
chicken nugget tweet beats ellen degeneres oscar selfie to become most retweeted of all time,15,52,0,0,1,0,0,0.42255931492939425,True
kendall jenner is the best un dressed celebrity at the met gala,12,87,0,0,1,0,0,0.09443527340771556,True
obama s private security company sets up massive camps outside 3 major cities,13,44,0,0,1,1,0,0.333927877327002,False
bright moments at billboards include bruno mars bellagio fountains and balloons,11,34,0,0,1,0,0,0.09231494004531048,True
matt damon s publicist forced to deny reports actor is moving to australia because he can t stand donald trump,20,29,0,0,1,1,1,0.8663923530997275,True
american news is under construction,5,1,0,0,1,1,1,0.6476991187094244,True
sandra bullock planning wedding and adopting third baby tabloid,9,6,0,0,0,1,1,0.9807090082531649,True
see the shocking moment rick fox finds out someone close to him might die on hollywood medium,17,17,0,0,1,0,0,0.22354659478033267,True
15 worst dressed female celebrity arrivals on the red carpet in 2018,12,64,0,0,1,0,0,0.13652018463833965,True
brad pitt and sienna miller romance rumors heat up,9,35,0,0,1,1,1,0.8629545538141667,True
barbie blank worries husband sheldon souray might want a divorce in wags l a season 3 first look,18,17,0,0,1,0,0,0.047098401999944604,True
felicity smoak,2,29,0,0,1,0,0,0.308680231472824,True
miranda lambert and anderson east have broken up report says,10,147,0,0,1,0,1,0.6406282569156033,False
harvey weinstein timeline how hollywood s biggest scandal unfolded,9,11,0,0,1,0,0,0.27400607519256776,True
50 witty beach captions for instagram pics with your mermaid squad since day one,14,55,0,0,1,0,0,0.08531109845320736,True
tyler henry s most omg moments on hollywood medium,9,49,0,0,1,0,0,0.055917869347662706,True
star wars filmmaker victoria mahoney will be first african american woman to direct for franchise,15,96,0,0,1,0,0,0.4396540729202206,True
e ashlee simpson ross evan ross busy philipps series e true hollywood story return among series greenlights,17,48,2,0,1,0,0,0.25965743144769565,True
fergie reportedly crushing hard on kendall jenner singer wants to explore fantasies after split rumors,15,5,0,0,1,1,1,0.8739277981245979,True
ariana grande releases somewhere over the rainbow as charity single for manchester benefit,13,109,0,0,1,0,0,0.060756774992987456,True
lilly ghalichi is engaged get the details on her epic proposal and stunning ring,14,72,0,0,1,0,0,0.2565010166772254,True
jensen ackles and ryan seacrest used to be roommates and here s an epic throwback pic to prove it,19,25,0,0,1,0,0,0.32942469329112983,True
white and blue fund ad,5,208,0,0,1,0,0,0.20849964785579914,True
the biggest snubs and surprises of the 2019 golden globe nominations,11,56,0,0,1,0,0,0.07513956037279247,True
larsa pippen bankrolled by kourtney kardashian amid split,8,1,0,0,1,0,1,0.5696504057923253,False
31 before and after photos of chip and joanna s house flips on fixer upper,15,70,0,0,1,0,0,0.129571347110457,True
katy perry,2,986,0,0,1,1,1,0.7301431175968733,True
kids choice sports awards tom brady serena williams katie ledecky among nominees,12,73,0,0,1,0,0,0.21494499863550703,True
julia roberts not forcing danny moder to follow detox diet despite report,12,4,0,0,1,1,1,0.960723580923669,True
time s up pin the story behind golden globes timely red carpet accessory,13,29,0,0,1,0,0,0.07379744858761,True
cardi b thinks social media is the most disgusting place and driving stars into insanity,15,38,0,0,1,0,0,0.0979686850499558,True
rosanna arquette marisa tomei thank silence breakers at sag awards,10,14,0,0,1,0,0,0.09222734051565706,True
meghan markle arrives at pippa middleton s reception,8,87,0,0,1,0,1,0.5412306215173996,False
steve harvey shuts down rumors that he and wife marjorie harvey are getting a divorce,15,38,0,0,1,1,1,0.5580923439189542,True
shia labeouf tweets apology i am deeply ashamed of my behavior,11,80,0,0,1,0,1,0.5769947225096195,False
every royal marriage has its thorn meghan markle s father is hardly the first in law to plague this family,20,0,0,0,1,0,1,0.7229824452726589,False
meghan markle queen elizabeth ii relationship from how they met to royal wedding planning,14,75,0,0,1,0,1,0.5621339083853522,False
kardashian family donating 500 000 to hurricane harvey relief efforts,10,0,0,0,1,1,0,0.4076174021897085,False
bristol palin and estranged husband dakota meyer celebrate easter together after split,12,57,0,0,1,0,0,0.17743431194478756,True
selena gomez releases epic bad liar music video,8,51,0,0,1,0,0,0.2678741529800577,True
kendrick lamar sza team up for black panther song all the stars,12,100,0,0,1,0,0,0.22566643301457762,True
saturday savings jessica alba s floral dress is half the price,11,1,0,0,1,0,0,0.08358896655210571,True
entertainment tonight,2,1019,0,0,1,1,1,0.5753258155525088,True
cnn s anthony bourdain dead at 61,7,12,0,0,1,0,0,0.2904068914192508,True
christina el moussa on boyfriend ant anstead i can see myself getting married to him,15,54,0,0,1,0,0,0.4438379838646555,True
cam newton under fire for sexist comments to reporter,9,27,0,0,1,0,0,0.18132785139317445,True
brad pitt and angelina jolie a timeline of their relationship,10,19,0,0,1,0,1,0.9679285628081497,False
me too movement,3,4,0,0,1,0,0,0.30077471369967973,True
watch demi lovato luis fonsi chame la culpa music video video,11,105,0,0,1,0,0,0.08974048279628612,True
justin verlander s red hot reaction to kate upton s sizzling second wedding dress,14,13,0,0,1,0,0,0.16675723345777074,True
report kim kardashian and kanye west hire sex coach to save their marriage,13,6,0,0,1,1,1,0.9610802041631948,True
the weeknd leaves no trace of selena gomez on his social media by deleting all photos of her,18,125,0,0,1,0,1,0.5140361486616146,False
kylie jenner reveals her baby daughter s name is stormi,10,219,0,0,1,0,0,0.3702403573223754,True
lydia mclaughlin is already in the thick of the drama in this real housewives of orange county,17,18,0,0,1,0,0,0.12074909361340408,True
george takei accused of sexually assaulting former model in 1981,10,85,0,0,1,0,0,0.3637608440875535,True
best hair color in hollywood,5,53,0,0,1,0,0,0.1185032899302207,True
jeff lewis says flipping out hasn t officially been canceled,10,22,0,0,1,0,0,0.16351068581101902,True
fuller house star jodie sweetin can sing irl stephanie tanner uses that skill to her advantage,16,0,0,0,1,0,0,0.07894683824611076,True
heidi klum s bikini body takes a lot of work her boyfriend is over hearing about it,17,987,0,0,1,1,0,0.354862673018737,False
chad johnson asks out karina smirnoff on famously single,9,45,0,0,1,0,0,0.1504266223108604,True
liev schreiber invites ad to tour his new york city apartment,11,8,0,0,1,0,0,0.13805124191822343,True
fuller house season 4 how stephanie s bisexual line came about,11,14,0,0,1,0,0,0.12395856425055274,True
life family children parents story death school old information born movie,11,22,0,0,1,0,1,0.6821486034366419,False
david harbour opens up about bipolar disorder reveals he was once committed to a mental asylum,16,46,0,0,1,0,0,0.1326243358763359,True
how will miranda lambert react when blake shelton proposes to gwen stefani,12,14,0,1,1,1,1,0.9903626949532175,True
13 genius winter outfit tricks to steal from celebrities,9,22,0,0,1,0,0,0.21967314854367345,True
nathan kress,2,122,0,0,1,0,0,0.3184179297026997,True
serena williams wedding guests how she befriended kim kardashian colton haynes and more a listers,15,0,0,0,1,0,0,0.38201526460324786,True
tommy mottola net worth,4,81,0,0,1,0,0,0.379301418257229,True
jennifer lawrence moves on from darren aronofsky who s her new man,12,12,0,1,1,1,1,0.7362126406073068,True
logic alessia cara and khalid will perform with suicide attempt and loss survivors at grammys,15,21,0,0,1,0,1,0.5513487932585446,False
everything miranda lambert and blake shelton have said about their divorce,11,79,0,0,1,1,1,0.8742175525496834,True
martha stewart appears to give donald trump the middle finger,10,83,0,0,1,0,1,0.8135103262389906,False
the unauthorized guide to star wars the last jedi,9,25,0,0,1,0,0,0.1510271240070177,True
kaley cuoco karl cook engaged watch the emotional proposal video,10,123,1,0,1,0,0,0.3977702496974317,True
sofia richie uses this 4 lip balm under her eyes,10,67,0,0,1,0,1,0.5647018079505614,False
6 times comedian patti harrison has poked fun at trump transphobic people,12,27,0,0,1,0,1,0.7032812828621937,False
james corden responds to dave grohl s comments about being uncomfortable on carpool karaoke,14,21,0,0,1,0,0,0.15179999101286368,True
ashley iaconetti and jared haibon want a tv wedding,9,41,0,0,1,0,0,0.13618368481571175,True
anthony bourdain had a responsibility to live for his daughter in last interview,13,40,0,0,1,0,0,0.09875509735318727,True
ed sheeran is engaged to girlfriend cherry seaborn,8,1,0,0,1,0,0,0.2900820809859142,True
does emily simpson s husband shane have regrets about appearing on the real housewives of orange county,17,1,0,1,1,0,0,0.4162566255415183,True
busted russian mansions obama seized were meant to be illegal gifts to sasha and malia,15,42,0,0,1,1,1,0.5388169433889304,True
gerard butler almost cried while shaving off his beard,9,45,0,0,1,0,0,0.2739687823902388,True
watch david beckham launches sexy ad campaign for new grooming products,11,11,0,0,1,0,0,0.25353857533329494,True
shows episode schedule page,4,49,0,0,1,0,0,0.43856708281629764,True
michael strahan sam smith,4,168,0,0,1,1,1,0.5408251903972231,True
briana dejesus received some heartbreaking news about her daughter on last night s episode of teen m,17,51,0,0,1,0,0,0.07910899016195994,True
the challenge vendettas sneak peek kayleigh s belongings are trashed over a lousy kiss with johnny bananas,17,62,0,0,1,0,0,0.0582442736040636,True
kerry mccain welcome to massachusetts,5,0,1,0,1,0,0,0.20779406254023597,True
how kelsea ballerini went from keith urban s biggest fan to biggest opening act,14,40,0,0,1,0,0,0.2450529680234006,True
total bellas nikki bella not excited trying on wedding dresses,10,38,0,0,1,0,0,0.08812956411611007,True
celebrity bridesmaids photos pippa middleton olsen twins and more,9,1,0,0,1,0,0,0.29722891613918456,True
does the cast of the bachelor winter games know the lyrics to their own anthem,15,51,0,1,1,0,0,0.15113892244926513,True
selena gomez dodges paparazzi as they confront her with pregnancy rumors watch,12,9,0,0,1,1,1,0.751092639346856,True
grey s anatomy said a loving goodbye to sarah drew and jessica capshaw,13,38,0,0,1,0,0,0.24494203144706045,True
pottery barn decorating style tips on a walmart budget,9,66,0,0,1,0,0,0.04181644648962806,True
tv scoop awards 2017 vote for the best fandom and best cast on social media now,16,117,0,0,1,0,0,0.03683524742260859,True
richard pryor s daughter says her father didn t sleep with marlon brando,13,81,0,0,1,0,0,0.22079227984397554,True
agents of s h i e l d season 5,10,1,0,0,1,0,0,0.01468792549071603,True
rachel zoe posts instagram snap of skyler and kaius snuggling up,11,61,0,0,1,0,0,0.16903014581792392,True
kaley cuoco marries karl cook in romantic ceremony see their wedding photos,12,740,1,0,1,0,0,0.31467126708927556,True
caking memes mariah memes carey memes,6,4,0,0,1,1,1,0.7532450033588586,True
4 last minute easter outfit ideas,6,95,0,0,1,0,0,0.08648406719301518,True
critics choice awards 2018 best of beauty,7,114,0,0,1,0,0,0.0344935459641358,True
pippa middleton and james matthews make first public appearance as newlyweds at friends wedding in sweden,16,15,0,0,1,0,0,0.1941734409463282,True
miley cyrus and liam hemsworth are going to be more private after breakup rumors,14,1,0,0,1,1,1,0.9135352026171907,True
justin bieber and selena gomez taking some space but don t call it a breakup via e news,18,77,1,0,1,0,1,0.9450703982857551,False
karaoke cuties ariana grande and pete davidson perform evanescence duet at her birthday party,14,46,0,0,1,0,0,0.07205047660568102,True
zayn malik admits he never really spoke to harry styles while in one direction,14,1,0,0,1,1,1,0.6556997344355449,True
hollywood mourns death of legendary harry dean stanton the definition of cool,12,69,0,0,1,1,0,0.312633369911534,False
rihanna turns 30 inside her private romance with hassan jameel,10,106,0,0,1,0,1,0.8162168436616355,False
2018 golden globes 10 things you didn t see on the telecast,12,8,0,0,1,0,0,0.10238211435695208,True
kristen bell and ted danson dish on the good place and their real life bad places,16,1,0,0,1,0,0,0.07958286202878213,True
how julianne moore defended alicia vikander from a jerk on set,11,55,0,0,1,0,0,0.35867350654116953,True
amy schumer s wedding guests were invited via text,9,45,0,0,1,0,0,0.2837764106449788,True
10 things we learned from kristen bell s honest reddit ama,11,72,0,0,1,0,0,0.08194306905634023,True
celebrities respond as president trump backs out of paris accord variety,11,6,0,0,1,1,1,0.7771224040927075,True
gwen stefani jealous of gavin rossdale elin nordegren claim,9,5,0,0,0,1,1,0.9867105685581742,True
ellen degeneres scares bts with a little help from a fangirl,11,58,0,0,1,0,0,0.2851698994077063,True
black tie formal wear what it means what to wear and more,12,58,0,0,1,0,0,0.10710564137072093,True
is emily maynard throwing shade at arie luyendyk jr on instagram bachelor nation thinks so,15,41,0,1,1,0,0,0.19248068302314472,True
nikki bella and john cena are officially back together six weeks after calling off wedding,15,1,0,0,1,0,0,0.07725924452113052,True
serena williams on motherhood marriage and making her comeback,9,43,0,0,1,0,0,0.3835047936584407,True
corinne olympios lawyers our own investigation will continue into bachelor in paradise sex scandal,14,64,0,0,1,0,0,0.06656376462065978,True
dancing with the stars season 27 see the full cast,10,46,0,0,1,0,0,0.06682750101760727,True
5 reasons rob pattinson s new love leaves kristen stewart in the dust,13,289,0,0,1,1,1,0.9209985861474791,True
heidi montag and spencer pratt dote on gorgeous son gunner stone,11,12,0,0,1,0,0,0.09718840393102189,True
the four winner james graham talks the finale learning from his mistakes,12,66,0,0,1,0,0,0.2124580673180452,True
54 things you probably didn t know about gossip girl,10,52,0,0,1,0,0,0.4520836273915278,True
corey feldman names sexual abuser jon grissom variety,8,63,0,0,1,0,0,0.16631116473627333,True
republican consultant says barack obama promised to halve federal deficit in his first term,14,1,0,0,1,0,0,0.33931783449542663,True
remarks by the president on the economy knox college galesburg il,11,15,0,0,1,0,0,0.12519090089239765,True
katy perry likens privacy of personal life to walking tightrope,10,17,0,0,1,0,0,0.3415056484438252,True
ellen degeneres ellen degeneres not warning justin bieber to get help despite report,13,10,0,0,1,1,1,0.9506734451680796,True
quincy jones awarded 9 42 million in royalties suit,9,43,0,0,1,0,0,0.24015415176616753,True
the hill op ed go natural go nuclear,8,1,0,0,1,0,0,0.36845400458428096,True
queen of the south s jon ecker opens up about his role and growing up with a famous father,19,73,0,0,1,0,0,0.13170516368925098,True
jason priestley says he punched harvey weinstein in the face in 1995,12,355,0,0,1,0,0,0.1640180734977065,True
why did blake shelton make gwen stefani cry,8,9,0,1,1,1,1,0.9790298746636102,True
mtv movie tv awards 2017 adam devine to host,9,1,0,0,1,0,0,0.11137918144382289,True
did katy perry orlando bloom elope in prague friends reportedly buzzing that they re married,15,20,0,1,1,1,1,0.9075247480912425,True
who is rihanna dating hassan jameel is still the man in her life according to reports,16,4,0,1,1,1,1,0.9645614623229858,True
amber tamblyn says she s very shaken after a car tried to hit her and her baby in n y c,21,13,0,0,1,0,0,0.3250407527561971,True
martha stewart s prison stay lindsay lohan s time in jail more look back at the most talked about celebrity scandals,21,0,0,0,1,0,1,0.7024806035820225,False
paris hilton drags lindsay lohan while explaining their famous photo with britney spears,13,67,0,0,1,0,1,0.6174760952971609,False
we can t get enough of sofia richie s style,10,104,0,0,1,0,0,0.43606315210331686,True
crazy ex girlfriend boss on recasting greg rebecca s new love quadrangle,12,12,0,0,1,0,0,0.26470385185168166,True
iggy azalea blasts nick young after accidental dinner reunion,9,154,0,0,1,1,0,0.2171714010660639,False
robert pattinson abandons former friends is over the party lifestyle,10,12,0,0,1,1,1,0.8116272564162014,True
what katy perry did with this gift john mayer sent her is straight up savage,15,6,0,0,1,1,0,0.4826822625776498,False
ex bachelorette rachel lindsay criticizes show producers over finale edit,10,56,0,0,1,0,0,0.1697725518262191,True
blanket jackson,2,57,0,0,1,0,0,0.4244332234898386,True
katy perry wraps her arms around orlando bloom as the loved up couple enjoy a break in corfu,18,22,0,0,1,0,0,0.43167942830014727,True
kim kardashian shares kanye and saint christmas image,8,0,0,0,1,0,0,0.42184619350580205,True
bella hadid makes grandmas proud with new pants trend parker xl,11,64,0,0,1,0,0,0.05200877662122684,True
meghan markle s nephew sells new cannabis strain for the royal wedding,12,311,0,0,1,1,1,0.5488406017176701,True
fun in the sun audrina patridge and ryan cabrera head to mexico to celebrate her 33rd birthday,17,24,1,0,1,0,0,0.11174421232392508,True
million dollar listing los angeles david parnes welcomes his first child see photos,13,20,0,0,1,0,0,0.25721008491543285,True
the kardashians take a look back at 10 years of keeping up with the kardashians in new special watch,19,46,1,0,1,0,0,0.3024310773684066,True
sanaa lathan speaks out about absurd rumors she bit beyonce,10,17,0,0,1,0,1,0.6970937913129459,False
jfk s grandson jack schlossberg 5 things to know about the rising star of the kennedy family,17,65,0,0,1,0,0,0.1734518836982515,True
jay z shares new footnotes for the story of o j video,12,5,0,0,1,0,0,0.20216264760128086,True
serena williams alexis ohanian waiting to learn sex of baby,10,64,0,0,1,0,0,0.37977072551811947,True
cardi b might have accidentally revealed her baby s sex it s not the first time there s been a slip up,22,20,0,0,1,0,0,0.10486640803309559,True
jenna dewan showcases her chic sense of style in denim midi dress as she takes her dog to the vet,20,20,0,0,1,0,0,0.06912564270612614,True
darnell nicole considers dating an athlete named darnell on wags miami i don t know if that s weird or hot as f k,24,1,1,0,1,0,0,0.23454531749524715,True
bobby moynihan leaving saturday night live for me myself i about becoming an adult and moving on,17,59,0,0,1,0,1,0.524825826878268,False
taylor swift just gave a sneaky response to the internet s joe alwyn breakup speculation,15,14,0,0,1,1,1,0.6027400392735554,True
arie luyendyk jr and lauren burnham kiss passionately in barcelona,10,2,0,0,1,0,0,0.08013172059814372,True
sarah rose summers,3,82,0,0,1,0,0,0.38378055297125513,True
angelina jolie accuses brad pitt of not paying meaningful child support in court docs,14,32,0,0,1,1,1,0.9467080443030119,True
maria menounos battles brain tumor quits e news,8,147,1,0,1,0,0,0.4063906481602774,True
robert pattinson charlie hunnam lost city of z,8,979,0,0,0,1,1,0.9922507374037315,True
cover story meghan markle wild about harry,7,31,1,0,1,0,1,0.8624513295455661,False
ok exclusive kim kardashian is in love with her life guru,11,10,1,0,1,1,1,0.814932388237782,True
miranda lambert tops the list of finalists for the 51st annual cma awards with five nominations little big town keith urban follow with four,24,126,0,0,1,0,0,0.2998489991154027,True
account suspended,2,1,0,0,1,1,1,0.5700357607742474,True
on set with will grace how this became the one tv revival that actually works,15,17,0,0,1,0,0,0.03224428077125152,True
bikini clad christina el moussa and her new man celebrate fourth of july with romantic boat trip,17,38,0,0,1,0,0,0.2951825375486691,True
ming xi breaking down in tears after victoria s secret fashion show fall,13,26,0,0,1,0,1,0.6273678421464121,False
kyle gets a gun after stalker breaks into his house on the arrangement the ultimate target was you,18,33,0,0,1,0,0,0.10572005177824217,True
david bowie s ex angie bowie gives her account of their doomed love,13,41,0,0,1,0,0,0.4192601077358696,True
stephen colbert to be jimmy kimmel s guest on thursday night,11,34,0,0,1,0,0,0.0656981438732498,True
beyonce and jay z hang out backstage with dj khaled and his son asahd,14,1,0,0,1,1,0,0.3863949842450847,False
opinion amber tamblyn redefining the red carpet,7,12,0,0,1,0,0,0.1327824943318509,True
second wives club,3,1,0,0,1,0,0,0.11849248107651239,True
kate middleton looks lovely in blue in second surprise public appearance in a week,14,47,0,0,1,0,0,0.23927611912694446,True
kevin hart and eniko parrish welcome baby boy,8,105,0,0,1,1,0,0.33320042740688344,False
property brothers drew and jonathan scott turn 40 see their hilarious throwback pic,13,50,1,0,1,0,0,0.2030791269679859,True
jay z talks fighting for love with beyonce,8,5,0,0,1,1,1,0.7097931321076467,True
inside gabrielle union and dwyane wade s wedding day,9,1,0,0,1,0,0,0.13355754600393369,True
every celebrity who attended the royal wedding,7,9,0,0,1,0,0,0.27011030003813685,True
luann de lesseps checks into rehab will miss rhony reunion,10,23,0,0,1,0,0,0.05174701730478242,True
justice league review dc s superhero embarrassment is beyond saving,10,16,0,0,1,0,0,0.09296533220754659,True
bella thorne licked tana mongeau s tongue on instagram and fans don t know how to react,17,82,0,0,1,0,0,0.25263913792048887,True
avicii s death mourned by calvin harris marshmello deadmau5 more,10,19,0,0,1,0,0,0.4827864733002219,True
riverdale clifford blossom killed jason blossom,6,46,0,0,1,0,0,0.23147149630448638,True
rance howard actor and father of ron howard dies at 89 family says,13,78,0,0,1,0,0,0.1931902619428913,True
drake suing pusha t for using black face photo,9,7,0,0,1,1,0,0.36335453814318,False
the goldbergs actor jackson odell died of an accidental drug overdose,11,46,0,0,1,0,0,0.21192391957445575,True
taylor swift reportedly reacts to tom hiddleston s golden globes win,11,4,0,0,1,1,1,0.545656231893686,True
this beats chocolates tommy lee reveals valentine s day engagement to vine star brittany furlan,15,40,1,0,1,0,0,0.05026367989310453,True
lena dunham and jack antonoff have split up,8,38,0,0,1,1,0,0.41328411483048844,False
gerard butler,2,1020,0,0,1,1,0,0.41965905685560706,False
roselyn sanchez and husband eric winter baby shower in la,10,23,0,0,1,0,0,0.21347748422634225,True
you can t do that on television,7,29,0,0,1,0,0,0.28250733226848107,True
dear white people,3,49,0,0,1,0,1,0.7852136862231526,False
janet is back jackson shows off incredible post baby body as she kicks off state of the world tour,19,87,1,0,1,0,0,0.3841835198149591,True
jada pinkett smith tears up learning s daughter willow used to cut herself newsbeezer,14,48,0,0,1,0,0,0.15858784898903325,True
how to update emoji on an iphone,7,71,0,0,1,0,1,0.5363800738133424,False
second saturday in june,4,79,0,0,1,0,0,0.17044442289778497,True
while rihanna came to slay the met gala 2017 these supermodels were a snore,14,50,0,0,1,0,0,0.24420938047408972,True
donald trump dead from a fatal heart attack steemit,9,265,1,0,1,1,1,0.8455854507367844,True
kerry washington reveals secrets of her scandal power wardrobe,9,41,0,0,1,0,0,0.20430703464309274,True
oscars 2018 jordan peele wins best original screenplay,8,8,0,0,1,0,0,0.07838650687733073,True
shannon breaks down after her office argument with reagan on very cavallari i m always the f king mean girl,20,10,1,0,1,0,0,0.05669511100410662,True
meet six year old blue ivy s stylist and personal shopper,11,103,0,0,1,0,0,0.11175860471541989,True
is kim kardashian s stolen jewellery funding terrorism,8,36,0,1,1,1,1,0.8869648572965069,True
sophia bush leaving chicago p d after four seasons,9,100,0,0,1,0,0,0.2483681067037004,True
melania trump travels in style with donald trump to poland and germany,12,81,0,0,1,0,1,0.738203083031839,False
redirect notice,2,5,0,0,1,0,0,0.3061941827859382,True
sam hunt on the spiritual strength of married life i feel a little bit taller wearing my wedding ring,19,69,0,0,1,0,0,0.07881654078580709,True
photos of meghan markle s gorgeous wedding ring,8,22,0,0,1,1,0,0.31036138138591784,False
2011 urban institute and the blue cross blue shield of massachusetts foundation,12,0,0,0,0,0,1,0.5042705853713636,False
from plunging necklines to red carpet feathers revisit jessica biel s boldest best looks,14,51,0,0,1,0,0,0.11486931184861648,True
mtv movie award for best kiss,6,74,0,0,1,0,0,0.058219592940324645,True
farrah abraham s daughter sips 150 apple juice with gold flakes,11,69,0,0,1,0,0,0.0655171759478023,True
every selena gomez reference in the weeknd s my dear melancholy song call out my name lyrics,17,87,0,0,1,0,1,0.5701071698563375,False
omg kris jenner copies kim kardashian and debuts a platinum blond hairdo on kardashians,14,1,1,0,1,0,1,0.7017863188781205,False
lionel richie joins american idol as third judge luke bryan officially aboard,12,66,0,0,1,0,0,0.47460587604187043,True
romeo santos proudly unveils his wax figure after fans petition,10,105,0,0,1,0,0,0.2853579042237825,True
hollywoodlife flipflops on brad pitt dating ella purnell,8,15,0,0,1,1,1,0.9891287444705718,True
kim and kanye named their new baby girl chicago west and the city is loving the attention,17,20,0,0,1,0,1,0.7253913447898124,False
kelly and ryan s relationship may not be as sunny as it seems,13,40,0,0,1,1,1,0.5593716496315041,True
the state of working america 20067 pdf,7,3,0,0,0,0,1,0.8846178286046412,False
kel mitchell net worth,4,42,0,0,1,0,0,0.3748447738585535,True
allow crazy ex girlfriend s donna lynne champlin to regale you with her stalking story,15,31,0,0,1,0,0,0.290946674689532,True
j lo a rod will inspire your s o s valentine s day gift,14,94,0,0,1,0,0,0.3622958382411423,True
celebrity reactions anthony scaramucci out as donald trump s communications director,11,4,0,0,0,1,1,0.9687300686113939,True
why nikki bella hid her first marriage from john cena and how he reacted when he found out,18,0,0,0,1,0,0,0.14070090117457737,True
2018 mtv movie tv awards,5,45,0,0,1,0,0,0.03758842189631709,True
all the details on kristen stewart and robert pattinson s surprise reunion,12,1,0,0,1,1,1,0.9183107354912111,True
a ranking of the richest real housewives from every season,10,47,0,0,1,0,0,0.04170945261377016,True
remarks by the president at afl cio labor day picnic,10,263,0,0,1,0,0,0.11201453661585406,True
chrissy teigen s headband of the day instagram segment see the styles,12,95,0,0,1,0,0,0.09678766717135535,True
psa richard dreyfuss is not julia louis dreyfus late father william,11,40,0,0,1,0,0,0.3148879403310404,True
jennifer aniston justin theroux nasty,5,47,0,0,0,1,1,0.989345238047326,True
miranda lambert and blake shelton had an affair her ex claims,11,76,0,0,1,1,1,0.8811434736179754,True
dancing with the stars,4,1066,0,0,1,1,0,0.3627048903534569,False
rising to a new generation of global challenges,8,0,0,0,1,0,0,0.33881744743460107,True
mark salling s autopsy reveals cause of death,8,100,0,0,1,0,0,0.16742541285293325,True
jon hamm talks jennifer westfeldt split,6,12,0,0,1,1,0,0.464685829944207,False
poverty 2005 highlights,3,5,0,0,0,0,1,0.8552636057741951,False
the last black unicorn tiffany haddish 9781501181825 amazon com books,10,25,0,0,1,0,0,0.10429492333425178,True
community calendar,2,9,0,0,1,0,0,0.3135073179117955,True
catherine lowe,2,30,0,0,1,0,0,0.42301903069251867,True
gigi hadid s makeup artist makes pastel eye shadow look easy,11,56,0,0,1,0,0,0.039933101967788216,True
beyonc heading to 1 billion divorce,6,32,0,0,1,1,1,0.617612244223092,True
37 pictures that prove c line dion is the style icon the world needs,14,24,0,0,1,0,0,0.2534571502804437,True
2018 bafta tv awards complete list of nominations every show and performer in the running,15,54,0,0,1,0,0,0.10265344271293876,True
kendall jenner attends premiere with beau blake griffin,8,59,0,0,1,0,1,0.5305847413351051,False
the real housewives of dallas season 3 trailer has an instantly iconic leeanne locken moment,15,9,0,0,1,0,0,0.03380652981996403,True
riverdale teases season 2 finale love triangle,7,52,0,0,1,0,0,0.021488675899235338,True
meghan markle and prince harry s wedding invitation is revealed,10,25,0,0,1,0,1,0.6359983639644746,False
selena gomez has helped raise nearly 500 000 for lupus research,11,1,0,0,1,0,1,0.5361169906076723,False
jimmy kimmel makes pancakes disguised as donuts after oscars,9,45,0,0,1,0,0,0.09437668960194412,True
amber heard slammed for offensive tweet about ice,8,78,0,0,1,0,1,0.5822518203132167,False
what kanye west said about slavery obama and mental health in his new interviews,14,1208,0,0,1,1,1,0.6812481450845733,True
kim kardashian west will publicly defend kanye west to the end source,12,91,0,0,1,1,1,0.7819798347928647,True
tyler henry channels selma blair s late dog wink in sweet reading on hollywood medium,15,46,0,0,1,0,0,0.040552982578903,True
kathie lee gifford,3,49,0,0,1,0,0,0.21756728252063812,True
there is no moral stephen colbert says trump spoof book whose boat is this boat wrote itself,17,20,0,1,1,0,0,0.47247318416151196,True
sister sister reunion with tamera mowry and jack e harry,10,46,0,0,1,0,0,0.49674381883558216,True
katy perry addresses her feud with taylor swift she started it,11,54,0,0,1,0,1,0.6904641156900446,False
selena gomez s artist evolution from disney channel dream to revival ruler,12,69,0,0,1,0,0,0.15033882357514286,True
julia roberts says she was a selfish little brat as a young actress,13,60,0,0,1,0,0,0.3984905989280659,True
kailyn lowry s baby daddy chris lopez isn t happy with how he s portrayed,15,39,0,0,1,0,0,0.40683584862465944,True
president trump just saved christmas for 13 million retirees,9,17,0,0,1,1,1,0.535416825801441,True
harvey weinstein news academy expels embattled producer amid sexual assault allegations,11,54,0,0,1,0,0,0.33682321363910633,True
prince louis christening six godparents revealed,6,19,0,0,1,0,0,0.20308275569266718,True
martin landau dead celebrities react,5,11,0,0,1,1,1,0.9415134331551956,True
kylie jenner would love to see kendall get pregnant,9,9,0,0,0,1,1,0.956939136203279,True
organizing for action,3,71,0,0,1,0,0,0.07439563584207054,True
cmt music awards 2018,4,59,0,0,1,0,0,0.03771457349620726,True
gigi hadid not asking for special treatment despite burden of awesomely sexy body,13,52,0,0,1,1,0,0.43597578315185914,False
travis scott learning how to change diapers from kim kourtney kardashian kylie s impressed,14,14,0,0,1,1,1,0.8115400210289093,True
seattle dad creates harry potter s diagon alley in his driveway,11,49,0,0,1,0,0,0.20901550140038153,True
second wives club recap veronika obeng and tania mehra s reconciliation goes south really fast,15,64,0,0,1,0,0,0.08105637621114212,True
nia jax on promoting a positive body image in her return to total divas,14,38,0,0,1,0,0,0.0879041547334989,True
caitlyn jenner considering a bid for u s senate in california,11,63,0,0,1,1,1,0.9206290530624667,True
everything you need to know about the 2018 golden globes,10,6,0,0,1,0,0,0.12364277251795117,True
wags miami stars claudia sampedro and astrid bavaresco get frisky with a banana in hilarious sneak peek,17,64,0,0,1,0,0,0.029364996803115242,True
brad pitt finds sobriety support from straight laced girlfriend neri,10,5,0,0,1,1,1,0.9009437027779138,True
as emma stone is declared forbes highest earning actress of 2017 look back at her most glamorous red carpet moments,20,62,0,0,1,0,0,0.2159339121309023,True
colin firth s wife had fling with the friend she accuses of stalking,13,39,0,0,1,0,0,0.2094261426384164,True
an analysis of trump supporters has identified 5 key traits,10,73,0,0,1,0,1,0.7253375397117666,False
taylor swift s we are never ever getting back together about jake gyllenhaal report,14,210,0,0,1,1,1,0.8851558564450656,True
little richard calls same sex love unnatural years after coming out as gay,13,62,0,0,1,0,0,0.2020702898618402,True
netflix officially cuts all ties with kevin spacey,8,82,0,0,1,0,0,0.08688248642969956,True
2018 tv couples march madness challenge,6,65,0,0,1,0,0,0.06392286510352237,True
justin theroux flashes beard while with girlfriend petra collins,9,2,0,0,1,1,1,0.6797463085525192,True
the 16 most climactic moments from the new fifty shades freed trailer,12,16,0,0,1,0,0,0.10288044774343402,True
megan learns terence made a person vanish on the arrangement,10,47,0,0,1,0,0,0.06472790371594594,True
million dollar listing s josh flagg gets married,8,94,0,0,1,0,0,0.358803835607408,True
10 things you didn t know about nancy pelosi,9,1020,0,0,1,1,0,0.31809917431794954,False
svu veteran dean winters to return in arc later this season,11,50,0,0,1,0,0,0.06072278962213502,True
michael jordan,2,45,0,0,1,0,0,0.23552375528186,True
angelina jolie the shock diet causing actress to lose weight amid brad pitt divorce drama,15,27,0,0,1,1,1,0.9507380342246993,True
2017 fall tv schedule the complete guide to when new and returning shows are premiering,15,94,0,0,1,0,0,0.2098521737867719,True
justin theroux enjoying his single life post jennifer aniston split,10,24,0,0,1,0,1,0.8512172311986786,False
hurricane irene photo of shark swimming in street is fake,10,134,0,0,1,1,1,0.5406835034398453,True
andy dick fired from movie over sexual harassment claims,9,45,0,0,1,0,0,0.2565336305959313,True
neil diamond retires from touring after parkinson s diagnosis,9,488,0,0,1,0,0,0.4286115082350369,True
josh anna duggar welcome son mason garrett,7,35,0,0,1,0,0,0.15901677445987542,True
taylor swift s boyfriend joe alwyn makes his cannes film festival debut,12,41,1,0,1,0,1,0.5085089277282574,False
sesame street parodies despacito with adorable tribute to rubber duckie,10,61,0,0,1,0,0,0.1465971489181844,True
simone alexandra johnson wiki height relationship with dwayne,8,54,0,0,1,0,0,0.2721459054855957,True
three more women accuse dustin hoffman of sexual misconduct variety reports,11,51,0,0,1,0,0,0.29803188922715923,True
daniel dae kim grateful for hawaii five o says sense of self worth led to exit tca,17,61,0,0,1,0,0,0.32977717666844353,True
is angelina jolie getting style inspiration from selena gomez to lure brad pitt wild new report,16,18,0,1,1,1,1,0.9951736622232106,True
the office stars mourn hugh dane who played hank the security guard,12,22,0,0,1,0,0,0.15182493171851086,True
jennifer lopez hired private detective to check out alex rodriguez cheating allegations report says,14,12,0,0,1,1,1,0.8923372360922033,True
zayn malik bashes self indulgent met gala,7,34,0,0,1,0,0,0.24467998254401005,True
watch sean hayes ellen degeneres have a battle of the gays,11,24,0,0,1,0,0,0.40604670770324464,True
lainie kazan s attorney speaks out about her arrest,9,61,0,0,1,0,0,0.21751854854445246,True
jennifer aniston and justin theroux saw each other one last time on valentine s day,15,61,0,0,1,0,1,0.55910191440908,False
all of the best moments from pippa middleton s wedding,10,109,0,0,1,0,0,0.12429801662973139,True
kim kardashian and kanye west reportedly want baby no 4 by the end of this year,16,975,0,0,1,1,1,0.8819083955197446,True
alyssa milano responds to fat shaming backlash over netflix s insatiable,11,49,0,0,1,0,0,0.1314490596805475,True
is wearing black to the golden globes in protest of sexual harassment really that big of a deal,18,48,0,1,1,0,0,0.25174637656095605,True
pippa middleton biography,3,69,0,0,1,0,0,0.26814668449005397,True
ronan farrow woody allen harvey weinstein and me,8,1,0,0,1,0,0,0.09978519605711214,True
rihanna hassan jameel s passionate breakups makeups explained what s really going on,13,5,0,0,1,1,1,0.8596005042675312,True
vanderpump rules brittany cartwright yells at jax taylor,8,48,0,0,1,0,0,0.06620526191148296,True
scandal star katie lowes on what really happened to quinn the stakes couldn t be higher,16,16,0,0,1,0,0,0.37076634854956336,True
blake lively shuts down reporter who asks about fashion,9,103,0,0,1,0,0,0.25418181898469194,True
prince george princess charlotte and pippa s bridal party of bridesmaids and pageboys,13,79,0,0,1,0,0,0.17928599244226748,True
tori spelling throws daughter unicorn themed party,7,94,0,0,1,0,0,0.0705105761207972,True
kylie jenner met travis scott at coachella,7,0,0,0,1,0,1,0.560832721530925,False
kim kardashian attends 20 year high school reunion photos,9,177,0,0,1,0,0,0.24039580074361547,True
jennifer aniston brad pitt married in secret,7,9,0,0,0,1,1,0.9963463391067875,True
malia obama at harvard barack and michelle obama help daughter move in,12,72,0,0,1,0,1,0.5043885858980645,False
kelly ripa and michael strahan feud details,7,1,0,0,1,1,1,0.7750334377496795,True
celebrities share tributes to victims of the barcelona terror attack,10,19,0,0,1,1,1,0.6102066943258525,True
leona lewis adds british support to la s march for our lives rally,13,50,0,0,1,0,1,0.6089384167357037,False
farrah abraham drops 5 million sex shaming suit,8,73,0,0,1,0,0,0.15655506363241548,True
ryan reynolds and more celeb dads that inspire father s day gift giving,13,52,0,0,1,0,0,0.28990811541813893,True
kendall jenner s bringing this bikini style back christian welch medium,11,88,0,0,1,0,0,0.20475946643298001,True
rhoc reunion tamra judge reveals that shannon beador hid secret boyfriend during season 13 filming,15,21,0,0,1,0,0,0.10606469827338455,True
scott disick sofia richie seen kissing all night during first official event as a couple,15,64,0,0,1,0,0,0.26914109931385644,True
medusa meg ryan is wasting away,6,4,0,0,1,1,1,0.5477742573147141,True
all of the people who ve spoken out against harvey weinstein,11,50,0,0,1,0,0,0.3940935576243639,True
this 7 year old s acceptance speech will make you cry and laugh and smile,15,71,0,0,1,0,0,0.25076588472980105,True
is leonardo dicaprio starring in shampoo remake,7,12,0,1,1,1,1,0.8524977286862329,True
how did lily james matt smith meet it involved period costumes and zombies,13,48,0,1,1,0,0,0.19236790688570532,True
brad pitt sienna miller caught flirting,6,39,0,0,1,1,1,0.9312191637252971,True
13 reasons why season 2 returns to netflix soon here s everything we know about what fans can expect,19,0,0,0,1,0,0,0.10571391549250925,True
are reese witherspoon and nicole kidman not on talking terms,10,68,0,1,1,1,1,0.8946731535596542,True
the academy and abc announce key dates for 90th oscars,10,4,0,0,1,1,0,0.3706553999928449,False
ryan seacrest s live with kelly debut lifts series in monday ratings,12,0,0,0,1,0,0,0.48040995100877953,True
how to keep your blowout style looking fresh overnight,9,46,0,0,1,0,0,0.1688005462507744,True
kate middleton opens up about her most cherished moments with her kids,12,56,0,0,1,0,0,0.2508233201157337,True
bip s danielle maltby is dating big brother s paul calafiore,11,17,0,0,1,0,0,0.16991854364867,True
hand in hand benefit george clooney oprah justin bieber make tv appeal for hurricane relief,15,48,0,0,1,0,1,0.7194140778041899,False
scorpion canceled by cbs after 4 seasons,7,23,0,0,1,0,0,0.11867998101410954,True
mandy moore revisits her famous romances and wilmer valderrama s lie about taking her virginity,15,47,0,0,1,0,0,0.316657481459658,True
all the ways prince harry and meghan markle s wedding broke royal tradition,13,25,0,0,1,0,0,0.4431939788324241,True
matt damon apologizes for sexual misconduct comments i really wish i d listened,13,132,0,0,1,0,0,0.15581714032712035,True
jennifer aniston is furious over selena gomez and justin theroux dating rumors,12,5,0,0,1,1,1,0.9815287184529496,True
watch kristen bell s amazing video of her castmates finding out the shocking good place finale twist,17,20,0,0,1,0,0,0.07530375447769684,True
dakota johnson and chris martin enjoy malibu date night see the pic,12,10,1,0,1,1,1,0.573468242167322,True
watch britney spears end las vegas residency with new year s eve performance,13,1,0,0,1,0,0,0.2103749568653874,True
are katy perry the weeknd dating the two got dinner immediately set off rumors,14,13,0,1,1,1,1,0.9294030225808273,True
game of thrones season 8 spoilers daenerys targaryen and khal drogo finale twist revealed,14,25,0,0,1,0,0,0.03991148596401788,True
brad and jen s big announcement we re in love again,11,45,0,0,1,0,1,0.7593497794378874,False
lily rose depp poses topless just in time to turn 18,11,32,0,0,1,0,0,0.11009463663800886,True
bella hadid set the nyfw street style standard with this look,11,53,0,0,1,0,0,0.0784881416099859,True
jimmy fallon fights back tears as he speaks about disgusting charlottesville violence,12,38,0,0,1,0,0,0.13154976447887637,True
50 awe inspiring halloween nail art designs,7,50,0,0,1,0,0,0.14848137430025143,True
here is why prince harry broke protocol by asking william to be best man,14,481,0,0,1,0,0,0.39033302007852666,True
star wars episode ix will feature unseen footage of carrie fisher as princess leia,14,54,0,0,1,0,0,0.19924140507970545,True
16 celeb inspired products that will keep you relaxed all fall,11,53,0,0,1,0,0,0.10788155930041088,True
carrie underwood forced mike fisher to retire for second baby,10,51,0,1,1,1,1,0.6494097738701134,True
bureau of labor statistics data,5,60,0,0,1,0,0,0.11751795535780664,True
testimony submitted to the congressional oversight panel s hearing on the tarps impact on financial stability,16,0,0,0,1,0,0,0.2363965849820652,True
whitney port gets honest about her pregnancy body struggle,9,27,0,0,1,0,0,0.3347560113087861,True
bryce dallas howard celebrates the wrap of jurassic world fallen kingdom with chris pratt,14,77,0,0,1,0,0,0.2712742871856732,True
kanye west and kim kardashian launch new kids supply collection,10,0,0,0,1,0,1,0.8120159986652659,False
dancing with the stars results and eliminations,7,54,0,0,1,0,0,0.2701379841328909,True
bethenny frankel will spend her birthday helping with hurricane relief in puerto rico,13,48,0,0,1,0,0,0.11097271043056497,True
katharine mcphee and david foster perform together at star studded holiday party,12,1,0,0,1,0,0,0.2425457697493356,True
charles brewer asiah collins friend blanca starts some drama,9,0,0,0,1,0,0,0.226799553370714,True
channing tatum hangs out with bachelor arie luyendyk jr,9,18,0,0,1,0,0,0.15212940569467262,True
celebs most revealing minutia on social media get an intimate look into the lives of anna faris and other stars,20,42,0,0,1,0,0,0.3307010427228708,True
malia obama moves into harvard joining the class of 2021,10,56,0,0,1,0,1,0.6021880613955691,False
julie chen recreates iconic big brother gif watch now,9,51,1,0,1,0,0,0.12044105279114503,True
breaking president trump signs executive order stripping nfl of non profit status,12,5,0,0,1,1,1,0.858608181944291,True
kelly clarkson jokes wine is necessary when raising four kids,10,56,1,0,1,0,0,0.1796668404152505,True
blake shelton gwen stefani saved my life after divorce,9,51,0,0,1,1,1,0.9379947364982322,True
suki waterhouse darren aronofsky s rep deny dating rumors,9,29,0,0,1,0,1,0.5983332730275247,False
meghan markle does have secret maid of honor claim,9,3,0,0,0,1,1,0.9504925430484278,True
cardi b pulls out of bruno mars tour i m not ready to leave my baby behind,17,1,0,0,1,0,0,0.10230140200422899,True
harrison ford turns into real life hero at the scene of an accident,13,66,0,0,1,0,0,0.193569606893806,True
led by aly raisman more than 140 larry nassar victims accept arthur ashe courage award at espys,17,62,0,0,1,0,0,0.07064195748234692,True
project runway designer and finalist mychael knight dies at 39,10,91,0,0,1,0,0,0.07484943405366888,True
tracee ellis ross to host the 2017 american music awards on abc,12,181,0,0,1,0,0,0.09988741731420304,True
khloe kardashian didn t get banned from cleveland cavaliers games debunked,11,4,0,0,1,1,1,0.6704278523953197,True
jennifer lopez has a beauty pet peeve everyone can relate to,11,31,0,0,1,0,0,0.486705382255788,True
paul ryan donald trump plans to resign from office within the next 30 days,14,29,0,0,1,1,1,0.7315705170318054,True
prince harry and meghan markle could not be cuter in this sweet goofy interview footage,15,42,0,0,1,0,0,0.4107893268925505,True
kylie jenner and travis scott got matching butterfly tattoos,9,80,0,0,1,0,1,0.7766554712135028,False
david cassidy hospitalized with reported organ failure,7,28,0,0,1,0,0,0.29839273149688045,True
angelina jolie refuses to shy away from jennifer aniston at golden globes if they run into each other,18,15,0,0,1,1,1,0.9019751468253737,True
robert pattinson and suki waterhouse spark romance rumors in london,10,0,0,0,1,0,1,0.8440701170394203,False
jimmy kimmel proposes making trump king of america more am buzz,11,71,0,0,1,0,0,0.2909452596877302,True
star wars han solo directors no longer with film,9,87,0,0,1,0,0,0.2251573916563466,True
larry david wreaks hilarious havoc on his interview with matt lauer,11,12,0,0,1,0,0,0.24747757543784632,True
avengers infinity war inspires hilarious crossover meme,7,9,0,0,1,0,0,0.11397404136903924,True
everything you need to know about the 2018 golden globes,10,206,0,0,1,0,0,0.13457758336012476,True
we will riot michelle obama s mom will receive 160k every year out of taxpayers pockets,16,46,2,0,1,1,1,0.6276289196090309,True
kelly clarkson freaks out over meeting meryl streep on golden globes red carpet,13,17,0,0,1,0,0,0.151532675478345,True
watch blue ivy shut down beyonc jay z without a word at grammys 2018,14,24,0,0,1,0,0,0.12828921309237654,True
kylie jenner and travis scott show sweet pda at a birthday dinner for jordyn woods mom pic,17,83,1,0,1,0,0,0.22816037537321823,True
fans think there might be a selena gomez reference in charlie puth s new music video,16,81,0,0,1,0,1,0.6273490381118715,False
watch justin timberlake s controversial super bowl 2004 halftime performance with janet jackson,13,57,0,0,1,0,0,0.20478000801103488,True
the unstoppable rise of clean beauty and the celebs betting their careers on the movement an insider s look,19,82,0,0,1,0,0,0.06982309324186704,True
memorabilia from the challenge to be auctioned off in honor of diem brown,13,45,0,0,1,0,0,0.19549675355186003,True
jessica simpson tells husband eric johnson stay fat it s sexier,11,11,1,0,1,1,1,0.6751157452398014,True
the sandlot cast reunites after 25 years on today video,10,15,0,0,1,0,0,0.19960244349644,True
arie luyendyk jr and lauren burnham announce wedding date and location,11,0,0,0,1,0,0,0.06986608617477331,True
anna faris live tweets chris pratt s walk of fame day and he laughs and cries at the ceremony,19,17,0,0,1,1,0,0.30915018522885546,False
how taylor swift and joe alwyn s private romance is doing,11,1,0,0,1,0,1,0.6157233054227894,False
leonardo dicaprio s 43rd birthday bash was a star studded affair,11,82,0,0,1,0,0,0.32572818336085313,True
8 times cfda honoree kim kardashian stepped up her style game in 2018,13,85,0,0,1,0,0,0.13753137996634424,True
carrie underwood shares close up photo of her face revealing her scars following her scary fall,16,0,0,0,1,0,0,0.11247923683624703,True
cassie joins the ranks of kim kardashian as pat mcgrath s newest muse,13,13,0,0,1,0,0,0.4795294763280733,True
margot robbie net worth,4,135,0,0,1,1,1,0.7245395870547614,True
harvey weinstein could have a toxic effect on georgina chapman s fashion line here s what we know,18,124,0,0,1,0,0,0.09844512735600955,True
chip and joanna gaines fixer upper is coming to an end,11,0,0,0,1,0,0,0.11295800173021717,True
halsey is the new face of ysl beaut she s rewriting the brand ambassador script,15,37,0,0,1,0,0,0.11591750821071062,True
when are sophie turner joe jonas getting married because we re so ready for another game of thrones wedding,19,42,0,0,1,1,0,0.42313524479987236,False
watching khloe kardashian massage kourtney s bare butt is too weird to handle,13,0,0,0,1,0,0,0.43393491829045,True
chris rock gets candid on divorce and infidelity i wouldn t get married again even if it would cure aids,20,61,0,0,1,0,0,0.24784467982447753,True
10 pretty celebrity books that would look good on your coffee table,12,49,0,0,1,0,0,0.11312856411352146,True
miley cyrus breaks silence on rootsy new music fiance liam hemsworth america unity is what we need,17,148,0,0,1,1,1,0.6003832126842759,True
who is cristiano ronaldo s real wife,7,42,0,1,1,0,0,0.46975433358144286,True
at 100 episodes scandal asks to be embraced for the soapy mess that it is,15,99,0,0,1,0,0,0.1314970636211609,True
kirsten dunst continues to have strong opinions on these spider man reboots,12,0,0,0,1,0,0,0.21983045746593802,True
madison beer steps out after brooklyn reunites with chloe,9,0,0,0,1,0,0,0.0971727131336448,True
baftas jennifer lawrence explains rudeness to lumley,7,81,0,0,1,0,0,0.32643299140218723,True
zara tindall,2,20,0,0,1,0,0,0.3077466536153072,True
kylie jenner had surgery to like kourtney kardashian,8,5,0,0,0,1,1,0.955138621499374,True
j balvin pitbull and camila cabello electrify 2017 mtv movie and tv awards,13,60,0,0,1,0,0,0.032458217266552035,True
donald glover reveals atlanta s surprising season 2 inspiration,9,48,0,0,1,0,0,0.10073179010384668,True
who are you tania mehra secretly brings security to shiva safai s sleepover in bizarre second wives club sneak peek,20,1,0,1,1,0,0,0.12435933576820778,True
watch r kelly s alleged hostage breaks her silence about sex cult accusations,13,18,0,0,1,0,0,0.1360463092986206,True
how the supernatural premiere sets up a different season 13,10,57,0,0,1,0,0,0.0511051272546754,True
cardi b shares first photo of daughter kulture kiari,9,41,0,0,1,0,0,0.013757953651538445,True
teri hatcher broke and homeless,5,274,0,0,0,1,1,0.6970079874200751,True
jessica simpson,2,66,0,0,1,0,1,0.818517495767547,False
trump wants to deport american indians to india,8,715,0,0,1,1,1,0.944540247871982,True
house gop introduces keep terrorists out of america act,9,7,0,0,1,0,0,0.09401819707582827,True
robert osborne industry mourns class act true gentleman,8,17,0,0,1,1,0,0.2589738024424858,False
pregnant eva longoria inside her love story with husband jos pepe bast n,13,62,0,0,1,1,0,0.36010368746963,False
pregnant teen mom 2 star kailyn lowry graduates college after 6 years of hurdles,14,107,0,0,1,0,0,0.10574206224334201,True
impeachment talk becomes a cynical game,6,55,0,0,1,0,0,0.25200098599615917,True
justin timberlake and jessica biel attend world series,8,1,0,0,1,0,0,0.4363314636396456,True
selena gomez trying to ignore justin bieber s romance with hailey baldwin but it still hurts,16,17,0,0,1,1,1,0.8019766817283437,True
ducktales lin manuel miranda joins disney xd s toon reboot,10,99,0,0,1,0,0,0.10379342016482569,True
brad pitt battle,3,1633,0,0,0,1,1,0.9968438510954772,True
jared leto never signed on to play hugh hefner in brett ratner s biopic,14,1,0,0,1,0,0,0.331212850043177,True
report jennifer garner took ben affleck back to rehab,9,9,0,0,1,1,1,0.9249823198045836,True
wonder woman 2 everything we know so far about the sequel now delayed until summer 2020,16,79,0,0,1,0,0,0.14590426912077376,True
kardashian men planning reality show spinoff,6,1,0,0,1,1,1,0.6087093601176523,True
angelina jolie is getting ready for expensive halloween party and brad pitt will be there,15,1,0,0,1,1,1,0.9259127602175884,True
flo rida gets a spanish lesson with his latest song a collaboration with maluma,14,59,0,0,1,0,0,0.14258039617877052,True
royal rules the dress the bouquet and the royal wedding traditions meghan markle has to follow,16,0,0,0,1,1,0,0.2859621590866724,False
nicole kidman and keith urban gush over daughters,8,7,0,0,1,1,1,0.7809005986709556,True
last man standing recasting two roles ahead of season 7 on fox,12,14,0,0,1,0,0,0.07279720526783351,True
a christmas prince the royal wedding is so awesomely bad you must watch it,14,57,0,0,1,0,0,0.06408582939401927,True
11 standout style moments from 2018 golden globes after parties,10,28,0,0,1,0,0,0.05506443684311199,True
full house,2,71,0,0,1,0,0,0.2274897805036004,True
riverdale gets good by embracing its campy gothic aesthetic,9,35,0,0,1,0,0,0.07166951258417585,True
jada pinkett smith reveals she s losing her hair i was literally shaking with fear,15,4,0,0,1,1,0,0.23699195504713852,False
eva mendes did cheat on ryan gosling with australian tv reporter claim,12,3,0,0,0,1,1,0.9093002546587544,True
kim kardashian new baby girl name is chicago,8,44,0,0,1,0,1,0.6947973770189864,False
the voice ep talks season 14 changes kelly clarkson a block button and a save option,16,54,0,0,1,0,0,0.15538981801639667,True
harvey weinstein s lawyer rebuffs rose mcgowan s assault allegations,10,82,0,0,1,0,0,0.20471353438353437,True
why did kim kardashian use a surrogate,7,30,0,1,1,0,1,0.8501338105937669,False
report bradley cooper split from pregnant girlfriend irina shayk,9,6,0,0,1,1,1,0.8855575489112292,True
descendants 2 villain kids to be honored as mickey s soundsational parade grand marshals at disneyland park,17,1,0,0,1,0,0,0.1448282074638038,True
chris evans millie bobby brown snoop dogg and more stars shower bullied student keaton jones with support tech2,18,142,0,0,1,0,0,0.21831225082394487,True
luann de lesseps gets closure from death of brilliant friend on hollywood medium,13,37,0,0,1,0,0,0.051120293384877405,True
natalie portman photo 22301 celeb photo,6,129,0,0,1,0,0,0.09137301622081616,True
heidi and spencer pratt reveal the secrets behind 9 memorable hills scenes,12,55,0,0,1,0,0,0.11554947137565422,True
nina dobrev nikki reed and ian somerhalder have been friends all along,12,38,0,0,1,1,1,0.6021488274878684,True
alpha male madness 2017 bob morley or sam heughan the winner sounds off,13,41,0,1,1,0,0,0.2636999539287924,True
scott disick renting his hidden hills home for 60k a month,11,28,0,0,1,0,0,0.37746963465894223,True
the 15 most talked about looks from the 2017 met gala,11,75,0,0,1,0,0,0.06719979483346358,True
listen curious robocall seeks damaging information on moore,8,103,0,0,1,1,0,0.3147791568185287,False
blog 5 beauty tips and tricks from miss dc teen usa 2017,12,33,0,0,1,0,0,0.03746205690536042,True
everything you always wanted to know about awards season but were afraid to ask,14,19,0,0,1,0,0,0.15509434985772386,True
watch bachelor in paradise tv show,6,990,0,0,1,1,0,0.022950803448977156,False
brad pitt did he get plastic surgery after his divorce,10,22,1,1,1,1,1,0.9896917721911246,True
two years on here s why the brad pitt angelina jolie divorce isn t final yet,16,6,0,0,1,1,1,0.9072824155677995,True
teen mom star jenelle evans ex husband courtland rogers arrested for allegedly assaulting woman,14,17,0,0,1,0,0,0.050108838440926784,True
humiliated mariah carey s credit card declined during beverly hills shopping spree,12,8,1,0,1,1,0,0.4678022224381422,False
alyson stoner how i embraced my sexual identity,8,52,0,0,1,0,0,0.1275148353673422,True
kim kardashian kanye west reportedly divorcing weeks before baby 3 arrives,11,16,0,0,1,1,1,0.9073755947542159,True
jonas brothers and other celebs party at pre 2018 grammys bashes,11,74,0,0,1,0,0,0.21070900578146629,True
armie hammer disses james woods for denouncing gay romance call me by your name,14,19,0,0,1,1,0,0.1405966593819144,False
chloe dykstra speaks out after chris hardwick denial,8,52,0,0,1,0,0,0.17955828693011638,True
anti defamation league blasts larry david s concentration camp snl jokes offensive insensitive unfunny,14,183,0,0,1,1,0,0.28180171162393725,False
sofia vergara has a fresh haircut for her birthday see her new look,13,68,1,0,1,0,0,0.16370933670608018,True
kourtney kardashian undresses and straddles boyfriend younes bendjima in seriously sexy instagram pic,13,25,0,0,1,0,1,0.6038290745788195,False
step inside the most star studded wedding of the year held in rio at christ the redeemer and attended by madonna u2 and diddy,24,0,0,0,1,0,0,0.17885163132318932,True
britney spears shares more hawaii vacation pics,7,59,0,0,1,0,0,0.16560636428512523,True
new dad george raises stink over dirty diaper duty,9,4,1,0,1,1,0,0.36196108177325814,False
yikes these scary skinny photos of brad pitt are truly worrisome,11,24,1,0,1,1,1,0.9172857922430667,True
a comprehensive guide to kylie jenner s clique,8,0,0,0,1,0,1,0.5156057018106129,False
watch bella thorne opens up about coming forward as a sexual abuse survivor,13,77,0,0,1,0,0,0.020801196949519797,True
janet jackson visits hurricane harvey victims after kicking off state of the world tour,14,63,0,0,1,0,0,0.34816822081791093,True
robert de niro wears platform shoes to tower over al pacino,11,25,0,0,1,0,0,0.2695518286287993,True
from summer rain to blue ivy carter all our favorite celeb kids musical cameos,14,34,0,0,1,0,0,0.047508242865308296,True
the exact makeup products worn by celebrities on the red carpet,11,54,0,0,1,0,0,0.13276779724803278,True
angelina jolie brad pitt divorce papers first look at legal documents,11,17,0,0,1,1,1,0.9748628287683808,True
is anne hathaway pregnant star is expecting her first child with husband adam shulman,14,10,0,1,1,1,1,0.5513292729607621,True
nicki minaj breaks the internet,5,184,0,0,1,0,0,0.24946038405771612,True
kim kardashian baby name shocker star fights with pregnant kylie over what to call daughter,15,5,1,0,1,1,1,0.5845167202430709,True
fellow comedians mourn ralphie may,5,18,0,0,1,0,0,0.29170759623555775,True
christopher plummer earns golden globe nod for kevin spacey role,10,53,0,0,1,0,0,0.08139163031880152,True
claire holt s husband matthew kaplan files for divorce,9,95,0,0,1,0,0,0.25848857651455664,True
watch priyanka chopra gives a pep talk about conquering self doubt and we are listening,15,50,1,0,1,0,0,0.17248577072662097,True
this is us justin hartley on kevin s addiction jack s death and the necklace spoilers,16,26,0,0,1,0,0,0.40907923651362904,True
trailer watch friendships are at stake in season 6 of orange is the new black,15,13,0,0,1,0,0,0.05761686999572233,True
jay z s family feud video teaser shows him and beyonce in a confessional box,15,2,0,0,1,0,1,0.5921271983173462,False
blake shelton miranda lambert awkward runin,6,0,0,0,0,1,1,0.9669843816861993,True
stranger things star charlie heaton denied entry to u s for cocaine possession report,14,1,0,0,1,0,0,0.3407977903934276,True
kate hudson reveals she is pregnant with third child,9,4,0,0,1,1,1,0.5308310752404604,True
ahs s colton haynes is marge simpson for halloween and ay caramba,12,20,1,0,1,0,0,0.38288558011787727,True
kirk cameron criticized for controversial hurricane irma comments,8,78,0,0,1,0,0,0.2291320099644682,True
travis scott kylie jenner wrap up huge weekend in houston,10,51,0,0,1,0,1,0.7481092538082709,False
john legend and chrissy teigen pitching daytime talk show,9,8,0,0,1,1,0,0.1430650279004067,False
lily collins channels a summer garden and more best dressed looks,11,77,0,0,1,0,0,0.03805678333601246,True
kourtney kardashian criticized by mommy shamers over son reign s long locks cut his hair,15,52,0,0,1,0,0,0.14130235490884505,True
kim kardashian supporting khloe s decision not to involve caitlyn in her child s life is fake news debunked,19,2,0,0,1,1,1,0.941864815244111,True
jennifer lawrence finally addressed the reports that she s dating brad pitt,12,21,0,0,1,1,1,0.9492311241425333,True
kristen stewart saturday night live,5,1018,0,0,1,1,1,0.8764793332400924,True
mr big sex and the city,6,1,0,0,1,0,0,0.32760887171880076,True
haters are shaming faith hill and tim mcgraw s for being too thin in new photo,16,14,0,0,1,1,0,0.34514771701832325,False
khloe kardashian throws epic july 4th bash with tristan thompson kim rob and dream in adorable,16,81,0,0,1,0,0,0.4880704887957589,True
sen barack obama s answer to meeting energy demands,9,14,0,0,1,0,1,0.5094303720713835,False
my pretty girl kylie jenner shares first look at 1 month old daughter stormi s face,16,1,1,0,1,0,0,0.2099658079438854,True
laura dern reese witherspoon prove they re as close as ever not feuding,13,2,0,0,1,1,0,0.42145819058290046,False
kate middleton prince william duchess stuns in yellow at wimbledon,10,91,0,0,1,0,1,0.7415973057763735,False
beyonc and jay z have date night on a yacht,10,0,0,0,1,0,0,0.1840424470100567,True
unsolved review tupac notorious b i g murder drama a mic drop for usa,14,15,0,0,1,0,0,0.11885585253286983,True
last man standing resurrected at fox for season 7 with original cast led by tim allen,16,11,0,0,1,0,0,0.06517813254016014,True
bella hadid s practically naked in this crochet top pant,10,79,0,0,1,0,0,0.19259105282208988,True
hillsong church pastor refutes post malone s claims about justin bieber,11,85,0,0,1,1,1,0.836809594937831,True
gwen stefani blake shelton may skip engagement just elope says source marriage is inevitable,14,11,0,0,1,1,1,0.9728990360475404,True
connecting people through news,4,1021,0,0,1,1,1,0.9218429606685851,True
the abbey s brandi talks having a baby with bff lawrence gf chloe it s the gay version of three s company,22,0,0,0,1,0,0,0.2059001022648627,True
table b46 employees on nonagricultural payrolls by major industry 19552006,10,0,0,0,0,0,1,0.6626078626581101,False
kerry washington s mad lib theater with jimmy fallon is the best thing we ve seen this week,18,45,1,0,1,0,0,0.1940194410558593,True
i get uncomfortable and insecure khloe kardashian s pregnancy sex struggle,11,45,0,0,1,0,1,0.585445011826957,False
beyonce birth twins still in the hospital with minor issue,10,457,0,0,1,1,1,0.6637046426932192,True
hugh hefner,2,111,0,0,1,0,0,0.28478942519699,True
how david letterman broke latenight tv,6,27,0,0,1,0,0,0.18184406596294847,True
cmas pay tribute to 12 victims of thousand oaks mass shooting,11,14,0,0,1,0,0,0.42096907226033603,True
chrissy metz says stepdad beat her forced her to do weigh ins,12,1,0,0,1,0,0,0.06500675259313517,True
scott peterson,2,1,0,0,1,0,1,0.521834277158288,False
janet jackson calls police for welfare check on son who was staying with her ex,15,64,0,0,1,0,0,0.29760902781091203,True
the exact workout and fitness routines celebrities swear by,9,46,0,0,1,0,0,0.37859957898190416,True
lionel richie doesn t want to see daughter sofia get hurt by scott disick s playboy ways says source,19,1,0,0,1,1,0,0.38284713232756795,False
8 of the world s most expensive wedding dresses,9,1,0,0,1,0,0,0.3278565684690655,True
the comment from jlaw that has fans convinced she and joel edgerton are an item,15,22,0,0,1,1,1,0.5367857940083813,True
relax the new will grace is woke anti trump and still funny,12,38,1,0,1,0,1,0.5487876552099393,False
jennifer lopez and alex rodriguez show major pda in nyc see the pic,13,1,1,0,1,0,1,0.5431294751094565,False
kourtney kardashian showcases hot bikini styles on italy trip with younes bendjima and kids,14,56,0,0,1,0,1,0.5126405125936816,False
latest fashion trends celebrity style,5,49,0,0,1,0,0,0.07217209633915207,True
miss universe 2015 runner up reunites with steve harvey 2 years after famous flub,14,67,0,0,1,0,0,0.19343206789869474,True
the x files does mulder and scully s mythology even matter anymore,12,1,0,1,1,0,0,0.2986702501799441,True
exclusive real housewives star jill zarin speaks out for the first time since husband bobby s death,17,1,0,0,1,0,0,0.09269986122526841,True
bradley cooper learns to sing for new film,8,8,0,0,1,1,1,0.5578889148464087,True
the dark tower star idris elba s daughter thinks he s fat,12,71,0,0,1,0,0,0.11586138560110137,True
amber portwood reveals matt baier congratulated her after son s birth,11,58,0,0,1,0,0,0.08028621212656885,True
dwayne the rock johnson says he s seriously considering a presidential run in 2024,14,59,0,0,1,0,0,0.2794329907034506,True
see birthday boy robert pattinson transform through the years,9,8,0,0,1,1,1,0.7408255862724785,True
jimmy uso really was caught having relations on total divas,10,38,0,0,1,0,0,0.3520557173759054,True
tlc cuts all ties with derick dillard after more transphobic comments against jazz jennings,14,76,0,0,1,0,0,0.16668582058222528,True
president trump attacks lunatic no talent dumbest person in tv,10,654,0,0,1,1,1,0.5300448821215035,True
a gallery of diana ross and her grandkids at the 2017 amas,12,10,0,0,1,0,0,0.247289704138131,True
all about m j kris jenner s mom is surrounded by kids on day 20 of christmas card countdown,19,0,1,0,1,0,0,0.3771818406969414,True
angelina jolie jealous jealous of brad pitt sienna miller is fake news story,13,4,0,0,0,1,1,0.9983090784503115,True
kylie jenner,2,1003,0,0,1,1,1,0.8326023133067461,True
10 best dressed week of november 5 2018,8,51,0,0,1,0,0,0.048570194132031716,True
alaska bride surprised by her late son s heart recipient,10,1,0,0,1,0,0,0.26536074540392324,True
trump rescinds rules on bathrooms for transgender students,8,1006,0,0,1,1,1,0.7260617818829418,True
bet awards 2018 nominations dj khaled kendrick lamar lead variety,10,44,0,0,1,0,0,0.08103428874415913,True
a look back at royal christenings ahead of prince louis,10,16,0,0,1,0,0,0.1163297659582454,True
winners list avengers infinity war bts win big at the people s choice awards 2018,15,0,0,0,1,0,0,0.11521694118809891,True
a complete list of who lives and dies in avengers infinity war,12,6,0,0,1,0,0,0.29626672312137337,True
kylie jenner kanye west on time s most influential people on the internet,13,30,0,0,1,0,1,0.8117649888773418,False
people freaked out over nicole kidman s mismatched shoes at the emmys but here s what they missed,18,22,0,0,1,0,1,0.5587317555410822,False
13 reasons why season 2 everything we know so far variety,11,14,0,0,1,0,0,0.12398809384699566,True
cara delevingne photo gallery high quality pics of cara delevingne,10,94,0,0,1,0,0,0.29812114840424786,True
tyra banks on returning to america s next top model her new tyra ism exclusive,15,19,0,0,1,0,0,0.40910134297831025,True
taylor swift meets fan fighting brain cancer and meghan mccain arranged the dream meeting,14,17,1,0,1,0,0,0.3560554044792591,True
all the kardashians responses to kylie jenner s pregnancy rumors prove they re great at playing coy,17,49,0,0,1,0,1,0.7348521260001074,False
rita ora s sweatpants could stop traffic,7,47,0,0,1,0,0,0.2211937979416972,True
kim defends herself after calling kourtney lazy she sure wanna live that kardashian life though,15,24,0,0,1,0,0,0.4623769647474987,True
5 awkward details about blake shelton and gwen stefani s relationship including what she s said about marrying him,19,3,0,0,1,1,1,0.8379817645875022,True
kendall jenner finds the most creative way to shade sofia richie on keeping up with the kardashians,17,50,0,0,1,0,1,0.7342685680144868,False
joe jonas joins selena gomez for new movie amp we can t help wondering does taylor swift know,18,5,0,1,1,1,1,0.8740457609442978,True
lisa kudrow makes her debut in grace and frankie season 4 trailer,12,0,0,0,1,0,0,0.037324130530168094,True
how much are actors on saturday night live paid per episode,11,20,0,1,1,0,1,0.6820225525441115,False
luann de lesseps proclaims i am happy one month after tom d agostino split,14,82,0,0,1,0,0,0.10473533492848316,True
selena gomez s fetish makeup is surprisingly easy shop the look,11,117,1,0,1,0,0,0.21877528180847922,True
watch the 2018 grammys live stream online variety,8,38,0,0,1,1,0,0.3995981393858092,False
cast of roseanne describes surreal return to iconic set,9,18,0,0,1,0,0,0.08237029549057756,True
traitor kim kardashian s family furious over meeting with donald trump,11,3,1,0,1,1,1,0.9385634449361049,True
harry styles fears liam payne will get heart broken by cheryl fernandez versini,13,2,0,0,1,1,1,0.7493582343986661,True
angelina jolie fragile at 79 lbs battles brad pitt over career co star fears same fate as jennifer aniston,19,4,0,1,1,1,1,0.9942607392914158,True
do you believe in magic,5,55,0,0,1,0,0,0.23296031304288187,True
bonding on buffy the vampire slayer who fell in love who feuded and who became bffs,16,34,0,0,1,0,0,0.09529584976532655,True
caitlyn jenner desperate to be a mom her plans to adopt baby boy,13,16,0,0,1,1,1,0.9349889392127304,True
michael buble and wife luisana lopilato welcome baby no 3,10,76,0,0,1,0,0,0.2570296581323061,True
we have reason to believe a new justin timberlake album could be on its way,15,52,0,0,1,0,0,0.31895602472992424,True
eric ripert speaks out after finding anthony bourdain dead,9,84,0,0,1,0,0,0.17889757186835606,True
10 rules prince william and kate middleton must always follow that other royals don t,15,5,0,0,1,1,0,0.34519630636085913,False
13 blowout products that are worth every penny,8,62,0,0,1,0,0,0.112184442611569,True
how kate upton love brought justin verlander back from the brink,11,70,0,0,1,0,1,0.5543382714488747,False
at the 2017 met gala the clothing spoke louder than the instagram likes,13,43,0,0,1,0,0,0.04711832479244757,True
nick cannon reveals the most diva thing mariah carey s ever done,12,67,0,0,1,0,0,0.4825583780172593,True
kate beckinsale in black tulle dress leg exposed laying on leather couch 8 x 10 inch photo at amazon s entertainment collectibles store,23,51,0,0,1,0,0,0.1458622433563818,True
royal wedding 2018 david beckham victoria beckham attend,8,38,0,0,1,0,1,0.6228636372060972,False
princess eugenie refusing to accept meghan markle into royal family,10,13,0,0,0,1,1,0.8625858985725571,True
rihanna s bf hassan jameel worried about unpredictable chris brown fears he wants her back,15,15,0,0,1,1,1,0.9684111431562074,True
miley cyrus said satan is nice guy but misunderstood,9,105,0,1,1,1,1,0.7796548593858927,True
how the church of scientology seemingly protected danny masterson amid rape allegations,12,143,0,0,1,1,0,0.34875434489815565,False
kathy griffin spills all the trump tea and more on her world tour,13,55,0,0,1,0,1,0.5028791310198931,False
jennifer aniston quietly donates 1 million to puerto rico hurricane relief,11,63,0,0,1,0,1,0.6022576681388581,False
how dancing with the stars paid tribute to las vegas shooting victims,12,63,0,0,1,0,0,0.30797888531510176,True
kate middleton pippa feuding over meghan markle,7,94,0,0,0,1,1,0.9669359940647555,True
showtime s whitney houston documentary looks heart wrenching,8,36,0,0,1,0,0,0.1573414319047059,True
jonathan rhys meyers cosies up to wife mara lane and son wolf,12,54,0,0,1,0,0,0.16747951188947577,True
paris hilton hires bodyguards to protect 2 million engagement ring,10,46,0,0,1,0,0,0.2531939315257034,True
hong kong woman tricked into marrying a stranger in china,10,39,0,0,1,1,0,0.2570021810502825,False
the most empowering quotes on the 2018 sag awards red carpet,11,16,0,0,1,0,0,0.08472863921672608,True
abby lee miller reveals dance moms rejoiced at sentence,9,50,0,0,1,0,0,0.0965137599696182,True
miley cyrus poses as a nearly nude fairy princess for david lachapelle s new book lost found,17,53,0,0,1,0,0,0.3104307391118231,True
meet the new and hot chewbacca in the last jedi,10,16,1,0,1,0,0,0.12339536593441242,True
prince harry grins as fianc e meghan markle flashes diamond ring for their first engagement pictures in diana memorial garden,20,62,0,0,1,0,1,0.5815082570009322,False
would you consider a colored lip balm as a makeup product,11,44,0,1,1,0,0,0.2408751458766195,True
johnny depp ex biz managers settle 25m fraud suit a month before trial,13,68,0,0,1,0,0,0.34765475798083134,True
justin theroux still heartbroken over jennifer aniston split despite dating rumors exclusive,12,27,0,0,1,1,1,0.9906204273926877,True
billy ray cyrus tells fans don t jump the gun after miley marriage speculation,14,127,0,0,1,1,1,0.5390210832948124,True
gigi hadid responds to troll who said her relationship with zayn is fake,13,63,0,0,1,0,1,0.6345328261062133,False
are katie holmes jamie foxx expecting a baby new report claims they want to start a family,17,8,0,1,1,1,1,0.9846392181826906,True
venice film festival 2017 the best red carpet looks,9,75,0,0,1,0,0,0.08944443872557117,True
rosie o donnell s ex wife michelle rounds was found near prescription pill bottles when she died,17,51,0,0,1,0,0,0.4064104610454309,True
u s solar market insight report,6,566,0,0,1,0,1,0.9679496143623036,False
you are being redirected,4,57,0,0,1,1,0,0.30090770402939043,False
ben affleck jennifer lopez back together,6,834,2,2,1,1,1,0.9949858144021982,True
kylie jenner reportedly an emotional wreck following caitlyn jenner s transition,11,108,0,0,1,1,1,0.9491122999402165,True
splitting up together renewed at abc,6,4,0,0,1,0,0,0.21399163816349498,True
20 years of starbucks holiday cups,6,78,0,0,1,0,0,0.3884217716988723,True
inside amfar los angeles star studded tribute to julia roberts glamour glitz and goldie hawn,15,1,0,0,1,0,0,0.31164566157591883,True
la la anthony and husband carmelo reconcile almost two years after calling it quits,14,76,0,0,1,0,0,0.13130001917330622,True
brad pitt doubtful angelina jolie can have a successful 4th marriage after theirs failed,14,23,0,0,1,1,1,0.98864386351189,True
your comprehensive guide to the kim cattrall sarah jessica parker beef,11,20,0,0,1,0,0,0.4917795742947372,True
jennifer aniston s secret miscarriage heartbreak,6,6,0,0,1,1,1,0.8263074855768782,True
what birth order are the kardashians,6,23,0,1,1,0,1,0.812017956668751,False
wedding dress of meghan markle,5,52,0,0,1,0,0,0.34043124586110574,True
new york man wanted for infecting 240 men and women with hiv,12,0,3,0,1,1,1,0.6589246540149992,True
michael vartan talks the dark side of the arrangement and to what lengths terence will go for success,18,53,1,0,1,0,0,0.16187398674423922,True
2018 kids choice awards,4,48,0,0,1,0,0,0.0671396546571277,True
justin bieber selena gomez their time apart is driving him crazy,11,102,0,0,1,1,1,0.8254458992927979,True
celebrities slam donald trump for criticizing san juan mayor as she pleads for help for her people,17,27,0,0,1,1,1,0.8952017585726421,True
making nerd dreams come true kendall jenner gigi hadid pose for star wars shoot,14,17,0,0,1,0,1,0.5056876491970088,False
house of cards here s exactly how kevin spacey s frank underwood died,13,1011,0,0,1,0,0,0.17747247328977483,True
revenge facelift brad pitt has fillers botox peels in wake of bitter divorce,13,28,1,0,1,1,1,0.9457441357355681,True
real housewives shannon and david beador reunite for family outing at usc game post split,15,59,0,0,1,0,0,0.14846598874799274,True
from bloody shoes to tattoos how the game of thrones cast is saying farewell,14,48,0,0,1,0,0,0.15206921482456062,True
cutest bath ever ciara s daughter sienna flashes a huge smile in adorable splashy snap,15,18,1,0,1,0,0,0.22098938016632408,True
kanye west calmer more focused on one year anniversary of breakdown life with kim is flourishing,16,8,0,0,1,1,1,0.6698013076840494,True
honey boo boo house hits the market for double,9,29,0,0,1,0,0,0.15279178441341243,True
alec baldwin stepping away from twitter following criticism over weinstein payoff comments,12,33,0,0,1,1,0,0.26142189561897866,False
trump nation,2,1369,0,0,1,1,1,0.9198493112840559,True
miley cyrus apologizes for skipping teen choice awards announces new single younger now,13,45,0,0,1,0,0,0.10423628873180263,True
contact support,2,73,0,0,1,0,1,0.5142979110869385,False
justin bieber ruins selena gomez reunion kendall jenner quits modeling rumor patrol video,13,1,0,2,1,1,1,0.9945377446607319,True
penn badgley gets meta about his return to tv as a very charming stalker,14,38,0,0,1,0,0,0.056172540263268414,True
audrina patridge divorce corey bohan seeks joint custody,8,50,0,0,1,0,0,0.44234761549496304,True
teen mom s chelsea houska is pregnant with baby no 3,11,47,0,0,1,0,0,0.18089110300719513,True
miley cyrus latest news photos and videos,7,60,0,0,1,1,0,0.41481840792504115,False
miley cyrus takes family drama in her stride as dad billy ray storms out of interview,16,32,0,0,1,0,0,0.2740040685573982,True
demi lovato no longer cares what the haters say about her swimsuit instagrams,13,63,0,0,1,0,0,0.12065930947074607,True
here s all the proof you need that kristen bell is a real life fairy godmother,16,15,0,0,1,0,0,0.14487447987303745,True
curses on very cavallari kristin lets f bombs fly after store snafus,12,0,1,0,1,0,0,0.14022198001858185,True
chrissy teigen makes trump s birthday great by donating to aclu in installments of 72k,15,41,0,0,1,0,0,0.1456235479732618,True
oprah s dad to pen tell all book,8,0,0,0,1,1,0,0.20956842410882331,False
arie luyendyk jr,3,39,0,0,1,0,0,0.1322463060520701,True
pink announces beautiful trauma uk tour 2019 how to get tickets,11,17,0,0,1,0,0,0.15565073557289005,True
bye bye britney spears announces final dates of las vegas residency,11,249,0,0,1,0,0,0.2398326535337532,True
cardi b performs in billowy metallic dress at miami club,10,125,0,0,1,0,0,0.039228530779835694,True
a wedding kylie jenner wants to make bad decisions,9,1,1,1,1,0,1,0.7486319372535993,False
is bradley cooper really singing in a star is born,10,5,0,1,1,1,1,0.7104504166861212,True
shannon beador shares photo of traumatizing nose bleed,8,76,0,0,1,0,0,0.05321754850532144,True
the x factor uk series 5,6,1050,0,0,1,1,0,0.23334755843836552,False
naomi watts and liam neeson are not dating truth to the false article married biography,15,7,2,0,1,1,1,0.8553825623373117,True
shannon beador ex goes public with new girlfriend,8,23,0,0,1,0,0,0.27194394500812913,True
celebrate national donut day the hollywood way check out gisele b ndchen and more stars indulging,16,26,1,0,1,0,0,0.1911957140095209,True
sugar bear learns the results of his wife s secret dna test on honey boo boo,16,77,0,0,1,0,0,0.33520713445730954,True
nbc 2017 18 fall schedule must see tv revived on thursday with this is us will grace,17,14,0,0,1,0,0,0.1270321432364293,True
why kathie lee gifford reached out to bill cosby harvey weinstein,11,57,0,0,1,0,0,0.17395228968086338,True
kanye west uses birthday call with khlo to beg her to dump tristan set an example for kendall exclusive,19,5,1,0,1,1,1,0.809442188948311,True
tyrese gibson jets out of toxic la as child abuse investigation is dropped,13,128,0,0,1,0,0,0.2751770095804682,True
birthday suit celebrate kim kardashian s 37th b day with her sexiest naked pics,14,0,1,0,1,0,0,0.12804451172872672,True
lol jimmy kimmel shares exclusive first photo of beyonc and jay z s twins,14,0,0,0,1,0,0,0.22443629082705233,True
breaking clinton foundation cargo ship raided at port of baltimore reveals sick secret,13,912,0,0,1,1,1,0.9444943584740929,True
lupita nyong o designed her mom s dress for the black panther premiere,13,0,0,0,1,0,0,0.09056237101007582,True
jersey shore s the situation sentenced to prison for tax evasion,11,27,0,0,1,0,0,0.1642574130371606,True
celebritymaximum com,2,108,0,0,1,0,0,0.3305318611738521,True
kim kardashian west opens up about returning to paris for the first time since robbery,15,13,0,0,1,0,0,0.24569448719441372,True
kevin eniko hart celebrated their baby shower this weekend and no it wasn t awkward,15,65,0,0,1,0,0,0.39591789834589186,True
pete davidson says he didn t give ex cazzie david his dad s necklace before gifting it to ariana grande,20,59,0,0,1,0,0,0.15600123016721423,True
zayn malik blonde hair beard after gigi hadid breakup,9,48,0,0,1,0,0,0.4481427082189741,True
american horror story just unleashed a gaping plot hole or a massive clue,13,70,0,0,1,0,0,0.3070188022963059,True
hostess with the mostess,4,114,0,0,1,0,0,0.30677318520250657,True
blake wants out how gwen came between shelton the voice execs,11,8,1,0,1,1,1,0.9308968623793231,True
rob lowe s kids play the best son challenge on the tonight show,13,1,0,0,1,0,0,0.08655913079661708,True
inside christina aguilera s road to reinvention,7,45,0,0,1,0,0,0.37565918767977197,True
robert pattinson reveals the reason for taking therapy,8,11,0,0,1,1,1,0.8488861857853041,True
did pregnant amber portwood just reveal the name of her baby boy,12,50,0,1,1,0,0,0.47083884215858585,True
gossip girl star ed westwick accused of rape actor denies claim,11,150,0,0,1,0,0,0.3653634051241061,True
rachel weisz,2,988,0,0,1,1,1,0.510388741898496,True
hailey baldwin s epic beauty evolution from child star to rising model,12,75,0,0,1,0,0,0.09056518196463637,True
scandal tv series,3,50,0,0,1,0,0,0.11116575744344409,True
how halsey and g eazy s love story became undeniable on and off stage,14,0,0,0,1,0,0,0.09690503466694966,True
hillary clinton says guns exceed next nine categories as leading cause of death for young black men,17,30,0,0,1,0,0,0.4535737594654837,True
video frozen s idina menzel and kristen bell perform on abc holiday special,13,32,0,0,1,0,0,0.20036814381400178,True
ellen degeneres and portia de rossi exchange loving anniversary tributes in celebration of nine years of marriage,17,15,0,0,1,1,1,0.8511412743002642,True
nasa confirms 15 days of darkness coming this month,9,1489,0,0,1,1,0,0.2938013661705036,False
justin theroux stayed in guest house before jennifer aniston split,10,14,0,0,1,1,1,0.8972128364539048,True
playboy bunny s giant rabbit dies on united flight,9,44,0,0,1,0,0,0.31713522957996276,True
teresa giudice is dating businessman report claims,7,12,0,0,1,1,1,0.9101493339723536,True
the royal wedding how much security renovations and meghan markle s dress might cost,14,10,0,0,1,0,0,0.21850587319936657,True
prince harry meghan markle join lin manuel miranda at hamilton,10,871,0,0,1,1,0,0.4643433655396167,False
this is macaulay culkin this is the most important thing i ve ever done in my life ama iama,19,47,0,0,1,0,0,0.23731464959241594,True
watch john boyega bust a move like michael jackson,9,22,0,0,1,0,0,0.30436047796905485,True
insecure ben stiller s extreme paranoia leads to divorce,9,4,0,0,1,1,1,0.6219004606518651,True
a definitive timeline of kylie jenner and tyga s relationship,10,2,0,0,1,1,1,0.7073381321648795,True
nascar owners threaten to fire drivers who protest,8,447,0,0,1,1,0,0.3199823895421094,False
solo firing explained why lucasfilm replaced lord and miller with ron howard,12,14,0,0,1,0,0,0.4590918118362222,True
chris pratt amy poehler dating,5,14,0,1,1,1,1,0.8016693085989669,True
reba mcentire on wearing the same dress from 1993 duet of does he love you at acm awards exclusive,19,79,0,0,1,0,0,0.09970215355132683,True
madonna covers britney spears toxic listen,6,105,1,0,1,0,1,0.6638073430094575,False
keeping up with the kardashian pregnancy rumors a timeline,9,39,0,0,1,1,1,0.7117934605933298,True
actor vince vaughn arrested on suspicion of dui resisting arrest at manhattan beach checkpoint,14,287,0,0,1,0,0,0.19836249525780875,True
wwe news nikki bella turned down dancing with the stars,10,1,0,0,1,0,0,0.08446280337769467,True
whirlwind romances and crushing heartbreak inside jennie garth s struggle to find love,13,45,0,0,1,0,0,0.2854245624754112,True
anthony anderson to host 2018 nba awards,7,9,0,0,1,0,0,0.07679726027217139,True
are katie holmes jamie foxx expecting a baby new report claims they want to start a family,17,14,0,1,1,1,1,0.9846833053334887,True
brunette hair color tips from kristen stewart s breaking dawn hair pro,12,948,0,0,1,1,1,0.7605432500184968,True
halle berry is officially done with love,7,12,0,0,1,1,0,0.4552413405633331,False
mandy moore marries taylor goldsmith in intimate backyard ceremony,9,29,0,0,1,0,0,0.18524403184326638,True
jessica alba and jenna dewan tatum talk about the struggle of being a working mother,15,100,0,0,1,0,0,0.36615754199396305,True
did president trump forget the words to the national anthem,10,68,0,1,1,0,1,0.7758356842704466,False
harry styles helps fan come out to her mom during concert,11,50,0,0,1,0,0,0.276039560817911,True
brandon flynn weighs in on those intense pda pics with boyfriend sam smith,13,64,0,0,1,0,0,0.1548619041134853,True
pete davidson and ariana grande are already talking about having kids,11,39,0,0,1,0,0,0.21197280320767578,True
scheana shay i know i look stupid on pump rules,10,84,0,0,1,0,0,0.15084110685598023,True
kelly clarkson finally met steve carell at golden globes,9,15,0,0,1,0,0,0.07088889257162524,True
inside ben affleck and matt damon s enduring friendship how they survived scandal heartbreak and tabloid fodder,17,66,0,0,1,1,1,0.7296366224281566,True
bachelor arie luyendyk jr and lauren burnham are engaged,9,12,0,0,1,0,0,0.05599605099551013,True
annabelle neilson dead ladies of london star dies at 49,10,135,0,0,1,0,0,0.247873565024729,True
13 reasons why brandon flynn says he s part of the lgbtq community,13,53,0,0,1,0,0,0.22376344660132458,True
kate middleton and prince william meet swedish royal family,9,22,0,0,1,0,1,0.6285509334784972,False
kylie jenner shows off her 20 foot gold christmas tree and sneaks in a selfie with stormi,17,114,1,0,1,0,0,0.385115756872412,True
pregnant america ferrera celebrates baby shower with ugly betty and superstore costars,12,94,0,0,1,0,0,0.2126981050058074,True
oops savannah guthrie apologizes after accidentally swearing on the today show,11,10,1,0,1,1,0,0.39443415530624376,False
the new christopher robin trailer hits all the feels,9,41,0,0,1,0,0,0.16088677965006867,True
amber heard talks for first time about marriage to johnny depp,11,32,0,0,1,1,0,0.41440901187747897,False
game of thrones was the dragon always the night king s plan,12,56,0,1,1,0,0,0.3406629112395469,True
ocean s film series,4,111,0,0,1,0,0,0.4869623833121961,True
planned parenthood action center,4,581,0,0,1,0,0,0.1705839893039099,True
the celebrities who took advantage at wimbledon,7,47,0,0,1,0,1,0.5070536344488079,False
married at first sight s cody knapek and danielle degroot to divorce,12,92,0,0,1,0,0,0.17818406873328507,True
gisele and tom brady s never before seen wedding photos are making us emotional,14,48,0,0,1,0,0,0.08322505651840456,True
victoria beckham receives obe from prince william,7,35,0,0,1,0,1,0.6767671048447581,False
eddie montgomery honors bandmate troy gentry at cma awards,9,58,0,0,1,0,0,0.10056838853650332,True
taylor swift announces more north american dates for the reputation stadium tour,12,34,0,0,1,0,0,0.27926445689122986,True
chris pratt runs for his life in jurassic world fallen kingdom trailer tease,13,96,0,0,1,0,0,0.3775527546340549,True
sick jane fonda s mental meltdown,6,43,1,0,1,1,1,0.620097020312638,True
9 things selena gomez did to get the body she has now,12,62,0,0,1,1,0,0.44252175527620025,False
jay z sued i m your son just admit it says wannabe rapper,13,37,0,0,1,1,0,0.16607124324994774,False
transcripts,1,0,0,0,1,0,0,0.31104190212486693,True
tyrese gibson calls the rock a clown for breaking up the fast furious family,14,25,0,0,1,0,1,0.8061669838003924,False
eric benet confronted jay z for a fight over 4 44 lyrics,12,33,0,0,1,1,0,0.3414785663771572,False
8 kate and pippa middleton inspired mother s day gifts,10,62,0,0,1,0,0,0.20958563745378642,True
ed sheeran on hoopla around beyonc s changing email addresses it was blown out of proportion,16,18,0,0,1,0,0,0.24155678563462993,True
jennifer lawrence harvey weinstein is a horrible ass boil,9,97,0,0,1,0,0,0.341262020407973,True
verify does facebook want your nudes,6,1,0,1,1,0,1,0.6731766111550074,False
scott disick and sofia richie reached another relationship milestone,9,2,0,0,1,1,1,0.6539956427021667,True
make me your wife hailey baldwin begs justin bieber to propose,11,6,1,0,1,1,1,0.6704322655822846,True
scandal series finale ending what that portrait of olivia pope means,11,61,0,0,1,0,0,0.1196627760157103,True
daisy ridley on porgs kylo ren and more star war the last jedi teasers,14,58,0,0,1,0,0,0.18897904892251477,True
justin bieber caught up in church child molester scandal,9,20,0,0,1,1,1,0.8832118084485122,True
britney spears appears terrified as man crashes stage during vegas residency he s got a gun,16,1012,0,1,1,1,1,0.7244241470459397,True
kate middleton gets a tattoo during trip to sunderland with prince william but don t worry it s not permanent,20,54,0,0,1,0,0,0.357380560808485,True
macaulay culkin paris jackson head to tattoo parlor to get matching tattoos,12,87,0,0,1,0,0,0.354387431527481,True
kris jenner reportedly put rob kardashian in his place after he apologized for blac chyna scandal,16,0,0,0,1,0,1,0.6235985487317622,False
justin timberlake and jimmy fallon celebrate memorial day weekend on a tandem bike see the video,16,0,1,0,1,0,0,0.15089606756940244,True
kendrick lamar the weeknd lorde and more to perform at the 2017 mtv vmas,14,32,0,0,1,0,0,0.3027734540424477,True
politifact s annotated transcript of the second presidential debate,9,22,0,0,1,0,0,0.054130323646684755,True
trump jokes about low oscar ratings we don t have stars anymore except your president,15,54,0,0,1,0,0,0.41630838726046887,True
saturday savings gigi hadid s red hot hoodie is only 20,11,91,0,0,1,0,0,0.12710527311326508,True
mike pence allowing rape victims to have abortions will lead to women trying to get raped,16,764,0,0,1,1,1,0.5636923805841074,True
beyonce bonds with blue ivy on memorial day,8,74,0,0,1,0,0,0.2389686475772702,True
pink slams christina aguilera rift rumors calls the 2017 amas a celebration of women,14,45,0,0,1,0,1,0.5641827543754191,False
halle berry crushes james corden in rap battle watch,9,18,0,0,1,0,0,0.2747822209038845,True
victoria s secret model devon windsor just got engaged in the dreamiest proposal ever,14,20,0,0,1,0,0,0.3008342725434946,True
here 39 s what true thompson looks like according to proud dad tristan,13,22,0,0,1,0,0,0.12520831591220621,True
wwe s brie bella needed a c section after trying natural labor her abs were too tight says sister nikki,20,0,1,0,1,0,0,0.06477596607871373,True
gregg allman laid to rest at macon funeral,8,2,0,0,1,0,0,0.23141415139241386,True
kerrigan s family tragedy,4,17,0,0,1,0,0,0.37720545842577574,True
flashnewscorner com,2,596,0,0,1,1,0,0.38500269208241794,False
scott disick has baby fever wants to start a family with sofia richie,13,88,0,0,1,1,1,0.7899245288864798,True
angelina jolie returning to acting after taking time off for family situation i ve been needed at home,18,24,0,0,1,0,1,0.7526752008935775,False
list of most expensive films,5,17,0,0,1,0,0,0.4345469929674166,True
nikki bella talks planning intimate wedding to john cena and offers beyonc some tips on raising twins call me,19,0,1,0,1,0,0,0.29917335918469135,True
law passed all child support in the united states will end by beginning of 2018,15,154,0,0,1,1,0,0.17552062479484665,False
why princess charlotte never wears pants,6,6,0,0,1,1,0,0.13126600818105857,False
gina rodriguez is engaged to joe locicero see her ring,10,47,0,0,1,0,0,0.4571333818954663,True
jennifer lawrence and emma stone at 2017 governors awards,9,56,0,0,1,0,1,0.5413568299101691,False
olivia munn recreates meghan markle s famous photo of her teen self outside buckingham palace,15,80,0,0,1,0,0,0.27494388203869663,True
is selena gomez shopping justin bieber s closet,8,39,0,1,1,0,1,0.9598540913085158,False
hfpa investigating brendan fraser s sexual assault claim james woods steps up as an ally,15,54,0,0,1,0,0,0.09753896324881053,True
anna faris uncomfortable watching chris pratt zoe saldana romantic scenes,10,6,0,1,1,1,1,0.7353283020018991,True
the bachelorette just isn t fun anymore and the reasons why are depressing,13,0,0,0,1,0,0,0.2725052902657826,True
justin bieber and finace hailey baldwin want to tie the knot next year,13,1,0,0,1,1,1,0.5553464613986557,True
celebrities react to president trump s incendiary press conference,9,2,0,0,1,1,1,0.9444224765859701,True
creepy new american horror story cult trailers are here and they ll give you nightmares,15,94,0,0,1,0,0,0.22303474754100217,True
edward norton s production company sued for 7 million after tragic harlem fire left 1 dead,16,77,0,0,1,0,0,0.28905603876180014,True
meet brad pitt s secret weapon,6,41,0,0,1,0,1,0.9258091338985303,False
shop joanna gaines 2018 hearth hand holiday collection at target,10,59,0,0,1,0,0,0.12409548418325587,True
selena gomez s 2018 met gala dress has a detail you definitely missed,13,19,0,0,1,0,0,0.08840281227462814,True
aziz ansari lena waithe breaks silence on allegations against master of none co star,14,63,0,0,1,0,0,0.11418252703275193,True
2018 mtv movie tv awards,5,0,0,0,1,0,0,0.03680441400088614,True
malia obama s gap year about to end as she goes to harvard,13,15,0,0,1,0,0,0.32705053807878876,True
travis scott responds to claims he bailed on show after stormi s arrival,13,36,0,0,1,0,1,0.6420613053513379,False
twitter applauds lena waithe s rainbow flag cape at the 2018 met gala,13,13,0,0,1,0,0,0.03902208547059359,True
ben affleck gifted a pet pooch on what a source tells us is his final day in rehab,18,6,0,0,1,1,1,0.6188354133220931,True
jennifer aniston confronts neri stay away from brad,8,2,1,0,1,1,1,0.9666700433647796,True
brad pitt bid 120k to watch game of thrones will emilia clarke,12,11,0,0,1,1,1,0.6756570575107159,True
meghan markle hero worships her friend kate middleton according to body language expert,13,9,0,0,1,1,0,0.48575327725384115,False
richard simmons sues radaronline national enquirer to protect privacy,9,20,0,0,1,1,0,0.26650617254046094,False
meghan markle and serena williams a timeline of the duchess friendship with the tennis superstar,15,10,0,0,1,0,1,0.5513951625818513,False
heath ledger,2,55,0,0,1,0,0,0.31138600969521824,True
michael oher assault charge dismissed in incident involving uber driver,10,13,0,0,1,0,0,0.23152267791350714,True
matt lauer and annette roque s strained marriage in their own words,12,45,0,0,1,1,1,0.5624175643370491,True
katherine heigl talks joining suits and how her mom helped her get the gig,14,35,0,0,1,0,0,0.2506981669438077,True
13 horror movie characters that will forever haunt our nightmares,10,55,0,0,1,0,0,0.11478563215945152,True
kourtney kardashian frustrated by jealous beau younes bendjima,8,263,0,0,1,1,1,0.8176867955162683,True
what has lady gaga done to her face plastic surgeon dishes dirt on shock transformation,15,81,0,1,1,1,1,0.7919352027877071,True
khlo kardashian reflects on post baby workouts,7,14,0,0,1,0,0,0.4360473874427196,True
spooky and sweet the cast of sabrina the teenage witch reunites in los angeles,14,42,0,0,1,0,0,0.07439040495900895,True
kuwtk reveals scott disick angry about kourtney s new beau,10,1,0,0,1,0,0,0.25826932907415473,True
the product ariana grande uses to create her ponytail is surprising,11,87,0,0,1,0,0,0.10120246460519017,True
rihanna s personal highlight technique is so extra as expected,10,30,0,0,1,0,0,0.49600770203537076,True
harry styles dating naked chef tess ward,7,94,0,0,1,1,1,0.6067817877381427,True
where do the kardashians live kim kardashian s house is huge,11,319,1,1,1,1,1,0.9306557041754285,True
jennifer lawrence auditioned for blake lively s role in gossip girl and desperately wanted the part,16,18,0,0,1,0,0,0.47990310694941324,True
oscars 2017 best picture mix up everything we know,9,18,0,0,1,0,0,0.34607282409686124,True
what to wear on fourth of july,7,77,0,0,1,0,0,0.3901212030155644,True
timoth e chalamet blushes his way through questions about dating madonna s daughter,13,25,0,0,1,0,0,0.41496502168667393,True
jesse williams nfl national anthem is a scam to boost military recruitment,12,5,0,0,1,0,0,0.4586558370404344,True
met gala 2018 madonna snacks while getting glammed up,9,10,0,0,1,1,0,0.16540154373256075,False
maci bookout granted two year restraining order against ryan edwards,10,17,0,0,1,0,0,0.28477261827396366,True
brad pitt angelina jolie reportedly agree to spend christmas together with the kids,13,13,0,0,1,1,1,0.9479099812016272,True
bachelor in paradise addresses scandal in most frustrating way possible in the premiere,13,1,0,0,1,0,0,0.058500979776679125,True
ciara shares first photo of daughter sienna see the gorgeous snap,11,90,1,0,1,0,0,0.07886442421086709,True
game of thrones season 8 spoilers jon snow and sansa stark divided in finale,14,1,0,1,1,0,0,0.06883631747520119,True
amber heard and elon musk reportedly broke up again,9,81,0,0,1,0,0,0.34576034523276594,True
best male r b pop artist,6,0,0,0,1,0,0,0.13438251730883854,True
jennifer lawrence deeply disturbed to hear harvey weinstein news,9,67,0,0,1,0,0,0.4158817393197777,True
emmys 2018 record breaking nominees,5,21,0,0,1,0,1,0.5783361327436073,False
gwen stefani tells blake shelton she loves him ish,9,25,0,0,1,1,1,0.9225051363241085,True
dame judi dench battles failing eyesight but says stop telling me to retire,13,28,0,0,1,1,0,0.26107309282387625,False
i tried julianne hough s workout routine and it made me realize how hard she works for her body,19,58,0,0,1,0,0,0.13420729918449759,True
prince harry s ex cressida bonas reveals her one worry about attending the royal wedding,15,11,0,0,1,1,0,0.25295569743718305,False
scarlett johansson wants people to know that rough night isn t a stereotypical chick flick,15,70,0,0,1,0,1,0.5297369770345381,False
michael jackson searching for neverland,5,45,0,0,1,0,0,0.35624653058423805,True
becca kufrin wants michael strahan on the bachelorette,8,39,0,0,1,0,0,0.3707418224685575,True
casey reinhardt net worth,4,1,0,0,1,0,0,0.37018236260474746,True
i am not okay the remarkable response to the charlie rose allegations from his cbs colleagues,16,1,0,0,1,0,0,0.19764920317055848,True
people s most beautiful a look back at the covers,10,41,0,0,1,0,0,0.2167071701833573,True
mark consuelos says the body shaming over kelly ripa s bikini was bizarre,13,13,0,0,1,0,0,0.22808655507652317,True
kylie jenner held stormi in an 820 gucci baby carrier but people are only focused on whether it s safe,20,23,0,0,1,0,1,0.7523404209931138,False
inside the marriage of beyonc and jay z who sport matching ring finger tattoos weathered a cheating scandal and are worth over 1 billion,24,0,0,0,1,1,1,0.5162344960915957,True
tyga is dating kim kardashian look alike kamilla osman following kylie jenner s pregnancy news source,16,0,0,0,1,0,1,0.8857676952960307,False
sparknotes the handmaid s tale plot overview,7,66,0,0,1,0,0,0.36861470190312723,True
i m fine and other lies whitney cummings 9780735212602 amazon com books,12,66,0,0,1,0,0,0.18101210950958307,True
selena gomez s mom reportedly isn t the reason she and justin bieber are taking a break,17,31,0,0,1,0,1,0.9091311701327797,False
kristen stewart not bad tipper despite report,7,10,0,0,1,1,1,0.970898530191572,True
actor geoffrey rush sues australian newspaper over inappropriate behavior report,10,14,0,0,1,0,1,0.6931691268654373,False
find celebrities in la 9 celebrity hangouts in la,9,0,0,0,1,0,0,0.42953623983541106,True
jennifer lopez and alex rodriguez avoid run in with casper smart,11,8,0,0,1,1,1,0.8193469758774296,True
louis tomlinson will not be charged for airport brawl involving girlfriend eleanor calder,13,51,0,0,1,0,1,0.5004967086359186,False
kylie jenner steps out with giant diamond ring sparks engagement rumors,11,143,0,0,1,0,1,0.7278238026252245,False
prince harry and meghan markle pick a place and a date windsor castle in may,15,18,0,0,1,0,0,0.4358318378344582,True
sisterhood of the traveling pants cast reunited once again this time to celebrate america ferrera s pregnancy,17,140,0,0,1,0,0,0.06407093759430706,True
survivor s jenna morasco arrested after allegedly biting cop apparent overdose,11,24,0,0,1,0,0,0.257461623156201,True
amy schumer i feel pretty trailer,6,41,0,0,1,0,0,0.12126018645630042,True
justin bieber cancels tour due to spiritual awakening,8,38,0,0,1,0,1,0.7594950127599343,False
gigi bella hadid pose naked together for british vogue,9,33,0,0,1,0,0,0.24348153418820384,True
meghan markle s father won t attend royal wedding,9,16,0,0,1,0,1,0.5676269693452412,False
obama s health care speech to congress,7,2424,0,0,1,0,0,0.3651755547300154,True
sophie turner and joe jonas adopt adorable new puppy named waldo picasso,12,59,0,0,1,0,0,0.4393899544486479,True
ashton kutcher celebrates bachelor in paradise return i was concerned,10,18,0,0,1,0,0,0.0747619557154612,True
video kourtney kardashian recites the iconic lost earring line from kuwtk,11,1,0,0,1,0,0,0.3473435686385705,True
melanie martinez former voice contestant responds to rape allegation,9,52,0,0,1,0,0,0.20299748272327278,True
meghan markle just dropped her own major royal baby hint,10,57,1,0,1,1,1,0.6749809233408718,True
taylor swift and katy perry ended bad blood with an olive branch here s how it started,17,34,0,0,1,0,0,0.46645657841532984,True
the story behind dear white people s perfect scandal parody,10,49,0,0,1,0,1,0.5062231458672962,False
e s botched consults woman with downward facing nipples,9,16,1,0,1,0,0,0.20439467418186694,True
kylie jenner s been dropping hints that she wants kids for a while,13,87,0,0,1,0,1,0.5307933597670822,False
james corden recaps the summer of trump with despacito cover video,11,4,0,0,1,0,0,0.2805411294599502,True
erika jayne s christmas gift for her husband may be the most extra thing you hear all day,18,1,0,0,1,0,0,0.1442999495618054,True
kim kardashian hurt by awkward exchange with beyonce she wants to be friends,13,39,0,0,1,1,1,0.7745487456330346,True
jackass star bam margera arrested on dui charges in california,10,31,0,0,1,0,0,0.31448346033334923,True
robert downey jr did not blow whistle on hollywood pedophile ring despite claim,13,14,0,0,1,1,1,0.7233263413924156,True
katie holmes reflects on her magical dawson s creek days in nostalgic throwback pic,14,39,0,0,1,0,1,0.620766573449424,False
kelly ripa mark consuelos celebrate 21 years of marriage lit ness read their love filled posts,16,0,1,0,1,0,0,0.32966314019556026,True
maryse reveals she s pregnant to a shocked miz on total divas,12,19,0,0,1,0,0,0.11238407566909976,True
meghan markle s nephew not invited to royal wedding,9,23,0,0,1,0,1,0.5226464941922658,False
when did aaron rodgers olivia munn break up long enough ago that he s dating danica patrick,17,76,0,1,1,0,0,0.43692943994164635,True
leonardo dicaprio to star in quentin tarantino manson movie variety,10,494,0,0,1,0,1,0.6104570004197956,False
the x files finale can william survive his reunion with mulder and scully,13,0,0,1,1,0,0,0.19333778299934135,True
nene leakes denies saying porsha williams should be fired,9,16,0,0,1,0,0,0.4656727121260419,True
jared leto not ready to be a dad,8,1,0,0,1,0,0,0.23042287562130798,True
dakota johnson reveals the very scary parts of filming fifty shades franchise,12,26,0,0,1,0,0,0.4385679357175607,True
justin bieber determined selena gomez different guy,7,37,0,0,0,1,1,0.9732303436337486,True
gwen stefani blake shelton s the voice flirting leaves fans unimpressed,11,5,0,0,1,1,1,0.9479224748460358,True
the bachelor s catherine giudici lowe documents her weight loss journey three months postpartum,14,1,0,0,1,0,0,0.20217140847132023,True
bachelor in paradise s carly waddell and evan bass wed,10,0,0,0,1,0,0,0.03945650742234892,True
mel c refusing spice girls 2016 reunion without victoria beckham,10,42,0,0,1,1,1,0.6892240884516267,True
who is michael barrett new details on anna faris s boyfriend,11,51,0,1,1,0,1,0.7930871446021687,False
most popular oscar may not be so popular rob lowe tweets film business passed away today,16,58,0,0,1,0,1,0.5980330759834211,False
robert pattinson confirms he s kind of engaged to singer fka twigs,12,1019,0,0,1,1,1,0.827001223885708,True
abby lee miller shares first photo from prison shows off weight loss,12,24,0,0,1,0,0,0.14032231227989828,True
the 2017 emmy nominations we d love to see from alexis bledel to jennifer hudson and more,17,41,0,0,1,0,0,0.45958210005389777,True
ron goldman,2,28,0,0,1,0,0,0.30857642320326184,True
simone biles shines on the field as honorary houston texans cheerleader,11,71,0,0,1,0,0,0.21315929663639258,True
melanie martinez rape accuser says i had this sick need to protect her report,14,39,0,0,1,0,1,0.7223503372153043,False
emma stone responds to teen s viral la la land promposal,11,90,0,0,1,0,0,0.3224442195977012,True
olympian ryan lochte receives 14 month ban for violating anti doping rule,12,34,0,0,1,0,0,0.4916459697421965,True
jennifer garner confronted lindsay shookus about ben affleck relationship sources say,11,43,0,0,1,1,1,0.854313587261129,True
why did sofia richie 19 take scott disick 35 back,10,1,0,1,1,1,1,0.8985982796720774,True
national ice cream day and national fry day freebies at fresno restaurants,12,0,0,0,1,0,0,0.3800797169678795,True
brian austin green wants another baby with megan fox,9,26,0,0,1,0,0,0.1736830988630524,True
it s stupid teen mom og stars aren t happy with farrah abraham s replacement,15,45,1,0,1,0,0,0.06301123648832249,True
cops called to tori spelling s house twice within 24 hours,11,61,0,0,1,0,0,0.20667966750323954,True
bachelor in paradise returned for season 4 with some of its highest ratings ever full episode,16,66,0,0,1,0,0,0.01851809473508757,True
pauly d left shaking after hollywood medium relays message from dead friend video,13,55,0,0,1,0,0,0.15276714267582783,True
hollywood walk of fame,4,70,0,0,1,0,0,0.2322564481002869,True
nickelodeon kids choice sports 2017 complete winners list,8,59,0,0,1,0,1,0.6066589654719692,False
all the new tv shows you need to watch this summer,11,49,0,0,1,0,0,0.06317472666980195,True
gisele bundchen on how she rose up from rock bottom,10,41,0,0,1,0,0,0.1971347768793055,True
ben affleck reportedly begging jennifer garner for second shot at love will she go back to him,17,20,0,1,1,1,1,0.9527935223431014,True
jennifer s horror construction worker killed just feet from aniston s mansion,12,9,0,0,1,1,1,0.6612377068150231,True
the 25 best royal moments of 2017,7,94,0,0,1,0,0,0.13969313324562116,True
judge sets trial date for bachelor alum chris soules fatal car crash case,13,69,0,0,1,0,0,0.17468598273958535,True
lewis hamilton apologizes for saying boys don t wear princess dresses,11,15,0,0,1,0,0,0.19062667167957456,True
jennifer garner see her stunning oscars style transformation 15 years later,11,21,0,0,1,0,0,0.32895927524556284,True
tbt pippa middleton s frankly iconic noughties style,8,78,0,0,1,0,0,0.1022422741110438,True
starbucks is criticized for its holiday cups yes again,9,54,0,0,1,0,0,0.33709981622320684,True
aaron carter reveals he is attracted to men and women in emotional letter to fans this doesn t bring me shame,21,3,0,0,1,1,0,0.18447028270622462,False
pusha t to drake you are silent on all black issues,11,39,0,0,1,0,0,0.48707660055780566,True
valor canceled by cw variety,5,75,0,0,1,0,0,0.1669739044207663,True
ten days in the valley canceled after one season on abc,11,75,0,0,1,0,0,0.12364549313290593,True
here s the animated gay love story we ve been waiting for,12,37,0,0,1,0,0,0.47768323970038945,True
why did taylor swift ed sheeran drake skip this year s grammys,12,19,0,1,1,0,1,0.644207930312148,False
lucifer renewed but not at fox why netflix revived the drama,11,46,0,0,1,0,0,0.06251949080167028,True
the originals charles michael davis on key flashbacks family rifts and epic closer,13,62,0,0,1,0,0,0.4084896593194286,True
prince harry reveals he proposed to meghan markle while cooking roast chicken,12,13,0,0,1,0,1,0.6655246214268385,False
helen hunt s mad about you revival update we just don t want to wreck it and make it sucky,20,43,0,0,1,0,0,0.2452260895463147,True
royal wedding william on being harry s best man,9,483,0,0,1,0,0,0.3873119743932741,True
caitlyn jenner 68 escorts gal pal sophia hutchins 21 to nobu malibu in her 200k purple porsche,17,7,0,0,1,1,1,0.7881282659564308,True
11 celebrity style transformations you need to see to believe,10,65,0,0,1,0,0,0.1938715638357574,True
see you again breaks record for most viewed youtube video of all time,13,1,0,0,1,0,0,0.05740267679782232,True
kris jenner still loves kanye west even if he wants to have sex with kim s sisters watch,18,11,0,0,1,1,1,0.824173708744289,True
second wives club e reality show sued by husband claiming fakery hollywood cast premieres may 4 video,17,72,1,0,1,0,0,0.09979338005687377,True
randy spelling net worth,4,25,0,0,1,0,0,0.3729087038516137,True
2011 text of president barack obama s proposed jobs bill email interview with lynne bernabei,15,0,0,0,0,0,1,0.8804623156962956,False
why prince harry didn t get a prenup before marrying meghan markle,12,8,0,0,1,1,1,0.801386058900378,True
netflix canada march 2018 what s coming and going,9,2,0,0,1,1,0,0.11648650605087008,False
jennifer lopez talks marriage and alex rodriguez,7,20,0,0,1,1,1,0.879723342808596,True
miley cyrus compares her hannah montana days to toddlers tiaras that s a lot to put on a kid,19,27,0,0,1,0,0,0.3593761802162507,True
dennis quaid,2,1020,0,0,1,1,0,0.41965905685560706,False
entertainment page 57 financial news usa,6,11,0,0,1,0,1,0.5488435923542829,False
sienna miller thinks her nipples look like fighter pilot thumbs,10,46,0,0,1,0,0,0.251431685459349,True
billboard music awards 2018 see all of kelly clarkson s looks,11,72,0,0,1,0,0,0.03541731811265079,True
troy gentry helicopter crash caused by engine failure new report details final moments of fatal flight,16,68,0,0,1,0,1,0.5999021810327229,False
27 shows you can binge watch over the thanksgiving holiday photos,11,981,0,0,1,0,0,0.1674536818195116,True
supernatural spinoff wayward sisters cast previews backdoor pilot,8,56,0,0,1,0,0,0.14687309164664455,True
13 makeup products the kardashians actually use and not because they re paid to,14,51,0,0,1,0,0,0.09013270565760327,True
kim kardashian reveals son saint 2 was hospitalized for pneumonia,10,87,0,0,1,0,0,0.18607279737667973,True
kaley cuoco dishes on her death defying bachelor style date with boyfriend karl cook,14,65,0,0,1,0,0,0.27802774818297427,True
laguna beach s talan torriero and wife danielle expecting a baby boy,12,79,0,0,1,0,0,0.1311160764885694,True
special report georgia becomes first state to ban muslim culture in historic move to restore western values,17,6304,1,0,1,1,1,0.9908435002812978,True
riverdale set to recast a major character ahead of season 2,11,40,0,0,1,0,0,0.042420359325714876,True
liam neeson caught on camera wandering hotel halls nude,9,9,0,1,1,1,1,0.866208383822965,True
join our future lgbtq history month celebration,7,16,0,0,1,0,0,0.27408508305513213,True
the cast of riverdale is back together check out their sweetest friendship moments ahead of season 3,17,1,1,0,1,0,0,0.036505723515662614,True
memorial day,2,0,0,0,1,0,0,0.20805567993228477,True
6 drugstore highlighters to help you strobe without going broke,10,21,0,0,1,0,0,0.35199558098264094,True
leah remini says scientology accused her of ruining tom cruise s wedding with her horrible behavior,16,78,0,0,1,1,1,0.5360019583765658,True
channing tatum wife jenna dewan tatum announce split,8,126,0,0,1,1,1,0.5132812233384001,True
kim kardashian shares family christmas card,6,336,0,0,1,1,0,0.23036034295653532,False
stars celebrate earth day 2017 support march for science,9,6,0,0,1,1,0,0.2609447870349605,False
arie luyendyk jr and lauren burnham enjoy 25k barcelona vacation,10,71,0,0,1,0,0,0.052835935225017006,True
saturday savings pay half the price for octavia spencer s skirt,11,1,0,0,1,0,0,0.143960606003716,True
miley cyrus liam hemsworth s secret wedding the vows her dress more report,13,9,0,0,1,1,1,0.8588637955004053,True
khlo kardashian s quotes about tristan thompson prove they re so in love,13,74,0,0,1,0,1,0.5462152970246237,False
amal clooney s stunning stella mccartney royal wedding guest dress is now available to buy,15,70,0,0,1,0,0,0.2949620645873122,True
jessie james decker showcases amazing post baby bikini body and reveals she s put on a happy 10lbs,18,1,0,0,1,0,0,0.04564536814061643,True
kendall jenner was a huge fan girl behind the scenes at the globes celebnews gr,15,0,0,0,1,0,0,0.4304281306039489,True
tom cruise extra renee bargh,5,7,0,0,0,1,1,0.954133508417111,True
meghan duchess of sussex,4,1017,0,0,1,1,1,0.6816914730627354,True
5 of the funniest most awkward and most touching moments in people s choice awards history,16,0,0,0,1,0,0,0.05624584842259207,True
farrah abraham says her mother is evil after she claimed the star had multiple mental illnesses,16,54,0,0,1,0,0,0.05559295534534453,True
beyonc gives the beyhive a shout out ahead of coachella performance,11,75,0,0,1,0,0,0.11362983775434737,True
yvonne strahovski pregnant expecting first child,6,69,0,0,1,0,0,0.3017046990603046,True
shel a to honor tina turner on grammy salute,9,61,0,0,1,0,0,0.3015829580092719,True
colbert show spoofs white house christmas message with fake melania,10,15,0,0,1,0,0,0.3717385159709015,True
rhobh star kyle richards husband speaks out after home burglary nothing replaces family,13,101,0,0,1,0,0,0.10189329436266718,True
how to apply contour makeup,5,0,0,0,1,0,0,0.09472468361111946,True
taylor swift hits back at tabloids,6,3,0,0,1,1,0,0.4423277218949038,False
tea time meghan markle s mom doria meets the queen for the first time ahead of royal wedding,18,51,1,0,1,0,0,0.21504479555165537,True
michael strahan and sara haines will co host a new midday hour of abc s good morning america,18,632,0,0,1,1,1,0.5962848108461554,True
emma stone justin theroux caught showing pda emmastone emmastoneofficial emmastones emmastonearmy emmastoneandandrewgarfield e,13,5,0,1,1,1,1,0.9004246313339702,True
megan fox shares rare photo of son journey river green,10,37,1,0,1,0,0,0.07084068219115142,True
brad pitt relieved about angelina jolie custody arrangement after separation from kids,12,205,0,0,1,1,1,0.9328163382844034,True
exclusive evan bass and carly waddell say their pregnancy was a great surprise it s a paradise baby,18,23,1,0,1,0,0,0.44613424859454454,True
amanda bynes 5 years later inside her struggle to reboot her life after her public meltdown,16,59,0,0,1,0,0,0.3696524500149969,True
pier 39 terrorist was an anti trump antifa supporter,9,165,0,0,1,1,1,0.5281020052940305,True
taylor swift s bestie says a certain ex boyfriend turned her into quasimodo,13,92,0,0,1,0,0,0.4456496511455159,True
katie holmes and jamie foxx s relationship timeline,8,15,0,0,1,1,1,0.9308196332505029,True
colbert found a secret weapon to irk trump at the emmys sean spicer,13,41,0,0,1,0,1,0.575992484133991,False
pippa middleton spotted with something blue dress two weeks ahead of the wedding,13,40,0,0,1,0,0,0.10528511607388617,True
nylon did taylor swift secretly tease a new song in this commercial,12,30,0,1,1,0,1,0.7094310231367892,False
royal wedding prince harry and meghan markle are married,9,17,0,0,1,0,0,0.35736611442220123,True
australian lawmaker proposes to gay partner in parliament speech,9,45,0,0,1,0,0,0.3391781632466014,True
corey feldman wants terry crews to help stop sexual assault in hollywood,12,13,0,0,1,0,0,0.4269695269340691,True
naya rivera s family and friends concerned for her well being after arrest husband ryan dorsey finally speaks out,19,25,0,0,1,0,0,0.18986791019196037,True
connecting people through news,4,1020,0,0,1,1,1,0.9218079017302021,True
jason statham rosie huntingtonwhiteley miserable miserable together,7,0,0,0,0,1,1,0.8555388887062216,True
kim zolciak biermann,3,59,0,0,1,0,0,0.10885736737419656,True
justin bieber would gladly give a kidney to selena he think s the weeknd s song is petty,18,21,0,0,1,1,1,0.7214013491046242,True
why katy perry deserves to have a glorious night at the met gala after her rough weekend,17,73,0,0,1,0,0,0.1219301233763582,True
alexandra daddario slams rumors she s still dating zac efron what happened,12,10,0,1,1,1,1,0.7737890005512029,True
we really think ben affleck s girlfriend lindsay shookus is pregnant,11,9,0,0,1,1,1,0.7935871799327482,True
meghan markle reportedly haunted by past amid royal wedding plans e news reveals ghosts who betrayed her,17,78,1,0,1,0,1,0.690407073299434,False
beyonce curious to see what drama may explode if taylor swift drops kim k diss track,16,3,0,0,1,1,1,0.7749656918382732,True
jennifer lopez alex rodriguez paris getaway cost 350 000 see break down of expenses,14,58,0,0,1,0,1,0.6761660823134775,False
selena gomez justin bieber she s hoping they can double date with taylor swift joe alwyn,16,12,0,0,1,1,1,0.8609976967280775,True
controversial group nxivm suspends operations after allison mack s sex trafficking arrest,12,62,0,0,1,0,0,0.15638836680226623,True
selena quintanilla posthumously receives a star on the hollywood walk of fame to fans delight,15,42,0,0,1,0,0,0.22127641998044217,True
world s ugliest dog title goes to zsa zsa the english bulldog,12,3,0,0,1,0,0,0.2543910193814445,True
paul mccartney makes james corden cry during emotional carpool karaoke,10,69,0,0,1,0,0,0.09545142686103743,True
gwen stefani and blake shelton forced to act in love for the voice cameras exclusive,15,7,0,0,1,1,1,0.9459051278403164,True
ciara predicts her baby girl sienna will have a tomboy side plus more adorable updates,15,44,1,0,1,0,0,0.41254173048247217,True
arrested development we sat down with the cast it got raw,11,10,0,0,1,0,0,0.1831240091877246,True
oprah explains why she can t accept herself over 200 pounds,11,1,0,0,1,0,0,0.09873760932952619,True
supermodel kendall jenner takes jay leno for a spin in her 56 corvette,13,5,0,0,1,1,1,0.6062950043632604,True
christina aguilera announces first tour in over a decade will travel across north america this fall,16,22,0,0,1,0,0,0.20066868865171475,True
katy perry s most unforgettable vma moments from red carpets to roar,12,2,0,0,1,0,0,0.355848275938481,True
is jennifer aniston finally pregnant,5,232,0,1,1,1,1,0.9511991341989476,True
john heard home alone actor dies aged 71,8,18,0,0,1,0,0,0.24163174765271786,True
kris jenner talks season 15 of keeping up with the kardashians,11,1115,0,0,1,1,1,0.6707054186641788,True
katy perry under fire for comparing black hair to barack obama,11,70,0,0,1,0,0,0.44301111299814694,True
here are all the couples from the bachelor and the bachelorette that are still together,15,66,0,0,1,0,0,0.02609557140749453,True
will grace s eric mccormack says changes are coming in season 10,12,58,0,0,1,0,0,0.04274930406402788,True
alec baldwin apologises for calling daughter 11 a rude thoughtless pig,11,22,0,0,1,0,0,0.18519114040785842,True
marilyn manson did not have testicles removed after stage prop accident despite report,13,11,0,0,1,1,1,0.8918853564261623,True
at trump hotel site immigrant workers wary,7,525,0,0,1,0,1,0.8025461254961236,False
pippa middleton s wedding everything we know so far,9,339,0,0,1,0,0,0.2795237939599561,True
how to dress for your best life in march according to your horoscope,13,39,0,0,1,0,0,0.1109251528793033,True
25 easter eggs you ll want to find inside disney s new guardians of the galaxy ride,17,36,0,0,1,0,0,0.12019551123693077,True
5 temporary wallpapers commitment phobes should try,7,20,0,0,1,0,0,0.1923895025806078,True
colin jost,2,23,0,0,1,0,0,0.43391820846476825,True
jesse williams ordered to pay estranged wife 160k,8,0,0,0,1,0,1,0.5405310507300904,False
the 10 best drugstore beauty products for beginners because learning the basics shouldn t be expensive,16,40,0,0,1,0,0,0.040302245420646816,True
julianne hough and nina dobrev go casual chic as they bond on girls day out in la,17,0,0,0,1,0,0,0.42794887279916466,True
lady gaga reveals heartbreaking reason she split from taylor kinney,10,78,0,0,1,1,1,0.5557846087497509,True
groupon issues apology after racial slur is used to sell boots on its website,14,41,0,0,1,0,0,0.3582482282164362,True
jennifer lawrence s drunk alter ego gail is both terrifying and my new best friend,15,47,0,0,1,0,0,0.1864982700945905,True
savannah guthrie can t wait to have hoda kotb s happiness and joy back on today,16,59,0,0,1,0,0,0.32801479503539605,True
emily ratajkowski 200 zara wedding suit details,7,165,0,0,1,0,0,0.11802914060765268,True
angelina jolie opens up to people about her difficult year i am a little bit stronger,16,24,0,0,1,0,0,0.47565146679832254,True
storm chasers star joel taylor s died of overdose,9,98,0,0,1,0,0,0.169232308928482,True
conan o brien trains to be dwayne johnson s rampage stunt double,12,0,0,0,1,0,0,0.06590535015441164,True
botched doctors terry dubrow and paul nassif give patients back their confidence on season 4,15,60,0,0,1,0,0,0.02898061335309993,True
mariah carey s la home burglarized for 50k in purses sunglasses cbs los angeles,14,51,0,0,1,0,0,0.45391435148506365,True
married at first sight us star jonathan is divorcing his wife molly,12,9,0,0,1,0,0,0.09469898829587904,True
stars celebrate rosh hashanah see celebrity tweets about jewish new year,11,43,0,0,1,1,0,0.2413261866493482,False
grey s anatomy krista vernoff and camilla luddington go inside timely domestic abuse episode,14,10,0,0,1,0,0,0.08011925208264604,True
the story behind carlos correa s world series proposal plan find out where he hid the ring,17,1,0,0,1,0,0,0.30940106262209666,True
teen mom og star amber portwood just gave birth to her second child,13,53,0,0,1,0,0,0.04978083985911837,True
see kourtney kardashian s over the top christmas table setting with plates from her childhood,15,25,0,0,1,0,0,0.2108794916042797,True
christina perri net worth,4,59,0,0,1,0,0,0.36418923678004367,True
c line dion made her first met gala truly count,10,46,0,0,1,0,0,0.08504838126132733,True
gwen stefani and blake shelton put baby wedding plans on hold,11,42,0,0,1,1,1,0.9592481716573186,True
taylor swift wins countersuit against dj david mueller in groping trial,11,53,0,0,1,1,0,0.401190346937585,False
teresa giudice sets the record straight on her relationship with husband joe he never mistreated me,16,42,0,0,1,0,1,0.5091948457484985,False
blake shelton,2,4,0,0,1,0,1,0.9355637117674662,False
stedman graham,2,2,0,0,1,1,1,0.6501811760127951,True
rep jan schakowsky on msnbc,5,24,0,0,1,0,0,0.17003264885482539,True
karlie kloss came to paris to slay see for yourself,10,98,0,0,1,0,0,0.4661597686040659,True
beyonce kim kardashian met up at serena williams wedding for first time since family fallout,15,0,0,0,1,0,0,0.35155551217236647,True
kris caitlyn jenner terrified about o j simpson s prison release source claims,13,18,0,0,1,1,1,0.9698379131147902,True
40 best golden globe red carpet dresses of all time,10,104,0,0,1,0,0,0.04363831835465871,True
sarah hyland s boyfriend wells adams cheers her on from afar after she returns home from the hospital,18,50,0,0,1,0,0,0.13741669836706305,True
see every celebrity at the royal wedding of prince harry and meghan markle,13,12,0,0,1,0,0,0.36847323452236697,True
kendall jenner kourtney kardashian answer burning questions for ellen degeneres watch,11,52,1,0,1,0,1,0.8340245171963495,False
royal family s first gay wedding queen s cousin lord ivar mountbatten,12,59,0,0,1,0,0,0.4747576279290472,True
twin peaks teaser offers first new footage of the upcoming revival watch,12,101,0,0,1,0,0,0.09754934936702349,True
george clooney opens up about parenting twins denies using fertility drugs,11,16,0,0,1,1,1,0.5459655198928082,True
mindy project star ike barinholtz recovering from broken neck after movie stunt accident,13,39,0,0,1,0,0,0.15236897505934216,True
latest world news videos photos abc news abc news,9,0,0,0,1,0,0,0.44629384865137295,True
angelina jolie ordered to repair relationship between her kids their dad brad pitt,13,15,0,0,1,1,1,0.9695245865452609,True
met gala 2018 best dressed on the red carpet,9,0,0,0,1,0,0,0.01169450155714869,True
a drunk driver crashed into the fixer upper three little pigs house,12,65,0,0,1,0,0,0.14413164918518206,True
the originals season 4,4,77,0,0,1,0,0,0.017670251155185446,True
kim kardashian sisters undergo intense media training on kuwtk,9,27,0,0,1,0,1,0.546009356581208,False
kendra wilkinson steps out after signing final divorce papers from husband hank baskett,13,11,0,0,1,0,0,0.13220331528764695,True
cindy crawford and son presley gerber to star in new pepsi commercial,12,45,0,0,1,0,0,0.45516632817200364,True
maroon 5 team up with sza for summery what lovers do,11,103,0,0,1,0,0,0.38259123190480115,True
brad pitt and angelina jolie divorce selena gomez shamelessly flirted with ptt at gold globes,15,11,0,0,1,1,1,0.9236682663625124,True
julianne hough brooks laich s wedding weekend in photos every detail you have to see from their special days,19,3,0,0,1,1,0,0.13668323129712084,False
kim kardashian answers the big question at the 2017 met gala where s kanye west,15,56,0,1,1,0,1,0.6900716379754386,False
marchesa cancels its new york fashion week runway show,9,88,0,0,1,0,0,0.19379580953129136,True
the amazing race fans mixed on cody jessica winning from way to go big brother lovebirds to never watching this show again,22,54,0,0,1,0,0,0.135899902074833,True
blac chyna gets new ferrari after returning other cars to rob k,12,70,0,0,1,0,0,0.3914649394504476,True
law order svu star running for congress,7,51,0,0,1,0,0,0.11898478352394576,True
billy ray cyrus diva huge entourage wendy williams show wendy williams,11,4,0,0,1,1,0,0.36689813022824813,False
chrissy teigen awkwardly corrects ivanka trump s tweet and it s pure internet gold,14,32,0,0,1,0,0,0.27255315984363016,True
nypd is investigating mario batali for sexual misconduct allegations update,10,31,0,0,1,0,0,0.19296921321398972,True
watch as tristan thompson dotes on baby true in heartwarming new video,12,54,0,0,1,0,0,0.3814834969601444,True
katy perry says taylor swift started their feud it s time for her to finish it,16,0,0,0,1,0,0,0.48939509401886366,True
the bachelorette s kaitlyn bristowe sips wine with fianc shawn booth,11,27,0,0,1,0,0,0.04591104853945763,True
newly single mariah carey and ex nick cannon celebrate easter with their twins,13,82,0,0,1,0,0,0.3100840435208792,True
kate middleton makes surprise visit to meet london bridge terror attack victims,12,2,0,0,1,0,0,0.3045122003755916,True
this week transcript geithner,4,21,0,0,1,0,0,0.10480124576343458,True
here s your first behind the scenes look at the love actually sequel,13,19,0,0,1,0,0,0.07999186390017833,True
singer dolly parton trump in one year is already better than 16 years of bush obama put together this stupid liberals doing everything to impeach him but we standing with trump now and forever,34,60,0,0,1,1,0,0.4594933232968009,False
nicole kidman keith urban selling rural tennessee retreat variety,9,61,0,0,1,0,1,0.7952708769199133,False
omarosa i was haunted by tweets every single day,9,29,0,0,1,0,0,0.17103588391253255,True
chris cornell laid to rest at private los angeles funeral,10,99,0,0,1,0,0,0.19126789921643697,True
kylie jenner and jordyn woods had a commitment ceremony on life of kylie finale,14,2,0,0,1,0,0,0.13737778003992357,True
aaron carter recovering from terrible accident that totaled his car,10,64,0,0,1,0,0,0.18612142278869928,True
usa mysterious nazi submarine from wwii discovered in great lakes,10,551,1,0,1,1,0,0.3745813791110864,False
was the oscars best picture mix up a jimmy kimmel prank conspiracy theories begin,14,0,0,1,1,0,0,0.35797053235222837,True
victoria secret fashion show 2017 performers,6,72,0,0,1,0,0,0.45123826148212937,True
han finds out chewbacca s age in new solo a star wars story trailer,14,78,0,0,1,0,0,0.255603329221481,True
pictures of hilary duff s pregnancy style,7,47,0,0,1,0,0,0.1466646892364053,True
ben affleck was on a bender before jennifer garner took him to rehab source says,15,5,0,0,1,1,1,0.8148358942835301,True
alec baldwin denies he punched anyone over a parking spot following assault arrest in new york,16,19,0,0,1,0,0,0.21933300565695846,True
jersey shore s ronnie spends mother s day in bed with ex girlfriend and baby ariana after feud,18,14,0,0,1,0,0,0.15495209129140297,True
9 biggest jaw droppers from the 2017 mtv vmas,9,1,0,0,1,0,0,0.13940563586539056,True
while you were laughing at mariah carey she was making yet another dope album,14,0,0,0,1,0,1,0.7234428439161263,False
kanye west dances with john legend at chrissy teigen s baby shower,12,65,0,0,1,0,0,0.28746963657921726,True
amber portwood reacts to ex fiance matt baier s surprise marriage,11,15,0,0,1,0,0,0.20632948525582803,True
rebel wilson jokes that she too secretly got married in hilarious birthday post,13,56,0,0,1,0,0,0.14018813534251587,True
olympian chloe kim and jimmy fallon surprise fans with hilarious photobombs,11,31,0,0,1,0,0,0.1304535066923641,True
kristen stewart s gay rumor tila tequila s suicide stunt,10,16,0,0,1,1,1,0.8427229492250699,True
gwen stefani gets las vegas residency deal report,8,38,0,0,1,0,1,0.7871140966669801,False
see chip and joanna gaines new target line hearth and hand,11,17,0,0,1,0,0,0.22745095794701467,True
larry nassar,2,63,0,0,1,0,0,0.11104890812026469,True
jennifer lopez has some advice for beyonc about raising twins,10,0,0,0,1,0,1,0.6113833997876428,False
is kathy griffin s career over top crisis managers weigh in,11,103,0,1,1,1,1,0.8176698995867696,True
jeffrey tambor denies sexual harassment allegations,6,53,0,0,1,0,0,0.14227475235743986,True
watch kelly ripa hilariously audition for american idol,8,57,0,0,1,0,0,0.2602771991256112,True
los angeles magazine,3,1017,0,0,1,1,0,0.42675664196391633,False
selena gomez and the weeknd are dating a timeline of everything,11,50,0,0,1,0,1,0.8250596324969866,False
princess charlotte saluting the royal air force is the cutest thing you ll see all day in other news water is wet,22,1,0,0,1,0,0,0.1994396655535872,True
anthony bourdain has died by suicide at 61 take a look back at his incredible career from dishwasher to celebrity chef,21,22,0,0,1,0,0,0.15535181271466417,True
estelle parsons,2,72,0,0,1,0,0,0.31316217740221974,True
how to remove scratches from sunglasses,6,75,0,0,1,0,0,0.2922405924856122,True
chrissy teigen reveals she s trying for a second child with her last frozen embryo,15,83,0,0,1,0,0,0.059213548253637345,True
tensions erupt on the real housewives of new york city when sonja morgan and tinsley mortimer talk scream about money,20,11,0,0,1,0,0,0.12718587049295038,True
liam payne cheryl relishing every private minute with son why they re keeping name secret,15,15,0,0,1,1,0,0.42943614570651606,False
luis fonsi daddy yankee dominate iheartradio nominations with 7 each,10,38,0,0,1,0,0,0.18360331047532993,True
how to mix prints according to emma roberts,8,69,0,0,1,0,0,0.33693290155665995,True
how old is meghan markle what is her net worth and who are her parents,15,5,0,1,1,1,1,0.8103798758346541,True
would wags la star barbie blank ever return to wwe as kelly kelly never say never,16,44,1,1,1,0,0,0.22513741845440502,True
michelle obama wished barack obama happy birthday with a thoughtful instagram post,12,36,0,0,1,0,0,0.3244724801114627,True
new game of thrones behind the scenes video reveals a surprising trick in the arya brienne fight,17,56,0,0,1,0,0,0.11138828293168525,True
nicole kidman is unrecognisable as she undergoes gritty makeover for destroyer,11,9,0,0,1,1,1,0.8027684492094695,True
law order svu stephanie march returning as guest star,9,19,0,0,1,0,0,0.186750001226623,True
q a overboard star eugenio derbez on trump conquering hollywood and latin stereotypes,13,20,0,0,1,0,1,0.5165142601715311,False
brad pitt joins leonardo dicaprio in quentin tarantino s manson movie,11,0,0,0,1,0,1,0.9245700281924463,False
jurassic world fallen kingdom 2018,5,43,0,0,1,0,0,0.20472660167597487,True
25 best gift sets for father s day 2018,9,25,0,0,1,0,0,0.14503519743606866,True
kim kardashian west beauty sold out of contour kits in less than three hours,14,1,0,0,1,0,0,0.2781130742504847,True
nick jonas kisses annalisa azaredo in australia it s just a fling,12,47,0,0,1,0,0,0.28760100238902353,True
kim zolciak biermann sounds the alarms on alleged car burglar,10,80,0,0,1,0,0,0.1253734092762607,True
tgif returns full house family matters more head to hulu,10,36,1,0,1,0,0,0.2005066645072043,True
michelle branch and the black keys patrick carney are engaged,10,110,0,0,1,0,0,0.25976238039110044,True
experience kendall jenner s closet in 360 degrees,8,22,0,0,1,0,0,0.4856682387268974,True
jessica simpson fuels pregnancy rumors in shocking new photos,9,10,0,0,1,1,1,0.8045564960587261,True
jonah hill and emma stone reunite in netflix s maniac which looks nothing like superbad,15,6,0,0,1,1,0,0.26718591104369865,False
bachelor alum peyton lambton gives birth to second child with husband chris,12,55,0,0,1,0,0,0.08404850458360694,True
justin bieber s manager apologizes for canceled tour dates says singer s soul and well being came first,18,46,0,0,1,0,1,0.5385811883850666,False
nattie and lana s feud in mexico heats up on total divas watch their dramatic fight,16,48,1,0,1,0,0,0.1396670983567264,True
angelina jolie forced to hand over kids to brad pitt amid custody battle exclusive,14,11,0,0,1,1,1,0.9734621124515371,True
new rules singer dua lipa cancels bruno mars tour dates to get her wisdom teeth removed,16,16,0,0,1,0,0,0.18384748265148065,True
olivia culpo did nfl workouts to prep for sports illustrated shoot,11,52,0,0,1,0,0,0.23037013454350191,True
kim kardashian sued for allegedly stealing lighting technique for selfies,10,51,0,0,1,1,0,0.4188315229095713,False
blake lively is the ultimate mom in this 2000s trend,10,22,0,0,1,0,0,0.1650807125530685,True
how rihanna enhances her best assets and how you can too,11,69,0,0,1,0,1,0.5256774556153402,False
a history of snl romance,5,2,0,0,1,1,0,0.4346751592978033,False
tom holland flashes his six pack abs in british gq,10,59,0,0,1,0,0,0.45232842104761994,True
scientology drama on good morning america katie holmes was terrified of jenna elfman,13,7,1,0,1,1,1,0.7336786162460486,True
dwts maks chmerkovskiy vanessa lachey s behind the scenes interactions,10,213,0,0,1,1,0,0.4176901826063572,False
thomas markle on prince harry politics and missing daughter meghan s royal wedding,13,334,0,0,1,1,0,0.27862874544057026,False
jennifer lawrence,2,65,0,0,1,0,1,0.5195662462021448,False
celebrities react donald trump defending white nationalists,7,1,0,0,1,1,1,0.9897999636759904,True
ralphie may s cause of death revealed,7,1,0,0,1,0,0,0.27932034560582836,True
avengers infinity war stars assemble for epic marvel themed brady bunch parody,12,1210,0,0,1,0,0,0.10033146961842113,True
ray romano enlisted the help of jimmy kimmel to find his son a girlfriend,14,13,0,0,1,0,0,0.07716367599756568,True
zack snyder steps down from justice league to deal with family tragedy,12,76,0,0,1,0,0,0.22338091306142852,True
meet the new cast members of saturday night live,9,30,0,0,1,0,0,0.28605156777462415,True
wags tv series,3,59,0,0,1,0,0,0.05523663003834659,True
kate mckinnon political impressions on snl,6,54,0,0,1,0,1,0.5069828829117685,False
brad pitt s red carpet surprise at lost city of z premiere,12,47,0,0,1,0,1,0.6586097254946194,False
lena dunham ex jack antonoff moves on with model artist carlotta kohl photo,13,0,0,0,1,0,0,0.18507500496465418,True
natalya neidhart so happy for new mom brie bella predicts diaper duty for daniel bryan,15,2,0,0,1,0,0,0.09700175099124851,True
robert pattinson kristen stewart reportedly in talks for 1st movie together since twilight,13,12,0,0,1,1,1,0.9648637650627541,True
meet the author behind the steamy fifty shades of grey phenomenon,11,66,0,0,1,0,0,0.0922743102539575,True
families facing tax increases under trump s tax plan,9,35,0,0,1,0,0,0.43509015417279917,True
vmas 2017 mel b makes a statement in loudly printed dress,11,32,0,0,1,0,0,0.2899551368513319,True
cara delevingne shaves head for new movie role,8,80,0,0,1,0,0,0.4033146513253138,True
tristan thompson fined 25k not suspended for altercation at end of game 1,13,35,0,0,1,1,0,0.32481550115387,False
interview on fox news,4,17746,0,0,1,0,1,0.9995797000058713,False
emilia wickstead backtracks on her remarks about meghan s 200 000 givenchy gown,13,1,0,0,1,0,0,0.13990997668474922,True
here are all the couples from the bachelor and the bachelorette that are still together,15,54,0,0,1,0,0,0.025947610199809935,True
fifty shades freed trailer teases surprise pregnancy,7,24,0,0,1,0,0,0.11557340716078593,True
celine dion to perform my heart will go on at 2017 billboard music awards,14,27,0,0,1,0,0,0.24401990274866572,True
katie holmes and jamie foxx split and call off wedding after five years of secret romance,16,5,0,0,1,1,1,0.9524224837744556,True
kendra wilkinson and hank baskett reunite for son s hockey games nearly 2 months after divorce filing,17,55,0,0,1,0,0,0.10226095030258382,True
alex rodriguez wants jennifer lopez to hang out less with leah remini,12,15,0,0,0,1,1,0.9681245997723188,True
zayn malik showers girlfriend gigi hadid with love on her birthday,11,81,0,0,1,0,0,0.4315877295065641,True
morgan freeman narrates one of hillary clinton s closing campaign ads,11,141,0,0,1,1,1,0.5404814749786186,True
independent spirit awards 2019 we the animals eighth grade lead nominations,11,209,0,0,1,0,0,0.08739570716549458,True
the bachelorette how millennials are failing rachel lindsay s season,10,43,0,0,1,0,0,0.13256426596138918,True
reports claim angelina jolie is crushing on maleficent 2 co star ed skrein is he interested,16,0,0,1,1,1,1,0.9129333138284998,True
janet jackson and jermaine dupri back together how their relationship is slowly developing,13,50,0,1,1,1,0,0.4947723878726906,False
stars who will inspire you to wear double denim,9,25,0,0,1,0,0,0.04462160168259098,True
shirtless jason momoa photos from hawaii,6,23,0,0,1,0,0,0.09349993626592977,True
jenna fischer wears a bath towel on jimmy kimmel live after dress zipper breaks,14,46,0,0,1,0,0,0.04825953679635836,True
the handmaid s tale tv series,6,14,0,0,1,0,0,0.12621933541324376,True
cannibals arrested in florida claim eating human flesh cures diabetes and depression,12,367,0,0,1,1,1,0.5925207610741918,True
sharon osbourne reveals ozzy cheated on her with six women he had women in different countries,16,47,0,0,1,0,0,0.3037308112469782,True
once upon a time to end with season 7 on abc,11,20,0,0,1,0,0,0.03720157481808912,True
maluma and girlfriend natalia barulich get matching bracelets with a special meaning,12,17,0,0,1,0,0,0.2839237485964614,True
luann de lesseps says relationship with ex tom d agostino is amicable,12,63,0,0,1,0,0,0.0942902322101505,True
jennifer aniston forgives brad pitt,5,252,0,0,0,1,1,0.9990211566393418,True
avril lavigne spotted kissing billionaire beau in italy,8,15,0,0,1,0,0,0.36481822510248973,True
brad pitt fires back at angelina jolie claims he paid more than 1 3 million in child support,18,4,0,0,1,1,1,0.9426897219711822,True
chris cornell s daughter pens heartbreaking letter to her idol and dad,12,1,0,0,1,0,0,0.08080665727958052,True
james corden shoots fruit at harry styles face but does the singer flinch,13,80,0,1,1,0,1,0.5711963035974243,False
kourtney kardashian opens up about restricting her kids screen time the kids don t really play with ipads a,19,59,0,0,1,1,0,0.21350724827285272,False
kim zolciak biermann says she s never returning to rhoa after andy cohen said she s done,17,84,0,0,1,0,0,0.09685050603003632,True
disney debuts gay pride mickey mouse ears,7,65,0,0,1,0,0,0.0974655947978383,True
lais ribeiro on what a 2 million bra feels like,10,57,0,0,1,0,0,0.33177950093262304,True
television show,2,65,0,0,1,0,0,0.3124301464053466,True
serena williams pens emotional note to her unborn baby,9,48,0,0,1,0,0,0.2089444861581826,True
costars come out to attend the funeral for nelsan ellis,10,88,0,0,1,0,0,0.3835222017148699,True
cleft lip and palate in puppies,6,30,0,0,1,0,0,0.28632492583742963,True
blue ivy carter is vacation goals how to travel just like beyonc and jay z s daughter,17,0,0,0,1,0,0,0.06650373804962521,True
miley cyrus carpool karaoke reflects on her hannah montana past and plays how high were you,16,88,0,1,1,0,0,0.4314318598647739,True
coolest men s streetwear clothing,5,62,0,0,1,0,1,0.5815625546471282,False
justin theroux,2,1020,0,0,1,1,1,0.8946568639923224,True
married at first sight alum sam role expecting a baby girl,11,6,0,0,1,0,0,0.13615972545133695,True
cmt awards 2018 lindsey vonn and p k subban are dating make red carpet debut,15,16,0,0,1,0,0,0.06029196009490842,True
bristol palin meets her teen mom og costars for the first time,12,148,0,0,1,0,0,0.03981886198805402,True
it s time for the senate to do its job congressman mike honda medium,14,772,0,0,1,0,0,0.2334418851613178,True
how kylie jenner is enjoying motherhood one month after giving birth,11,0,0,0,1,0,0,0.45506763893396107,True
prince harry and meghan markle channel princess diana at nelson mandela exhibit,12,31,0,0,1,0,0,0.4993022421141558,True
time s up movement,4,2,0,0,1,0,0,0.06869079199710629,True
alison brie addresses james franco allegations at sag awards,9,58,0,0,1,0,0,0.07628682291471325,True
did beyonc just ink over her and jay z s matching tattoo see the photo that has fans buzzing,19,0,0,1,1,0,1,0.5083688825133281,False
vin diesel gives surprise performance at billboard latin music awards watch,11,53,1,0,1,0,0,0.038210984845536075,True
rebecca gayheart photographed out for the first time since filing for divorce from eric dane,15,95,0,0,1,0,0,0.2535833278456859,True
zombie lookalike of angelina jolie admits she lied about plastic surgery to amuse herself,14,19,0,0,1,1,1,0.9050345066562658,True
lin manuel miranda talks almost like praying song puerto rico and trump,12,0,0,0,1,1,0,0.2157238974291869,False
hassan jameel is reportedly worried that chris brown might win rihanna back,12,15,0,0,1,1,1,0.9555126518575449,True
truth about jennifer garner ben affleck planning to renew wedding vows,11,1,0,0,1,1,1,0.8740942820753315,True
megyn kelly asks jane fonda about plastic surgery schooling ensues,10,17,0,0,1,1,1,0.8068900464637533,True
kanye west reportedly reconnects with caitlyn jenner keeping it secret from kim kardashian,13,10,0,0,1,1,1,0.9861345147201334,True
gisele b ndchen says tom brady proposed to her by pretending her apartment was flooding,15,9,0,0,1,0,0,0.1825939178878462,True
jennifer lopez performs new spanish language single at the 2017 billboard latin music awards,14,11,0,0,1,0,0,0.12078552361714472,True
jesse williams and minka kelly are dating they re having a good time together says source,16,90,0,0,1,0,1,0.5267462333064912,False
amy poehler usefully useless information,5,33,0,0,1,0,0,0.24378998242080696,True
the blow dry cream responsible for kaia gerber s runway hair,11,16,0,0,1,0,0,0.24095620016251643,True
all the kimye and joe alwyn references in taylor swift s call it what you want lyrics,17,14,0,0,1,0,1,0.6137064602551344,False
inside melania trump s complicated white house life separate schedule different priorities,12,51,0,0,1,0,0,0.4911208807320193,True
mtv awards noah cyrus performs stay together,7,88,0,0,1,0,0,0.11831359870528317,True
jessica alba s jumpsuit is the ultimate one step outfit,10,0,0,0,1,0,0,0.20099503985499245,True
happy birthday maisie williams 10 pics of her friendship with sophie turner,12,65,1,0,1,0,0,0.19708623788733812,True
saturday night live finally tackles the harvey weinstein scandal harassment in hollywood,12,52,0,0,1,0,0,0.288076107858791,True
hollywood s foxiest fathers,4,33,0,0,1,0,0,0.38614832310298436,True
the weeknd cuts ties with h m over racially insensitive sweatshirt,11,44,0,0,1,0,1,0.6553724583601822,False
mariah carey s new year s eve mishap not caused by drugs and alcohol despite report,16,5,0,0,1,1,1,0.8907805891501406,True
former first lady barbara bush wife and mother of presidents dead at 92,13,265,0,0,1,0,0,0.2629600897292328,True
back to you louis tomlinson song,6,67,0,0,1,0,0,0.15355699912099227,True
shadowhunters season 2b promo clary chooses between jace and simon,10,57,0,0,1,0,0,0.06928125459217198,True
katie lowes welcomes son albee,5,65,0,0,1,0,0,0.2856682513183641,True
leonardo dicaprio holds hands with ex toni garrn in nyc,10,31,0,0,1,0,0,0.4769168492344813,True
will jennifer aniston and brad pitt give love a second chance,11,2,0,1,1,1,1,0.971675069337467,True
blake shelton loves how gwen stefani kisses him it s what locked him in,14,18,0,0,1,1,1,0.9278261772889013,True
dancing with the stars u s season 25,8,0,0,0,1,0,0,0.08995624982215754,True
kim kardashian tells sister kourtney that nobody wants her around that she s not exciting to look at,18,1014,0,0,1,1,1,0.5220068843384107,True
who is cristiano ronaldo s real wife,7,0,0,1,1,0,0,0.46466807559537676,True
survivor game changers,3,20,0,0,1,0,0,0.1433661381178012,True
tom cruise 38 katie holmes divorce suri to live with mom report says,13,7,0,0,1,1,1,0.9735522963279186,True
new york fashion week meet the 10 year old drag kid that just made his runway debut,17,22,0,0,1,0,0,0.14398742725585476,True
milo ventimiglia asks this is us fans to forgive in crock pot ad,13,1,0,0,1,0,0,0.2776765955899276,True
lindsay lohan,2,1020,0,0,1,1,1,0.858610156324099,True
sweet heat skittles,3,77,0,0,1,0,0,0.12146452104945532,True
that twitter inspired rihanna lupita heist movie is actually happening,10,84,0,0,1,0,0,0.21215031076190788,True
breaking crew of air force one refuses to fly obama 6000 miles just to play golf buzzfeedusa,17,222,0,0,1,1,1,0.932365251771997,True
rise to succeed this is us on tuesday good girls gets the braves slot on nbc,16,54,0,0,1,0,0,0.15247632542837683,True
i ll kill you newly released video shows rhony star luann de lesseps threatening police on the night of her palm beach arrest,23,11,1,0,1,0,0,0.08014648521754188,True
snatched review amy schumer and goldie hawn make an uneven duo in comic misadventure,14,52,0,0,1,0,0,0.10020688072751256,True
george clooney s dad nick reveals what twins alexander and ella look like,13,1,0,0,1,0,0,0.22037336178983877,True
maren morris says niall horan will perform at her wedding,10,43,0,0,1,0,0,0.23240880856725213,True
tiffany haddish s 2018 oscars gown is inspired by her late father,12,28,0,0,1,0,0,0.05038743225941496,True
kylie jenner says she s never had a drink before she can t wait to turn 21,17,1,0,0,1,0,0,0.29406850319415456,True
vanessa hudgens joining so you think you can dance,9,294,0,0,1,0,0,0.42651606728183,True
jenna dewan tatum talks baby 2 and scheduling sex,9,45,0,0,1,0,0,0.4626002762703394,True
prince stopped speaking to his ex wife when she miscarried,10,45,0,0,1,0,0,0.4328406366455543,True
adam rippon dominates dwts mirai nagasu goes home tonya harding makes the finals,13,47,0,0,1,0,0,0.11149979847665632,True
in 2014 si predicted the astros would win the 2017 world series,12,51,0,0,1,0,0,0.31014848596021966,True
kristen bell thinks dax shepard was trying to make her horny at a bad moms christmas premiere,17,43,0,0,1,0,0,0.11957719966792413,True
ed sheeran opens up about secret struggle with substance abuse,10,22,0,0,1,0,0,0.15230519048035862,True
mob wives renee graziano breaks down in tears over drug questioning on marriage boot camp,15,42,0,0,1,0,0,0.17586967435652218,True
fried pickle potato chips we taste tested frito lay s region themed snacks,13,1,0,1,1,0,0,0.33509371415823763,True
johnny depp issues apology for donald trump assassination joke variety,10,48,0,0,1,0,1,0.8778613799384357,False
quincy jones claims he dated ivanka trump 12 years ago,10,131,0,0,1,0,1,0.5068980026757959,False
is kylie jenner pregnant again with baby 2 new rumors she s expecting again with travis scott,17,101,0,1,1,1,1,0.929977866192239,True
what prince harry and meghan markle s honeymoon itinerary in namibia could look like including a moonlit dinner and hot air balloon ride,23,21,0,0,1,1,0,0.19239271077824296,False
leonardo dicaprio star in produce the black hand variety,9,40,0,0,1,1,1,0.5438332389374063,True
wonder woman 2 gets new release date away from star wars,11,20,0,0,1,0,0,0.24136318501513698,True
yolanda hadid,2,38,0,0,1,0,0,0.3784466873534003,True
national sunglasses day protect your eyes,6,33,0,0,1,0,0,0.427165894024251,True
mike myers revives austin powers character dr evil to run in midterm elections evil s in,16,26,1,0,1,0,0,0.3439613483213801,True
5 of angelina jolie s most shocking realtionships,8,86,0,0,1,1,1,0.8750656447251718,True
11 universal truths about celebrity coachella style,7,82,0,0,1,0,0,0.1206737745565329,True
taylor swift teases new song ready for it on espn college football variety,13,14,0,0,1,0,0,0.24517609123668724,True
amy schumer jokes about being single after ben hanisch split,10,56,0,0,1,0,0,0.2580643120267297,True
a complete timeline of brad pitt and angelina jolie s 12 year relationship,13,1,0,0,1,0,1,0.853356777273732,False
mindy kaling gives birth to first child welcomes daughter katherine kaling,11,94,0,0,1,1,0,0.12356642593747812,False
capital gaines smart things i learned doing stupid stuff chip gaines 9780785216308 amazon com books,15,53,0,0,1,0,0,0.07771829196197282,True
shannon beador thinks she knows the real root of the quiet woman drama,13,28,0,0,1,0,0,0.19326020058064752,True
nikki bella receives special treat from brie ahead of john cena wedding,12,22,0,0,1,0,0,0.05230638642779415,True
blake shelton gets his palms read with jimmy fallon jokes about having too much sex,15,24,0,0,1,0,1,0.6943803621501641,False
gayle king height,3,48,0,0,1,0,0,0.17421671034535943,True
when to stop watching grey s anatomy greysanatomy,8,19,0,1,1,0,0,0.3777033988503966,True
laura prepon welcomes first child with fiance ben foster,9,48,0,0,1,0,0,0.3032565532524633,True
this is us finally reveals how jack pearson died,9,51,0,0,1,0,0,0.11391813433679536,True
how to make the sleeper hit of the summer without even showing your movie in theaters,16,61,0,0,1,0,0,0.1648515004890795,True
gwen stefani seeks comfort from blake shelton as her las vegas show reportedly tanks,14,6,0,0,1,1,1,0.9201006591434197,True
ben affleck celebrates 45th birthday with kids,7,77,0,0,1,0,0,0.36087915309229446,True
brad pitt angelina jolie and the search for the perfect pr hollywood divorce,13,99,0,0,1,1,1,0.934588747558489,True
chris pine and sofia boutella spark dating rumors at a coachella party,12,65,1,0,1,0,1,0.6446129980519844,False
kanye west admits he was hurt when jay z and beyonce missed his and kim kardashian s wedding,18,0,0,0,1,1,1,0.8643634384492855,True
angelina jolie reportedly has secret plan to woo thor star chris hemsworth rumors,13,7,0,0,1,1,1,0.9261855353025562,True
khloe kardashian gets why people might misunderstand the true purpose of revenge body on kardashians,15,11,0,0,1,0,0,0.4675856626140957,True
superman star margot kidder dead at 69,7,1022,0,0,1,0,1,0.521540530849104,False
christina aguilera set for carpool karaoke with james corden in primetime special,12,19,0,0,1,0,0,0.2715876669668493,True
ricky martin promises his wedding to jwan yosef will be a big event i want something massive,17,79,0,0,1,0,0,0.19196569930314122,True
zooey deschanel and jacob pechenik welcome son charlie wolf,9,103,0,0,1,0,0,0.28859986674687527,True
2 broke girls star beth behrs marries michael gladis from mad men,12,60,0,0,1,0,0,0.17048780013891587,True
contagious workouts the robbery and kanye west the jokester 7 things we learned from kim kardashian s assistant stephanie shepherd,20,1,0,0,1,0,1,0.5256491413691348,False
here s what all the celebrities wore to the 2018 grammys,11,42,0,0,1,0,0,0.19054359830418807,True
c line dion can t help but sing along to cher s billboard music awards performance,16,69,0,0,1,0,0,0.1323138072546868,True
watch live tim kaine and corey stewart meet for first u s senate debate in virginia,16,25,0,0,1,0,0,0.24719053074357233,True
13 of the most shocking moments in oscar history,9,60,0,0,1,0,0,0.2264707107694371,True
shawn mendes and hailey baldwin spend holidays in toronto,9,69,0,0,1,0,0,0.18505747373631784,True
teen mom 3 alum mackenzie mckee s mom s cancer has spread,12,105,0,0,1,0,0,0.07127067709997717,True
emmy nominations 2018 the 20 biggest snubs and surprises,9,0,0,0,1,0,0,0.12654256453323098,True
pauley perrette implies she left n c i s after multiple physical assaults,13,54,0,0,1,0,0,0.3729522164458813,True
married at first sight australian tv series,7,1,0,0,1,0,0,0.07897624939769263,True
terry crews names alleged sexual assaulter i will not be shamed,11,1019,0,0,1,1,0,0.2316517016173822,False
meek mill in a daze since being freed on bail,10,18,0,0,1,0,0,0.18446737245621012,True
dance moms star abby lee miller checks into prison,9,0,0,0,1,0,0,0.17566485274550284,True
chicago fire actress dushon monique brown dies at age 49,10,142,0,0,1,0,0,0.28731293341885294,True
the arrangement star josh henderson teases super intense skeletons in the closet for season 2,15,0,0,0,1,0,0,0.020688459682207925,True
j balvin reveals if he s related to the women in a viral video claiming to be his aunts,19,69,0,0,1,0,0,0.1611023647151764,True
shannon beador shares the tips that helped her lose almost 40 lbs,12,83,0,0,1,0,0,0.07069140467391158,True
miley cyrus announces 2017 billboard music awards performance teases malibu song video,12,68,0,0,1,0,0,0.12895289837735732,True
survivor ghost island season premiere recap cbs detroit,8,30,0,0,1,0,0,0.03789020703907353,True
billboard music award,3,63,0,0,1,0,0,0.07497071642459857,True
michelle obama is naked topless on the cover of a spanish lifestyle magazine,13,30,0,0,1,1,0,0.39409717548180007,False
blake lively and jimmy fallon face off in an epic dance battle,12,78,0,0,1,0,0,0.17629339159622212,True
preliminary analysis of the chairman s mark for the america s healthy future act as amended,16,0,0,0,1,0,0,0.11566465339965147,True
joel madden,2,1020,0,0,1,1,0,0.46945324719363907,False
ocean s 8 review roundup did sandra bullock and company wow critics,12,15,0,1,1,0,1,0.7162873063201943,False
outlook office skype bing breaking news and latest videos,9,227,0,0,1,0,0,0.3277900743290164,True
did kris jenner pay travis scott 4 million to step up for kylie jenner new report claims yes,18,23,0,1,1,1,1,0.9804913857284273,True
youtube star austin jones arrested for two counts of child pornography,11,477,0,0,1,0,0,0.26298663040587855,True
scheana marie may not spend christmas with robert parks valletta after all,12,62,0,0,1,0,0,0.18551890019935866,True
celebrate selena gomez s new single back to you by voting for her most iconic music videos on people s choice awards,22,1,0,0,1,0,0,0.08240775955905837,True
trump vows to end winter heating assistance for elderly and disabled our voice,13,360,0,0,1,1,1,0.5512636080791231,True
is nikki bella retired total divas star has been missing from the wwe,13,0,0,1,1,0,0,0.07827539099952358,True
marriage boot camp reality stars family edition cast revealed,9,39,0,0,1,0,0,0.18041051578378242,True
botched patient s nose is quot reborn quot without quot horns quot on shocking episode see the,17,70,0,0,1,0,0,0.12636917247603288,True
demi lovato stable and recovering after apparent overdose,8,30,0,0,1,0,0,0.17808141019919618,True
8 juiciest celebrity feuds of 2017,6,3,0,0,1,1,1,0.7583024758777279,True
deal or no deal s howie mandel says he doesn t remember meghan markle,14,92,0,0,1,0,1,0.6431511692052889,False
samantha bee loses sponsor over ivanka trump slur,8,51,0,0,1,0,1,0.649631127000265,False
meghan markle s half sister says she isn t trying to cash in on royal romance,16,41,0,0,1,0,1,0.5717983513504281,False
taylor chapman on her bikini competition diet workout plan,9,10,0,0,1,0,0,0.27041356821503104,True
chris pratt,2,32,0,0,1,0,1,0.5071900594434731,False
meghan markle and prince harry will reportedly have a baby as soon as they can,15,26,0,0,1,1,1,0.8228544670960508,True
billboard awards jenna dewan dominates the red carpet,8,10,0,0,1,0,0,0.1142806222813861,True
angelina jolie headed for a physical meltdown as actress going without food or sleep,14,27,0,1,1,1,1,0.9748202242998982,True
jennifer lopez s new track amor amor amor proves she a rod have a steamy romance,16,22,0,0,1,0,1,0.7857427373248684,False
vanderpump rules jax taylor admits cheating on brittany,8,46,0,0,1,0,0,0.1315317528296308,True
ad says obama apologized showed weakness on iran,8,7,0,0,1,0,0,0.31854084783359227,True
donal logue s missing transgender daughter is found,8,100,0,0,1,0,0,0.11804570847063205,True
fergie shares sweet video of son axl wishing his dad josh duhamel a happy birthday watch,16,44,1,0,1,0,0,0.07579969643751308,True
paris hilton and jane seymour pose on the red carpet in identical dresses pics,14,45,0,0,1,0,0,0.09736207658633186,True
cam newton dropped by sponsor over sexist remark to female reporter,11,42,0,0,1,0,1,0.6063088883815552,False
desperate brad pitt begs angelina jolie to see his children after footage clears him of physical abuse,17,16,0,0,1,1,1,0.977229172303941,True
restaurant review stanley s gets a second look and comes up smelling of roses,14,13,0,0,1,1,0,0.059937693566114954,False
adam levine delivers emotional tribute to christina grimmie on the voice,11,105,0,0,1,0,0,0.3134610396661787,True
george h w bush has died at 94 new york,10,1505,0,0,1,1,0,0.3371244349911483,False
justin timberlake working out with son on instagram 2017,9,61,0,0,1,0,0,0.333782878613028,True
kate middleton opts for elegant dress by alexander mcqueen and a hat by jane taylor to celebrate prince louis christening,20,36,0,0,1,0,0,0.14744960104005744,True
jenna dewan tatum channing tatum and i fight like other couples,11,55,0,0,1,0,0,0.37878872982305967,True
the force is strong with laura dern and billie lourd at mo t chandon s pre golden globes cocktail kickoff,20,46,0,0,1,0,0,0.21724129781343793,True
selena gomez pregnant with the weeknd s baby racing to marry report,12,41,0,1,1,1,1,0.9894983953539765,True
kim kardashian reveals why baby number 4 would be her last,11,62,0,0,1,0,0,0.38671796852281193,True
brad pitt rents summer love nest for his brainy beauty,10,5,0,0,1,1,1,0.6773772689272302,True
everything we know about jennifer aniston justin theroux s split,10,958,0,0,1,1,1,0.9145232102166628,True
angelina jolie all films considered,5,8,0,0,1,1,1,0.8000292046346611,True
inside faith hill and tim mcgraw s bahamas home,9,1,0,0,1,0,1,0.5272524983804953,False
married at first sight us star jonathan is divorcing his wife molly,12,11,0,0,1,0,0,0.0947824378838136,True
stranger things season 2 clip eleven escapes the upside down,10,60,0,0,1,0,0,0.02286989125857547,True
bode miller,2,46,0,0,1,0,0,0.35383876319929,True
obamacare vs the catholic bishops,5,1,0,0,1,0,0,0.29275725368830385,True
a revenge body participant shares her emotional story of feeling invisible with khloe kardashian am i not there,18,3,0,1,1,0,0,0.2732937982598145,True
gigi hadid warns anwar hadid about kendall jenner,8,10,0,0,1,1,1,0.6212708447187512,True
how teen mom s amber portwood overcame her scandalous past,10,31,0,0,1,0,0,0.0598791286113741,True
kim kardashian brought to tears as she holds her miracle baby for the first time,15,19,0,0,1,1,0,0.38070374035430304,False
neil patrick harris marriage to david burtka is falling apart exclusive,11,6,0,0,1,1,1,0.7230429265755891,True
brad pitt s rumored girlfriend not assisting actor s sobriety amid angelina jolie divorce,14,13,0,0,1,1,1,0.9125678432224454,True
katie holmes tom cruise divorce deal lets her control suri s upbringing source says,14,3,0,0,1,1,1,0.9599454063607534,True
selena gomez s pilates trainer reveals 3 booty perfecting workouts,10,87,0,0,1,0,0,0.4776122032880106,True
billy bush,2,0,0,0,1,1,0,0.3795300508969295,False
clinton foundation largest unprosecuted charity fraud in history charles ortel,10,291,0,0,1,1,0,0.42212625577168505,False
12 reasons kaia gerber is the next kendall jenner,9,142,0,0,1,1,1,0.6454675483800189,True
lena dunham apologizes for defending girls writer accused of rape,10,100,0,0,1,0,0,0.22453054849335607,True
boing boing,2,54,0,0,1,0,0,0.3112817012028866,True
tyra banks and carolyn london recreate iconic mother daughter duos,10,82,0,0,1,0,0,0.12406938920894627,True
despite season 2 issues netflix greenlights 13 reasons why season 3,11,42,0,0,1,0,0,0.09148635983197206,True
mila kunis gushes over husband ashton kutcher i got a man that has got a lot of patience,18,23,0,0,1,0,0,0.4087318032562382,True
khlo kardashian reveals her biggest parenting fear,7,122,0,0,1,0,0,0.32747856524735103,True
rob kardashian reunites with blac chyna for father s day with dream at disneyland,14,1,0,0,1,0,0,0.24601875215558103,True
13 reasons why hannah baker isn t coming back for season 3,12,55,0,0,1,0,0,0.10514455952412655,True
ellen degeneres and portia de rossi rock coordinating outfits to justin timberlake s concert,14,113,0,0,1,1,1,0.68955728189095,True
a star is born with lady gaga bradley cooper gets first look cinemacon,13,18,0,0,1,1,1,0.5946788239653346,True
nbc has saved brooklyn nine nine a day after fox canceled it,12,58,0,0,1,0,0,0.13566896730884814,True
jada pinkett smith responds to leah remini s claim that she s a scientologist,14,85,0,0,1,0,0,0.3803741060669814,True
this is what drake bell looks like under all his clothing and wow,13,86,0,0,1,0,0,0.19090300709924252,True
swedish royals princess sofia and prince carl philip welcome baby no 2,12,31,1,0,1,0,0,0.16669377272294067,True
jamie otis,2,20,0,0,1,0,1,0.5540861701744902,False
are justin bieber and hailey baldwin already married see band she s wearing,13,965,0,1,1,1,1,0.7577692728933426,True
daisy ridley says the star wars cast doesn t hang out much and we don t accept that,18,24,0,0,1,0,0,0.15915289454207276,True
ariana grande pete davidson s circles are relieved they split source,11,1,0,0,1,0,0,0.24551957893434614,True
briana dejesus finally addressed those javi marroquin marriage rumors,9,42,0,0,1,0,1,0.7686308330035778,False
jennifer aniston reveals the truth about her divorce from justin theroux,11,9,0,0,1,1,1,0.9154597308429091,True
the most outrageous total divas moments of the week,9,41,0,0,1,0,0,0.09313823125849933,True
eve let me blow ya mind lyrics,7,83,0,0,1,0,0,0.46463828248365185,True
lala kent gives dating advice i d rather be a bitch than dumb,13,48,1,0,1,0,0,0.20909703480252098,True
good fight renewed for season 3 at cbs all access,10,44,0,0,1,0,0,0.05205214400598231,True
donald trump jr and vanessa make nice in divorce court after nasty split,13,10,0,0,1,0,1,0.9059291745189478,False
the black girl s guide to gorgeous glowy skin,9,96,0,0,1,0,0,0.161332189643957,True
bette midler slams cheap hocus pocus remake,7,16,0,0,1,0,0,0.4979132372206718,True
american horror story enlists colton haynes for season 7,9,217,0,0,1,0,0,0.10783145698368778,True
ciara slays in first red carpet appearance since giving birth to daughter sienna see the pics,16,8,1,0,1,0,0,0.15474410556320017,True
what s in her make up bag,7,55,0,0,1,0,0,0.1728560699744268,True
kim kardashian and kanye west welcome baby no 3 via surrogate,11,96,0,0,1,0,1,0.781448792086282,False
kate beckinsale says harvey weinstein offered her alcohol when she was 17 years old,14,21,0,0,1,0,0,0.27137103708876215,True
nancy grace revisits fiance s brutal murder in hollywood medium with tyler henry sneak peek video,16,35,0,0,1,0,0,0.04892588178055728,True
kendall jenner hilariously responds to pregnancy rumors,7,117,0,0,1,1,1,0.6921670670876445,True
justin theroux ditches wedding ring amid jennifer aniston divorce drama,10,69,0,0,1,0,1,0.8527645733933802,False
gwen stefani admits vegas residency is the end of her musical journey settling down with blake,16,5,0,1,1,1,1,0.8316032679560591,True
david cassidy s family won t be honoring the hollywood star but why,13,55,0,1,1,0,1,0.5887856458523701,False
apparently amal is leaving george clooney,6,34,0,0,1,1,1,0.8401301164331729,True
the joys of netflix s nailed it the baking competition that celebrates kitchen disaster,14,38,1,0,1,0,0,0.08886363130215952,True
julia louis dreyfus shares a cute mistletoe moment with husband amid cancer battle,13,59,0,0,1,0,0,0.09937731220060403,True
kendall jenner and blake griffin close to break up,9,32,0,0,1,0,1,0.7450399493041966,False
kelly clarkson i lost millions over dr luke disagreement rolling stone,11,16,0,0,1,0,0,0.22798991612830405,True
paris jackson addresses family issues after janet jackson performance,9,23,0,0,1,0,0,0.4618970723920321,True
taylor swift breaks silence on sexual assault testimony i was angry,11,61,0,0,1,0,0,0.2920667755740487,True
how kendall and ariana s makeup artists use lip liner to fake a fuller pout,15,38,0,0,1,0,0,0.2965150799131863,True
you can t have breakfast at tiffany s,8,2,0,0,1,0,0,0.12524832011636478,True
olivia munn trevor noah not dating despite speculation,8,8,0,0,1,1,1,0.5490298142169662,True
the bachelor winter games,4,47,0,0,1,0,0,0.07400499693550561,True
gabrielle union feels the heat as she frolics in miami with nba boyfriend dwayne wade in tiny bikini,18,0,0,0,1,0,0,0.12094247346580908,True
reese witherspoon reportedly playing matchmaker for jennifer garner,8,1,0,0,1,1,1,0.6966915467797747,True
kaia gerber and naomi campbell pose for versace campaign,9,48,0,0,1,0,0,0.3042945437816789,True
the internet is freaking out over taylor swift s alleged tattoo here s the truth,15,73,0,0,1,0,0,0.3826155576486042,True
bad times at the el royale trailer features shirtless chris hemsworth jeff bridges fake priest,15,57,0,0,1,0,0,0.2999813837835161,True
juliette lewis on brad pitt romance and drug addiction i quit all my bulls t at 22,17,59,0,0,1,0,1,0.7979593393641363,False
why meghan markle and kate middleton are friendly but not bffs,11,32,0,0,1,1,1,0.6534332801224851,True
jersey shore family vacation season 2 teaser features drama babies and weddings,12,7,0,0,1,0,0,0.03681832613435951,True
check out why the weeknd wants to keep an air of mystery about his personal life,16,72,0,0,1,0,1,0.6249549212026456,False
liam payne laughs off rumors cheryl cole is into tom hardy,11,81,0,0,1,0,1,0.6683526610406274,False
mariah carey gives bryan tanaka 25 000 a month,9,4,0,0,1,1,1,0.576804372219998,True
michael fassbender alicia vikander split after 9 months of dating,10,30,0,0,1,1,1,0.5023671504385036,True
donal logue begs missing child to come home we love and miss you dearly,14,28,0,0,1,0,0,0.3129869759223403,True
rebecca romijn jerry o connell,5,126,0,0,1,1,0,0.3026811386301333,False
kourtney kardashian poses in a bikini on egyptian getaway,9,54,0,0,1,0,0,0.1932039659533318,True
double dutchess,2,36,0,0,1,0,0,0.12817427520662977,True
meghan markle declares herself a feminist on the british monarchy s website,12,38,0,0,1,0,1,0.6632733360348959,False
kanye west quits social media again after trump rant and inflammatory slavery remarks,13,31,0,0,1,0,1,0.6987582793668135,False
katy perry and orlando bloom cozy up for colosseum selfie in rome,12,55,0,0,1,0,1,0.511819116924916,False
you can get 1 strawberry margaritas at applebee s the entire month of august,14,3,0,0,1,0,0,0.32624102947691225,True
teen takes danny devito cutout to prom and he responds perfectly,11,33,0,0,1,0,0,0.1349747520936182,True
jade tanner tolbert share the scary details of their baby s birth,12,17,0,0,1,0,0,0.3461211615190842,True
prince harry drove 100 miles to pick meghan markle up for pippa middleton s wedding,15,1,0,0,1,0,0,0.4099689480100838,True
lili reinhart s best 9 moments as betty cooper on riverdale,11,76,0,0,1,0,0,0.05585962734475683,True
jessica alba reveals sex of baby number three in adorable instagram,11,66,0,0,1,0,0,0.24401704889595321,True
jessica alba can help cure your hangover,7,29,0,0,1,0,0,0.3258225426796281,True
sebastian stan says i tonya co star allison janney definitely deserves an oscar nomination,14,1,0,0,1,0,0,0.12489438428624539,True
blake shelton gwen stefani hoping exes miranda lambert gavin rossdale are happy and have children in their future relationships,19,6,0,0,1,1,1,0.8998889886014859,True
zeke smith says he had unprecedented autonomy in telling the story of his survivor outing,15,70,0,0,1,0,0,0.1130457782368641,True
boyfriend of slain reality tv star loredana nesci sentenced to 16 years to life,14,22,0,0,1,0,0,0.1880586479312032,True
ashley graham s radiant makeup is summer goals christian welch medium,11,55,0,0,1,0,0,0.0785457399210018,True
heres your first terrifying look at zac efron as a serial killer ted bundy,14,4,0,0,1,1,0,0.09261982635838056,False
debbie wasserman schultz aide arrested trying to flee the country,10,117,0,0,1,1,0,0.4848582547889697,False
caitlyn jenner abused as she leaves lgbt awards in london,10,14,0,0,1,1,1,0.8506692503869746,True
miranda lambert s nude lips at 2018 acm awards involved a 2 product,13,93,0,0,1,0,0,0.14004887580203434,True
alicia vikander stars as lara croft in action packed tomb raider trailer,12,19,0,0,1,0,0,0.05972805944320735,True
celebrity personal assistant salary,4,50,0,0,1,0,0,0.23288221021627845,True
troian bellisario opens up about her eating disorder,8,1,0,0,1,0,0,0.1783014525640598,True
is everyone in the family copying kim now bruce jenner shows rather feminine nails,14,5,0,1,1,1,1,0.9361514301432113,True
mini must have dj khaled s son asahd s 2 000 gucci suit he wore to the vmas at 10 months old,22,100,0,0,1,0,0,0.03575638800528409,True
here s everything we know about 13 reasons why season 3 so far,13,83,0,0,1,0,0,0.12572884140994117,True
ivanka trump sat in for dad at g20 meeting and twitter is not having it,15,5,0,0,1,1,1,0.5958406402307816,True
are prince harry and meghan markle coming to the u s,11,21,0,1,1,1,1,0.740748884012928,True
david harbour hijacks student s senior photos after twitter joke goes viral,12,89,0,0,1,0,0,0.3437569514892479,True
dancing with the stars athletes finale and the winner is,10,58,0,0,0,0,1,0.570496360373638,False
hillary clinton sits down with bill oreilly,7,107,0,0,0,0,1,0.9424983035621565,False
people s choice awards 2018 winners news nominees and red carpet photos,12,0,0,0,1,0,0,0.10210652825924356,True
shay mitchell s high waisted swimsuit is igniting something in all of us,13,60,0,0,1,0,0,0.14557548825902067,True
wags atlanta s ariel anderson is sick of being compared to her big sister kierra douglas on wags atlanta,19,11,0,0,1,0,0,0.236491782205174,True
rob lowe shares stories from montecito mudslide the sadness i can t get beyond it,15,26,0,0,1,0,0,0.17637703982434896,True
exclusive ozzy lusth on witnessing jeff varner out zeke smith on survivor the reaction was shock,16,2,0,0,1,0,0,0.2608483081630777,True
rihanna said have faith in god nothing about praying to satan,11,23,0,0,1,1,1,0.7440608118680723,True
prince harry leaving royal family for meghan markle,8,13,0,0,0,1,1,0.9607399728921255,True
former miss universe alicia machado accidentally posts nip slip photo,10,0,0,0,1,0,0,0.1432284609906492,True
man gets emotional when he surprisingly meets his lifelong hero videos,11,53,0,0,1,0,0,0.2921433050074691,True
emma gonzalez bullied school shooter isn t sorry then retweets message blaming white boys entitlement as cause of all school shootings,21,8,0,0,1,1,0,0.29867735729937644,False
first reviews of marvel s black panther,7,49,0,0,1,0,0,0.14259694869584255,True
liam payne and niall horan have partial one direction reunion at indiana concert,13,146,0,0,1,0,0,0.22028865176850315,True
reza farahan shares the fitness secrets behind his 40 pound weight loss,12,85,0,0,1,0,0,0.20847002507232426,True
here s when all 79 new christmas tv movies will air,11,83,0,0,1,0,0,0.09916777324849876,True
jesse williams ordered to pay 50 000 a month in child support,12,15,0,0,1,0,0,0.4405977949619927,True
latest news on fired nbc today show anchor,8,1020,0,0,1,1,1,0.7028414418769207,True
ed sheeran review bland everybloke brings the pub to the stadium,11,63,0,0,1,0,0,0.0823606591658047,True
kate middleton introduces a mental health film about paying attention to small feelings,13,47,0,0,1,0,0,0.30156025948895593,True
300 000 pounds of counterfeit rat meat has been sold as chicken wings in the u s,17,416,0,0,1,1,0,0.19883654298973527,False
alpha male madness 2018 nominate your favorite tv actors now,10,49,0,0,1,0,0,0.03640198480615817,True
kristen bell reveals that dax shepard once dumped her,9,68,0,0,1,0,0,0.17882011552619462,True
meet hilary duff s boyfriend and second child s father,10,97,0,0,1,0,0,0.09532912952195603,True
zac efron to play one of america s most notorious serial killers,12,84,0,0,1,0,0,0.16889818956101643,True
an in depth analysis of jennifer aniston s body language with justin theroux versus brad pitt,16,29,0,0,1,1,1,0.9886880049828167,True
selena gomez and justin bieber back at it with breakfast and church,12,63,0,0,1,0,1,0.9057168607933713,False
pretty little liars season 7,5,69,0,0,1,0,0,0.035733026453831085,True
oprah winfrey reveals the adorable message she took away from meghan markle s royal wedding,15,68,0,0,1,0,0,0.25690728403227603,True
american horror story cult episode 3 fans think there s significance in the green ice cream,16,72,0,0,1,0,0,0.17238019187705958,True
see kate upton and justin verlander s wedding photos,9,33,0,0,1,0,0,0.39164192599328446,True
victoria beckham reportedly furious about david s female friend,9,12,0,0,1,1,1,0.8442261445096406,True
here s what meghan markle s title will likely be when she marries prince harry,15,1,0,0,1,0,0,0.3308083274170809,True
happy birthday mary kate and ashley celebrate by looking back at their best red carpet moments,16,15,1,0,1,0,0,0.05338797247764045,True
liam payne releases brand new single bedroom floor,8,1,1,0,1,0,0,0.3201873117393845,True
ansel elgort and shailene woodley had a fault in our stars reunion at the globes,15,40,0,0,1,0,0,0.1466732312377544,True
camille grammer awarded half of ex husband kelsey grammer s retirement fund,12,31,0,0,1,0,0,0.16213735274336993,True
nick jonas new single remember i told you is the perfect memorial day weekend jam,15,88,0,0,1,0,0,0.11718847255130478,True
controversial bachelor arie luyendyk jr reveals wedding won t be televised,11,57,0,0,1,0,0,0.06011689587431948,True
is it love anna faris tours venice with michael barrett on romantic water taxi ride,15,28,0,1,1,0,1,0.7166087869081647,False
did cardi b s sister accidentally give a gender reveal,10,41,0,1,1,0,0,0.450855174170519,True
american music awards 2017 lady gaga nick jonas shawn mendes to perform,12,29,0,0,1,0,0,0.25741621317946556,True
kim jong un dead north koreans calling trump an assassin,10,1,0,0,1,1,1,0.720314338668871,True
justin timberlake s birthday surprise for ellen,7,66,0,0,1,0,0,0.17713541100906388,True
maroon 5 and jimmy fallon gave subway commuters the best surprise,11,83,0,0,1,0,0,0.0456513649558736,True
the big bang theory to end run after 12 seasons on cbs with epic close,15,27,0,0,1,0,0,0.21086729387115224,True
babysitter on crystal meth eats 3 month old baby,9,5,0,0,1,1,0,0.3683008521465579,False
paris jackson shares rare childhood home video to celebrate big brother prince s birthday,14,72,0,0,1,0,0,0.08734076781871876,True
kourtney kardashian gets a blood facial just like the one done by kim kardashian check out how it s done,20,103,1,0,1,0,1,0.704990905045009,False
ben affleck treats cast and crew of 500 to hawaiian luau,11,11,0,0,1,1,1,0.6647875223310261,True
breaking greitens accuser admits photo session may have been a dream,11,122,0,0,1,1,1,0.7660237446667122,True
watch luna is the best part of chrissy teigen s 73 questions with vogue,14,44,0,0,1,0,0,0.0494754503675049,True
second wives club s katie cazorla compares herself to classy co star shiva safai i m so opposite of her,20,0,0,0,1,0,0,0.1008522283604315,True
bloodline sets final season premiere watch the ominous trailer,9,50,0,0,1,0,0,0.0386641872546237,True
meghan king edmonds welcomes twin boys,6,26,0,0,1,0,0,0.2021450260239937,True
acm awards 2018 miranda lambert fans cry as blake shelton serenades gwen stefani,13,22,0,0,1,0,1,0.8285697508558444,False
kelly clarkson celebrates son remington s 1st birthday see the cute pics,12,61,1,0,1,0,0,0.046829660941599224,True
rihanna enjoys a quiet dinner with billionaire ex boyfriend hassan jameel,11,88,0,0,1,0,1,0.8100723387303684,False
star wars the last jedi bb 8 bowed to prince william and harry at the premiere,16,62,0,0,1,0,0,0.32787688472813203,True
tina fey plays a game involving two e t s recreating the ghost pottery scene,15,10,0,0,1,0,0,0.11778799132376894,True
jennifer lawrence s slip dress is made for lazy girls and more best dressed,14,31,0,0,1,0,0,0.07380675548429859,True
aaron paul and wife lauren reveal gender of their first child,11,59,0,0,1,0,0,0.10822506760798882,True
kendall jenner thinks it s a bit weird that kylie had a baby before her,15,80,0,0,1,0,1,0.7269867117835479,False
best dressed of the week kendall jenner halle berry more,10,36,1,0,1,0,1,0.5132210021026814,False
james corden seducing jamie dornan fifty shades style is as cringeworthy as it sounds,14,43,0,0,1,0,0,0.12437193577679509,True
2018 acm awards list of winners,6,174,0,0,1,0,0,0.2182438881813041,True
espys 2018 complete list of winners and nominees,8,68,0,0,1,0,1,0.5791730949682794,False
ranking the real housewives by net worth,7,11,0,0,1,1,0,0.16298389279028805,False
teen mom og star farrah abraham explains why she can t end amber portwood feud,15,1,0,0,1,0,0,0.030924947920001427,True
the cast of halloweentown reunited to celebrate debbie reynolds,9,1,0,0,1,0,0,0.07511251102955648,True
kourtney kardashian celebrates mother s day naked,7,35,0,0,1,0,0,0.2247925814235337,True
kj apa roasts cole sprouse on instagram with a throwback photo,11,65,0,0,1,0,0,0.09781709757114133,True
abc news radio,3,70,0,0,1,0,0,0.4942411711608677,True
katharine mcphee butchers tony nominations i have not been drinking,10,10,0,0,1,0,0,0.27087469085530075,True
karrueche tran bio facts family,5,83,0,0,1,0,0,0.29775587273251825,True
queen mathilde of belgium,4,57,0,0,1,0,0,0.4702254451735591,True
surveillance footage shows george clooney s scooter crash,8,46,0,0,1,0,1,0.6721044194632507,False
why nikki bella hid her first marriage from john cena and how he reacted when he found out,18,77,0,0,1,0,0,0.14529129755486625,True
abc freeform to air ariana grande s manchester benefit concert in u s,13,181,0,0,1,0,0,0.14982538270603687,True
jennifer lopez s boyfriend alex rodriguez marks star s birthday with series of personal photos,15,965,0,0,1,1,0,0.39390696366411654,False
scarlett johansson laughs at colin jost s dirty talk,9,8,0,1,1,1,1,0.6281724358206454,True
sebastian stan shares a funny message for his dad mark hamill,11,44,0,0,1,0,0,0.0925144485001268,True
justin bieber s gym ban lifted,6,3,0,0,1,1,1,0.831787911663048,True
tg 162 treasury announces 68 billion in expected cpp repayments,10,8,0,0,1,0,0,0.21444722899603455,True
transcript of wednesday s presidential debate,6,2,0,0,1,0,0,0.06589884670377187,True
carrie ann inaba asks her mom to be her matron of honor on live tv see the cute moment,19,29,1,0,1,0,0,0.16926153642607678,True
game of thrones reveals action packed comic con teaser trailer,10,64,0,0,1,0,0,0.03759921940432168,True
celine dion sings rihanna song when asked about love life rolling stone,12,36,0,0,1,0,0,0.4966517971558822,True
megan fox is radiant as she attends a disney on ice event in la,14,74,0,0,1,0,0,0.0613300913444384,True
mary kate and ashley olsen greatest hits,7,43,0,0,1,1,0,0.25411167566048537,False
kathie lee brings crowd to tears with speech about hoda,10,23,0,0,1,0,0,0.09746883400300282,True
who is lala kent s vpr man inside life with fiance,11,32,0,1,1,0,1,0.5233699885936336,False
kylie jenner reveals newborn daughter s name see the sweet pic,11,90,0,0,1,0,0,0.11198817581359671,True
the walking dead s fresh start looks like a big step back,12,42,0,0,1,0,0,0.1931884309530839,True
wednesday wake up call steven spielberg tells carl s jr to cease and desist with its spielburgers,17,52,0,0,1,0,0,0.20941948535639024,True
fear factor,2,84,0,0,1,0,1,0.5724801525897828,False
ew s long intimate increasingly strange interview with megan mullally and nick offerman,13,0,0,0,1,0,0,0.1746429887216844,True
nikki bella practices walking down the aisle during a masquerade party on total bellas i m in heaven,18,8,1,0,1,0,0,0.08912473737716892,True
high spf sunscreens are they better,6,42,0,1,1,0,0,0.2396599724504813,True
all the best moments from miley cyrus tonight show takeover,10,77,0,0,1,0,0,0.22419673249081556,True
mandy moore gets hit on as this is us cast join billy on the street,15,19,0,0,1,0,0,0.21237050403406477,True
justin theroux pursuing emma stone following jennifer aniston split,9,7,0,1,1,1,1,0.9827337872667956,True
digital diva inside caitlyn jenner s secret cyber hookups,9,11,1,0,1,1,1,0.9612722342056623,True
sienna miller on wikinow,4,7,0,0,1,1,0,0.4815662400702817,False
mtv s the challenge status check which couples are still together mtvchallenge,12,21,0,1,1,0,0,0.2037440106864259,True
american music awards best and worst dressed stars selena gomez and demi lovato shine,14,40,0,0,1,0,0,0.09853664112108222,True
elisabeth moss secretly seeing director alex ross perry,8,1,0,0,1,1,0,0.3104702575968528,False
cardi b talks fame future and feminism,7,21,0,0,1,0,0,0.1268238290792278,True
justin theroux had reservations about marrying jennifer aniston,8,22,0,0,1,1,1,0.9578837489101154,True
kate upton details alleged harassment by guess paul marciano,9,62,0,0,1,0,0,0.22968040224453246,True
gwyneth paltrow s super starry engagement party reese witherspoon jennifer aniston more celebrate,13,81,0,0,1,0,1,0.560669970088188,False
the architect behind beyonc and jay z s 88 million house is building a new 500 million la mansion with 7 pools a jellyfish lounge and a casino,28,43,0,0,1,0,0,0.2709606514715468,True
drake thinks chris brown s comment creeping on rihanna is sad desperate,12,20,0,0,1,1,1,0.8928381217980722,True
blake shelton reads mean tweets about his sexiest man alive 2017 title,12,31,0,0,1,0,1,0.7318745192461814,False
ellen degeneres and portia de rossi home,7,75,0,0,1,0,1,0.8849657236396427,False
chad michael murray finds out if his late grandmother was murdered,11,73,0,0,1,0,0,0.37092547457929304,True
teewhy hive hailey baldwin s braid to bun is the it girl s top knot,15,59,0,0,1,0,0,0.19873066119188604,True
mama june s daughter pumpkin had two guns stolen from her car,12,15,0,0,1,0,0,0.06855683913477625,True
page 1060 us weekly,4,12,0,0,1,1,1,0.7836943163796241,True
chloe lukasiak rubs dance moms return in abby lee miller s face,12,21,0,0,1,0,0,0.08035854222306749,True
millie bobby brown and paris jackson dazzle in new calvin klein campaign,12,69,0,0,1,0,0,0.41755353197771705,True
shop meghan markle s royal duchess style,7,75,0,0,1,0,0,0.32888816139975924,True
mariah carey is all smiles as she rehearses for new year s rockin eve comeback,15,1,0,0,1,0,0,0.4700685818850729,True
celebrities thank barack obama on last day as president,9,49,0,0,1,1,0,0.4064669973495051,False
if trump s feud with arnold schwarzenegger was a ratings ploy it failed,13,6,0,0,1,1,1,0.7995241356514046,True
selena gomez celebrates 25th birthday with the weeknd,8,113,0,0,1,0,0,0.4311005916382355,True
fixer upper is ending what is chip and joanna gaines net worth,12,59,0,1,1,0,0,0.3312199544128323,True
cameron diaz jim carrey ditch reunion movie plans,8,72,0,0,1,1,1,0.5915331913012439,True
dermatologists top tips for relieving dry skin,7,54,0,0,1,0,0,0.11962197674795903,True
rhonj reunion teresa giudice warned about kim depaola,8,44,0,0,1,0,1,0.5811427169125564,False
remarks by the president at the associated press luncheon,9,0,0,0,1,0,0,0.1446228881373324,True
actor t j miller denies accusations of sexual assault physical violence,11,40,0,0,1,0,0,0.19657278424438104,True
anna kendrick s impression of kristen stewart is so spot on,11,6,0,0,1,0,1,0.8107209084881831,False
an olsen twin dressed girly and fashion editors have no chill,11,47,0,0,1,0,0,0.07650497598366421,True
dance moms star abby lee miller leaves jail after losing 100lbs,11,45,0,0,1,0,0,0.13201932731705265,True
abby lee miller undergoes emergency surgery amid battle with cancer,10,109,0,0,1,0,0,0.16063888312601207,True
nsync how much are they worth now,7,72,0,1,1,0,1,0.5253057257758093,False
arie luyendyk jr confronted by bachelor contestant i know what you did,12,11,0,0,1,0,0,0.06827131846062268,True
the 25 most memorable grammy looks of all time,9,1,0,0,1,0,0,0.11132173324503963,True
why taylor swift s surprise performance had jimmy fallon and his audience sobbing,13,0,0,0,1,0,0,0.22061948800564998,True
frogmore house windsor castle and more of the world s most lavish castles,13,56,0,0,1,0,0,0.24052758865175505,True
jon hamm is not stealing batman role from affleck,9,2,0,0,1,1,0,0.4417587680844547,False
henry the hippo dad of adorable fiona dies in cincinnati,10,109,0,0,1,0,0,0.11913036143815636,True
revenge body celebrity trainers share their top weight loss tip,10,1,0,0,1,0,0,0.17347713652398994,True
demi lovato thanks fans for support following release of sober you are my light,14,53,0,0,1,0,0,0.18868493719911011,True
kate winslet revealed she was bullied at school,8,17,0,0,1,0,0,0.41658428988742713,True
millie bobby brown explains why she and drake talk all the time,12,49,0,0,1,0,0,0.1746833671818247,True
once upon a time beefs up its season 7 cast with 5 new additions,14,69,0,0,1,0,0,0.014086163129433426,True
jill messick s family issues blistering statement on harvey weinstein and rose mcgowan,13,70,0,0,1,0,0,0.20274764308173696,True
can the botched doctors help this professional sugar baby with her expanding nipple problem,14,1,0,1,1,0,0,0.41384004496580695,True
donald trump jr brings kimberly guilfoyle to white house for july 4th as he shares odd images of his dad,20,42,0,0,1,0,1,0.6796492088440655,False
kelly clarkson s 3 year old daughter swoons over gaston at disneyla,12,12,0,0,1,0,0,0.13911808802871983,True
jennifer aniston is casually dating after split from justin theroux,10,9,0,0,1,1,1,0.9728616800912698,True
oj simpson called khloe kardashian about paternity test,8,0,0,0,1,1,1,0.6763499562748873,True
sarah michelle gellar pays tribute to robin williams on anniversary of his death we miss you every day,18,72,0,0,1,0,0,0.18262492175134376,True
kylie jenner s pregnancy has been hell she s never been more miserable exclusive,14,4,0,0,1,1,1,0.9115667610121175,True
update van full of illegals caught voting at multiple alabama polling locations,12,158,0,0,1,1,1,0.5328750872010093,True
jimmy fallon s mom dies after canceled tonight show taping,10,18,0,0,1,0,0,0.12482464851007767,True
nicky hilton shares how she s preparing for baby no 2,11,69,0,0,1,0,0,0.10653609547949941,True
kim kardashian tells kourtney and pregnant khloe you look like f ing clowns in kuwtk,15,0,0,0,1,0,0,0.2579393163779454,True
brad pitt looking to buy new place in la arts district amid angelina jolie romance rumors,16,20,0,0,1,1,1,0.9038929687781792,True
4 mind blowing secrets behind the makeup in black panther marvelstudios,11,135,0,0,1,0,0,0.29777882246762805,True
amanda bynes resurfaces as a brunette again,7,19,0,0,1,0,0,0.23218925354205686,True
qualifications needed to become a fitness instructor,7,173,0,0,1,1,0,0.2729182150694709,False
monthly treasury statement of receipts and outlays of the united states government,12,42,0,0,0,0,1,0.7490332821582814,False
exclusive how pippa middleton is prepping for her big wedding to james matthews,13,47,1,0,1,0,0,0.4244255796198168,True
meghan markle kept prince harry romance secret from suits cast mates,11,14,0,0,1,1,1,0.530507274564443,True
he said she said nick vanessa lachey recount the day trl helped turn their friendship into romance,17,43,0,0,1,0,0,0.251391590445365,True
weird things everyone ignores about gwen blake s relationship,9,53,0,0,1,0,1,0.6747997318284171,False
rooney mara ate pie for the first time at age 31 for a ghost story and twitter users are shocked,20,48,0,0,1,0,0,0.1345408646671529,True
gigi hadid is now defending her leaner body on instagram,10,32,0,0,1,1,0,0.23102014709310448,False
sofia richie and scott disick go on date night after tense meeting with kourtney kardashian,15,89,0,0,1,0,1,0.5301417510602966,False
wedding of prince harry and meghan markle,7,10,0,0,1,0,0,0.4335224527088278,True
why is cara delevingne so famous,6,38,0,1,1,0,1,0.7385703179990019,False
12 photos of leonardo dicaprio and kate winslet being absurdly adorable together at the oscars,15,22,0,0,1,1,0,0.4555129265677444,False
5 big jaw droppers at the 2018 mtv movie tv awards,11,0,0,0,1,0,0,0.03758602410600159,True
mark wahlberg teased mel gibson about weight offered to become personal trainer,12,6,0,1,1,1,1,0.6479035803027076,True
omg kourtney kardashian hopes her kids will motivate scott disick,10,30,1,0,1,0,1,0.6495610415006227,False
despite season 2 issues netflix greenlights 13 reasons why season 3,11,51,0,0,1,0,0,0.09185093888585881,True
is kate hudson engaged actress spotted with ring on her wedding finger while riding dirt bike,16,21,0,1,1,0,1,0.7672687805358787,False
kim kardashian shares adorable video of saint and chicago revealing their incredible sibling bond,14,2,0,0,1,1,0,0.3244336535190402,False
watch the chilling reenactment of selena quintanilla s last days alive,11,62,0,0,1,0,0,0.23461837672087338,True
the rock tom hanks reveal 2020 campaign,7,152,0,0,1,0,0,0.34304098993358495,True
tony awards 2017 complete winners list,6,221,0,0,1,1,0,0.4939503686985447,False
justin bieber super proud of how madison beer handled period stain drama own it,14,38,0,0,1,1,1,0.5552749954019801,True
gil duldulao tells stories through janet jackson s state of the world tour performances,14,1,0,0,1,0,0,0.3178185282977367,True
gwyneth paltrow calls ex husband chris martin my brother in sweet birthday instagram message,14,67,0,0,1,0,0,0.20476219460719952,True
justin bieber s complete dating history,6,83,0,0,1,1,1,0.8848260860373078,True
watch out lady gaga s blazer dress can stop traffic,10,21,1,0,1,0,0,0.4392999206856566,True
kim k j law ended up fully butt naked in kris jenner s closet,14,10,0,0,1,0,0,0.4466645755613432,True
stars react to texas church shooting with grief disbelief no words numb again,13,40,0,0,1,1,1,0.7423620538497125,True
botched patient brandon is using his twin brother brian as the revision road map for,15,60,0,0,1,0,0,0.09286481221203512,True
7 powerful quotes from mindy kaling that prove she s ready to be a mom,15,34,0,0,1,0,0,0.16198232760107534,True
arrow oliver reunites with slade wilson in new finale sneak peek,11,59,0,0,1,0,0,0.05179127095905477,True
ryan murphy on american crime story future and scrapping monica lewinsky season,12,53,0,0,1,0,0,0.0759024891140561,True
the actors tipped to replace kim cattrall as samantha jones in sex and the city,15,6,0,0,1,1,0,0.28698882546437987,False
adrienne houghton on showtime at the apollo fifth harmony,9,0,0,0,1,0,0,0.21833276761158943,True
here s what melissa joan hart thinks of netflix s sabrina the teenage witch reboot,15,50,0,0,1,0,0,0.22631712811739088,True
craig conover reveals what s next for his law career it s very surreal that i m actually an attorney now,21,84,0,0,1,0,0,0.29948060491477935,True
sophia grace rosie,3,48,0,0,1,0,0,0.260246177436746,True
does this photograph prove amelia earhart survived her final flight,10,317,0,0,1,0,0,0.40012215785251803,True
33 actors dish on all of the sex scenes they ve ever shot,13,83,0,0,1,0,0,0.3307042647083051,True
tessa gr fin von walderdorff,5,53,0,0,1,0,0,0.2952381715540023,True
mehgan james busted lying about rob kardashian relationship,8,27,1,0,1,1,0,0.43100727305232656,False
jimmy kimmel gets revenge for scandal cast by pranking josh malina,11,49,0,0,1,0,0,0.06713041899843339,True
leonardo dicaprio is rumored to do this lazy af thing during sex,12,5,0,0,1,1,1,0.5690795104292679,True
justin bieber pedophiles run the evil music industry,8,978,0,0,1,1,1,0.8376339280308389,True
resource not available,3,4,0,0,1,0,0,0.30077471369967973,True
kim kardashian revealed how much saint s diaper bag costs it s um shocking,14,0,0,0,1,1,1,0.5735407690514999,True
gwen stefani ready for a miracle baby at 47 with blake shelton,12,11,0,0,1,1,1,0.9366347117104238,True
ncis recap how pauley perrette s abby says goodbye after a big twist and lots of flashbacks,17,16,0,0,1,0,0,0.06036345427662437,True
chadwick boseman surprised black panther fans and we re so emotional right now,13,9,0,0,1,0,0,0.35674134309114863,True
fan sues gwen stefani live nation for stampede that left her with a broken leg,15,66,0,0,1,1,1,0.6776133631450596,True
beyonc was honored with the humanitarian award at the 2018 wearable art gala,13,1,0,0,1,0,0,0.06942340927592859,True
here comes the bride see megan morrison s custom wedding gown on the season two premiere of the arrangement,19,44,1,0,1,0,0,0.033254067308240216,True
faith hill is happy to be 50 and isn t afraid to say it,14,12,1,0,1,0,1,0.6777703500232777,False
dermatologists top tips for relieving dry skin,7,64,0,0,1,0,0,0.12013527327321694,True
jennette mccurdy s comments on ariana grande pete davidson will make your head spin,14,11,0,0,1,0,0,0.07495328676379032,True
u s senator debbie stabenow of michigan,7,0,0,0,1,0,0,0.1451365451416016,True
portia de rossi confirmed brad pitt and jennifer aniston haven t seen each other,14,11,0,0,1,1,1,0.9867306224153782,True
teen mom og star maci bookout looks to have a baby bump in new instagram photo,16,2,0,0,1,0,0,0.056223417687101214,True
gwen stefani blake shelton secretly married for 6 mos report claims they re in wedded bliss,16,4,0,1,1,1,1,0.99338890467624,True
luann de lesseps will leave rehab after 3 weeks for cabaret dates before outpatient treatment,15,62,0,0,1,0,0,0.0811480177224579,True
i d like to thank tracee ellis ross for redefining celebrity,11,80,0,0,1,0,0,0.08050786079250284,True
a complete history of justin bieber selena gomez s on again off again relationship,14,77,0,0,1,0,1,0.8929179370934315,False
ryan reynolds responds to rumors his marriage to blake lively is in trouble,13,31,0,0,1,1,1,0.7060915724754677,True
royal wedding 2018 meghan markle s givenchy dress in detail,10,0,0,0,1,0,0,0.21173281633215166,True
every single time tracee ellis ross slayed the red carpet in 2017,12,2,0,0,1,0,0,0.03750723457403008,True
america s got talent s first live show eliminations include a judges favorite and more,15,111,0,0,1,0,0,0.26764671619821834,True
family guy made a creepy kevin spacey joke years ago,10,27,0,0,1,0,0,0.3250407258922613,True
ellie kemper net worth,4,44,0,0,1,0,0,0.3750728116184137,True
hair changes nudity clauses and sarah jessica parker s reluctance how sex and the city painstakingly came together,18,47,0,0,1,0,0,0.4976009708309282,True
prince william to miss fa cup final for harry s wedding,11,1,0,0,1,0,0,0.37610998798042317,True
jay z teases 4 44 album with kill jay z commercial,11,108,0,0,1,0,0,0.23952432900814125,True
jennifer lopez s ex husband marc anthony kicks off his birthday by attending her las vegas show,17,1,0,0,1,0,0,0.2265288568656314,True
nicki minaj s daughter,4,274,0,0,1,1,0,0.18318280670746234,False
how celebrities really pull off their fabulous secret honeymoons 8 seater planes private islands and no instagram,17,46,0,0,1,0,1,0.603642038072352,False
caitlyn jenner mom dad,4,1035,0,0,0,1,1,0.9916582623713215,True
the secret making of meghan markle s royal wedding gown,10,44,0,0,1,1,0,0.41328706179020114,False
review dwayne johnson s bland baywatch can t commit to the absurd,12,25,0,0,1,1,0,0.08349839463472702,False
david blaine sews his mouth shut literally in front of jimmy fallon and priyanka chopra,15,11,0,0,1,0,0,0.17049497496747681,True
the arrangement stars josh henderson christine evangelista dating,8,32,0,1,1,0,0,0.38392839494689357,True
meghan trainor and daryl sabara make hearts melt with their sweet 1 year anniversary messages,15,65,0,0,1,0,0,0.26040697723259904,True
brad pitt is not dating jennifer lawrence despite claims,9,14,0,0,1,1,1,0.9773742063310944,True
farrah abraham just defended letting her daughter watch her get butt injections so,13,50,0,1,1,0,0,0.12328765822275588,True
angelina jolie jared leto dating after brad pitt divorce report,10,24,0,0,1,1,1,0.9940749797955417,True
julie bowen s hairstylist uses the coolest leave in conditioner celeb goss pics,13,89,0,0,1,0,0,0.1364113474693589,True
jonathan rhys meyers reunites with his wife mara lane after 6 weeks apart,13,28,0,0,1,0,0,0.220316634731949,True
30 details about kim kardashian kanye west s relationship you may find odd,13,6,0,0,1,1,1,0.8639193400752807,True
the walking dead season 8 episode 16 finale will conclude all seasons thus far says showrunner,16,47,0,0,1,0,0,0.034293565834218616,True
o j simpson not getting plastic surgery after prison release despite report,12,0,0,0,1,1,1,0.9773661431649129,True
britney spears opens up about illuminati i pray to god for forgiveness pedogate,13,303,0,0,1,1,0,0.4679891036603698,False
julia s 225 million divorce drama danny explodes over hot hookup with richard gere,14,7,1,0,1,1,1,0.5580137480687744,True
ben affleck and lindsay shookus the way they were,9,115,0,0,1,0,1,0.6421378324973254,False
meghan markle s pregnancy plans are her business and nobody else s,12,17,0,0,1,1,1,0.7979180932832989,True
jill duggar might have a nose ring fans are freaking out,11,23,0,0,1,0,0,0.20884492489951473,True
kendall jenner explains why she got her meow lip tattoo i was drunk,13,28,1,0,1,0,0,0.3705013424297777,True
the weeknd s romantic paris plans for selena gomez s birthday revealed,12,14,0,0,1,1,1,0.7487887179053355,True
the early stages of falling in love,7,255,0,0,1,1,0,0.20347775213587913,False
jennifer lawrence thanks kardashians for getting her through mother s intense scenes,12,68,0,0,1,0,0,0.3721856912347505,True
delta ticket 2017,3,12,0,0,1,1,0,0.38994643739899426,False
gwyneth paltrow angelina jolie and others say weinstein harassed them,10,4,0,0,1,1,1,0.6939319724143207,True
chris cornell,2,20,0,0,1,0,0,0.17803223754652955,True
jenelle evans denies she was fired by blue apron due to child abuse rumors,14,25,0,0,1,0,0,0.20639727785436965,True
eric ben t responds to name drop on jay z s 4 44,13,0,0,0,1,0,0,0.3612742884900907,True
tim kaine s speech in spanish at an arizona rally read now,12,0,0,0,1,0,0,0.30635717519462535,True
bachelor in paradise s demario jackson defends corinne olympios over slut shaming comments,13,1,0,0,1,0,0,0.060123073637455664,True
kate hudson reveals how romance with danny fujikawa began,9,26,0,0,1,0,0,0.4937239458668649,True
julie bowen,2,1207,0,0,1,1,0,0.44196344736252463,False
brad pitt misses seeing his kids as he goes back to work for first time since angelina jolie split,19,21,0,0,1,1,1,0.8984215142513732,True
33 of the best moments of the 2018 winter olympics 2018,11,96,0,0,1,0,0,0.02903686088669084,True
reese witherspoon interview series to kick off her hello sunshine channel debut on at t directv,16,19,0,0,1,0,0,0.17524772284287807,True
tori spelling goes back to work with jennie garth amid troubled week,12,57,0,0,1,0,0,0.2113074046843112,True
when does the bold type return a new season is definitely in the works,14,52,0,1,1,0,0,0.21608072485531907,True
what time do the 2018 golden globes start,8,28,0,1,1,0,0,0.20762858597614425,True
paris hilton s happy it girls like kendall jenner cop her style,12,74,0,0,1,0,0,0.28651257833718535,True
angelina jolie she s worried about brad pitt quentin tarantino s potential team up on new film,17,2,0,0,1,1,1,0.9772849104871344,True
liv tyler addresses rumors that she once dated orlando bloom,10,24,0,0,1,0,1,0.5789467555398458,False
reunions and returns dominate as game of thrones marches on experts,11,1,0,0,1,0,0,0.132364895851365,True
mcdonnell letter urges no delay in virginia offshore energy exploration and development,12,0,0,0,1,0,0,0.12549670369910393,True
kylie jenner s mystery pregnancy might be the most confusing kardashian situation ever,13,27,0,0,1,1,1,0.8505299822872262,True
tv review rose mcgowan in citizen rose on e,9,8,1,0,1,0,0,0.0968618684285074,True
nicky hilton enjoys glamorous baby shower thanks to paris and kathy hilton,12,22,0,0,1,0,0,0.132999804026319,True
jennifer garner returns to tv for lena dunham s new hbo comedy,12,30,0,0,1,0,0,0.27714689570271256,True
channing tatum apologizes to halle berry for kingsman comic con stunt with magic mike live dancers,16,0,0,0,1,0,0,0.4165137192419002,True
dwayne johnson expecting baby girl with lauren hashian,8,79,0,0,1,0,0,0.11946711204508649,True
celebrities react to the death of jonathan demme he could do anything,12,26,0,0,1,1,1,0.8992217183706904,True
fredrik eklund on his friendship with bethenny frankel i feel like i m married to her,16,21,0,0,1,0,0,0.07910241551951813,True
jessie james decker,3,0,0,0,1,0,0,0.06523188398485993,True
cole sprouse and lili reinhart in hawaii january 2018,9,0,0,0,1,0,0,0.05724451941269797,True
halloweentown s kimberly j brown and daniel kountz are officially dating,11,1,0,0,1,0,1,0.515766649258805,False
cardi b breaks her silence after entourage allegedly attacked autograph seeker,11,23,0,0,1,0,0,0.06252280422871488,True
cma awards 2017 taylor swift wins song of the year,10,112,0,0,1,0,0,0.23277810618445022,True
big bang theory drama behind the scenes not causing show to fall apart debunked,14,3,0,0,1,1,1,0.529340753175932,True
former child star blake heron s cause of death revealed,10,44,0,0,1,0,0,0.35465586406585003,True
e cancels scripted series the arrangement after two seasons,9,45,1,0,1,0,0,0.10522015738652873,True
report jay cutler expected to retire may return to tv,10,1,0,0,1,0,0,0.4678701192269925,True
kelly rohrbach cosies up to shirtless beau steuart walton in malibu,11,115,0,0,1,0,0,0.29897713674642634,True
khlo kardashian how i told tristan i was pregnant,9,64,0,0,1,0,1,0.6780063941887787,False
source reveals major update about brad pitt s life he s been dating a bit,15,6,0,0,1,1,1,0.9232383980582952,True
afp mccain renews attacks on obama links to radical,9,2,0,0,1,0,0,0.4417896134352257,True
sarah michelle gellar,3,41,0,0,1,0,0,0.46261171165794396,True
jennifer lawrence responds to sexist dress criticism it was my choice,11,32,0,0,1,0,0,0.22312961441945334,True
kim kardashian west cries when she gets call from kanye west s worried friend,14,0,0,0,1,0,1,0.6494111546675883,False
why miranda lambert and blake shelton s great love affair unraveled,11,104,0,0,1,0,1,0.8787831594977402,False
ten years later the sopranos finale is still revolutionary,9,83,0,0,1,0,0,0.20082995759732977,True
ben affleck winces when jennifer garner mentions john miller,9,82,0,0,1,0,1,0.8507228734038761,False
kendall jenner bella hadid were secret lovers,7,3,0,1,1,1,1,0.85580782057649,True
big little lies season 2 all the details so far,10,18,0,0,1,0,0,0.20565579523061694,True
dannielynn birkhead net worth,4,86,0,0,1,0,0,0.37987427644629707,True
watch kim kardashian devour pizza ice cream while enjoying last supper before health kick i just want a good body on kardashians,22,0,0,0,1,0,0,0.3793738357911191,True
miley cyrus liam hemsworth married on new years the truth finally revealed,12,20,0,1,1,1,1,0.8946668096952154,True
are amber rose and 21 savage engaged see pic sparking speculation,11,18,0,1,1,0,0,0.48288861123105087,True
katy perry proves she s the best surprise wedding guest by starting epic dance party,15,23,0,0,1,0,0,0.3029190186663772,True
the millie bobby brown is homophobic meme is absurd but that doesn t mean it s harmless,17,10,0,0,1,0,0,0.2085343851835744,True
gwyneth paltrow poses topless in mud for goop s first issue,11,28,0,0,1,0,0,0.24056299326291808,True
josh gad jonah hill laughing over mistaken identities,8,5,0,0,1,1,0,0.4728949504948482,False
zac efron goes hiking for christmas shirtless,7,44,1,0,1,0,0,0.14088355205161843,True
the bill cosby trial explained,5,3,0,0,1,0,0,0.2871985732576187,True
survey results from hays research group,6,0,0,0,1,0,0,0.18936481423075843,True
watch full ted cruz presser on new deal with kasich update part two added,14,0,0,0,1,0,0,0.3768820736782102,True
kaitlyn bristowe can t recognize aj mclean but sings his praises,11,13,0,0,1,0,0,0.1007919897996242,True
mtv movie tv awards chrissy metz slams body shamers,9,62,0,0,1,0,0,0.051958644297543016,True
jennifer lopez s secret to staying youthful is a mantra embroidered on her pillowcase,14,95,0,0,1,1,1,0.8294918730223183,True
alessandra ambrosio,2,1000,0,0,1,1,0,0.4172912209199688,False
zac efron and alexandra daddario spark dating rumors as they buy pet supplies together,14,0,0,0,1,0,0,0.38138794514316904,True
wonder woman star lynda carter hits out at poor soul james cameron,12,63,0,0,1,0,0,0.08471719247122653,True
luis fonsi says justin bieber deserves a pass for not knowing the lyrics to despacito,15,63,0,0,1,0,1,0.5070745424515334,False
stay with me sam smith song,6,653,0,0,1,1,0,0.2270578062346431,False
top 13 best foundations for sensitive skin 2018 reviews guide,10,41,0,0,1,0,0,0.04157894105060267,True
hollywood s most powerful stylist shows us how to wear a white tee,13,38,0,0,1,0,0,0.3120480165305882,True
actor shia labeouf arrested on public drunkenness charge,8,184,0,0,1,0,0,0.4409575776558379,True
joss whedon is a hypocrite preaching feminist ideals ex wife kai cole says guest blog,15,57,0,0,1,0,0,0.19217038329053038,True
cher announces broadway musical based on her life coming in 2018,11,241,0,0,1,0,0,0.2099470739392937,True
police called after family dispute at the home of harvey weinstein s daughter,13,86,0,0,1,0,0,0.29000132341758217,True
reese witherspoon confirms legally blonde 3 is on and she s in,12,116,0,0,1,0,0,0.2564029685091998,True
dana scully,2,0,0,0,1,0,0,0.3056776658599386,True
blake lively trolls ryan reynolds about wanting to cheat on him,11,23,0,0,1,0,0,0.39324696869608616,True
this is mccarthyism trump accuses obama of wire tapping his office before election,13,27,1,0,1,1,1,0.6708867407333705,True
meghan markle s bucket list reveals the royal s surprising to dos,12,65,0,0,1,1,1,0.5174216225834434,True
bella hadid and kendall jenner swap girly for grunge,9,37,0,0,1,0,1,0.5678108636140514,False
the weeknd drops 20 million on hidden hills mega mansion,10,64,0,0,1,0,0,0.4786060558175283,True
selena gomez to host we day california 2017,8,66,0,0,1,0,1,0.6835587339104259,False
dwts pro sharna burgess famous boyfriend revealed hint it s not bonner bolton,13,60,1,0,1,0,0,0.44035672503914514,True
princess eugenie s ring is double the price of meghan markle s,12,55,0,0,1,1,0,0.2913926903522392,False
late night hosts spoof ambien ads following roseanne barr racist tweet,11,42,0,0,1,0,0,0.25334284598824724,True
robert pattinson hangs out with co star mia goth in germany,11,13,0,0,1,1,1,0.7728173485080383,True
harvey weinstein pleads not guilty to sexual assault charges again variety,11,73,0,0,1,0,0,0.1782947335588053,True
jennifer lopez s daughter shows off her singing skills on instagram,11,0,1,0,1,0,0,0.405475787030852,True
jcpenney teams up with tracee ellis ross for sparkling holiday capsule collection,12,110,0,0,1,0,0,0.11229520370102075,True
sophie turner and joe jonas engaged relationship timeline,8,41,0,0,1,0,1,0.5556929568995738,False
the voice war inside blake shelton kelly clarkson s explosive backstage feud,12,1,1,0,1,1,1,0.9135541032054911,True
harvard s famed hasty pudding troupe will cast women it only took 174 years,14,0,0,0,1,0,0,0.15184549850105775,True
oscars 2018 saoirse ronan s best red carpet looks,9,48,0,0,1,0,0,0.05442672444633086,True
selena gomez orlando bloom is he chasing her after split from katy perry,13,31,0,1,1,1,1,0.9326815741105571,True
why nikki bella hid her first marriage from john cena and how he reacted when he found out,18,8,0,0,1,0,0,0.14117212040214747,True
us report kate middleton pregnant with baby number four,9,74,0,0,1,0,1,0.8584912246045409,False
mirai nagasu first american woman to land triple axel at olympics,11,250,0,0,1,0,0,0.35160589086421223,True
35 timeless fall staples for women that ll last a lifetime in your wardrobe,14,47,0,0,1,0,0,0.43917415641209184,True
i want to have his babies kristen reveals family plans with rob just weeks before she cheated,17,8,0,0,1,1,1,0.5173920638937706,True
mark consuelos addresses trolls for body shaming bikini clad wife,10,63,0,0,1,0,0,0.17816973875372805,True
patti lupone says madonna should not be on film or on stage,12,134,0,0,1,0,0,0.4074027012886887,True
15 best headpieces at the met gala 2018 ranked,9,31,0,0,1,0,0,0.022678152821018295,True
emergency c sections days long labor and breech babies the most complicated duggar births,14,66,0,0,1,0,0,0.14861089469329847,True
did diddy really kill tupac a full breakdown of what we learned in murder rap,15,143,0,1,1,0,1,0.5715255066932777,False
nicole kidman 8 million tell all amazon com books,9,5,0,0,1,1,1,0.561776609510409,True
abby huntsman to join the view as new co host,10,61,0,0,1,0,0,0.15032106901583656,True
cressida bonas prince harry s ex girlfriend lands a leading role in new tv series,15,38,0,0,1,0,0,0.18032599389919993,True
can drake stop trying to control women s sexuality,9,37,0,1,1,0,1,0.88825495484756,False
abc news radio,3,58,0,0,1,0,0,0.492781912119277,True
brad pitt thinks leaving jennifer aniston for angelina jolie was the biggest mistake of his life,16,49,0,0,1,1,1,0.9901716403122968,True
princess diana s legacy is more urgent than ever 20 years after her death,14,24,0,0,1,0,0,0.4050469554982511,True
this is the only christmas gift guide you ll need,10,64,0,0,1,0,0,0.327092540096215,True
mark ronson and josephine de la baume file for divorce,10,96,0,0,1,0,0,0.2693795340856814,True
michael b jordan put his sculpted body on display in creed ii trailer poster watch now,16,16,1,0,1,0,0,0.15610733118492195,True
mom of 3 who suffered same morning sickness as princess kate shares her survival tips it s miserable,18,56,0,0,1,1,0,0.08500669099463232,False
liam payne and cheryl cole reportedly fighting over baby names,10,5,0,0,1,1,1,0.6125603027697123,True
cary elwes pays tribute to princess bride co star robin wright on her birthday,14,0,0,0,1,0,0,0.08992646236270742,True
lady gaga ziplines upside down with boyfriend christian carino in costa rica watch,13,26,1,0,1,0,1,0.5487580553278708,False
secret service agent says obama is muslim gay in new tell all book,13,0,0,0,1,1,0,0.49002729857902866,False
how olivia munn s stylist keeps hair wavy or curly all night long,13,36,0,0,1,0,0,0.09236774611809018,True
harvey weinstein uses emails from jill messick ben affleck to deny rose mcgowan claims,14,3,0,0,1,0,0,0.30868659567018103,True
super facialist shani darden reveals winter skincare secrets,8,51,0,0,1,0,0,0.1507790635902274,True
blac chyna pretty much will be living in rob kardashian s new home,13,0,0,0,1,0,0,0.41236678980775254,True
watch kelsea ballerini is legendary in new behind the scenes look at legends video,14,56,0,0,1,0,0,0.08662133879277342,True
caitlyn jenner and o j simpson are set to reunite on tv it would be fascinating exclusive,17,0,1,0,1,1,1,0.9328522130083446,True
kim kardashian news plus instagram and snapchat updates,8,0,0,0,1,0,0,0.49077319015055165,True
30 makeup looks to try in december winter 2018,9,48,0,0,1,0,0,0.07958080077208593,True
tyra banks struck a pose with bts and outed herself as a fan,13,47,0,0,1,0,0,0.08246679748825694,True
catfish to resume filming after nev schulman sexual misconduct claims found not credible,13,98,0,0,1,0,0,0.189367895683662,True
the view s jedediah bila marries jeremy scher,8,5,0,0,1,0,0,0.04701460715141931,True
prince harry meghan markle ordered to tone down pda by queen elizabeth,12,13,0,1,1,1,1,0.7239464964201273,True
here s how the bachelor s bekah m ended up on a missing persons list,15,272,0,0,1,0,0,0.2435823803913265,True
manchester bomber is linked to brussels man in the hat,10,41,0,0,1,0,0,0.35739932265590385,True
the cnn porn scare is how fake news spreads,9,704,0,0,1,1,1,0.8626762968709734,True
the avengers infinity war trailer is here and it teases global destruction new alliances and thanos rise to power,19,23,0,0,1,0,0,0.05022766408506049,True
stephen colbert s awkward photo campaign for hurricane victims snaps up such stars as john oliver judd apatow,18,1,0,0,1,0,0,0.14285148178765686,True
pitch perfect 2,3,18,0,0,1,0,0,0.19249381863963233,True
lafca 2018 winners roma takes best picture debra granik named best director,12,1,0,0,1,0,0,0.10084246172225089,True
watch luis fonsi s daughter mikaela dancing to his hit song echame la culpa,14,16,0,0,1,0,0,0.07153238357811575,True
no cinderella margo jefferson on the real meghan markle,9,176,0,0,1,1,1,0.6197821970008878,True
celebrity makeup ideas and hair how tos,7,16,0,0,1,0,0,0.08133103740068175,True
investor former property wars star sentenced to 17 years for fraud,11,43,0,0,1,0,0,0.2574022199734516,True
clooney foundation to fund schools for syrian refugees,8,38,0,0,1,0,1,0.552822350263939,False
an ode to pumpkin spice everything season pumpkin ice cream and protein bars and lip balm oh my,18,63,1,0,1,0,0,0.14015007549564007,True
brad pitt fires back at angelina jolie s child support claims,11,2,0,0,1,1,1,0.9539414854625153,True
serena williams shares her 10 favorite videos of daughter alexis olympia,11,73,0,0,1,0,0,0.053387605912956645,True
justin timberlake kisses eiza gonz lez in futuristic supplies video watch,11,52,1,0,1,0,0,0.25102662300809453,True
how emma roberts wears pastels without looking like an easter egg,11,30,0,0,1,0,0,0.21555111532867033,True
heidi montag and spencer pratt introduce son gunner stone,9,21,0,0,1,0,0,0.1246332499733596,True
tiff glenn close is the wife,6,20,0,0,1,1,0,0.48787824481370223,False
game of thrones season 8 we have a premiere month which is something,13,52,0,1,1,0,0,0.17767093683018323,True
carson daly s stepfather dies one month after his mom,10,53,0,0,1,0,0,0.23304135858859587,True
stream nick jonas new single remember i told you,9,1,0,0,1,0,0,0.32311045258644727,True
get ready for pretty little liars the perfectionists with mona and alison s most memorable moments on people s choice awards,21,0,0,0,1,0,0,0.04958835749205703,True
christopher big black boykin mourned by chanel west coast juicy j more,12,1,0,0,1,0,0,0.19951265890244338,True
fergie and her baby son axl wear matching bandanas as singer shows off her slender legs in la,18,7,0,0,1,1,0,0.1539090609615747,False
audrina patridge reached out to ex justin bobby after her split from husband corey bohan,15,72,0,0,1,0,0,0.32842451189932614,True
matthew perry s mistaken identity,5,8,0,0,1,1,1,0.6429492392475583,True
royal baby prince william and duchess kate s new prince is named louis arthur charles,15,54,0,0,1,0,0,0.38581211303012697,True
the bachelor winter games,4,23,0,0,1,0,0,0.07320882693520311,True
michael phelps and wife nicole johnson welcome baby no 2,10,22,0,0,1,0,0,0.35107533276515457,True
taylor swift cuts off selena gomez after justin bieber reunion,10,32,0,0,1,1,1,0.9069570458709802,True
star wars episode ix everything we know so far,9,274,0,0,1,0,0,0.24239139474050056,True
willow smith says she used to feel jealous about curvier girls,11,42,0,0,1,0,0,0.22251554670141777,True
miranda lambert anderson east a timeline of love and heartbreak,10,10,0,0,1,1,0,0.41363081804281765,False
game of thrones stars sophie turner maisie williams read song lyrics as ned stark video,15,58,0,0,1,0,0,0.17667059257911835,True
fifty shades freed jamie dornan sings as christian grey in intimate scene listen here,14,1,0,0,1,0,0,0.17292757791217772,True
america ferrera reveals what she won t name her baby and if those sisterhood jeans still fit,17,11,0,0,1,0,0,0.1564129558367162,True
grey s anatomy meet the new interns,7,52,0,0,1,0,0,0.07523595518064208,True
celebrities continue to confess all to howard stern,8,27,0,0,1,0,1,0.7587377168055199,False
how crazy ex gf star donna lynne champlin kept a straight face singing first penis i saw exclusive,18,14,0,0,1,0,0,0.37088322836754095,True
the trailer for kesha s new documentary revealed rainbow literally saved her life video,14,39,0,0,1,0,0,0.14251849781929676,True
13 best back to school movies that ll get you excited for the school year,15,70,0,0,1,0,0,0.1587308320592587,True
ryan gosling and pregnant love eva mendes have broken up,10,34,0,0,1,1,1,0.7716484625052278,True
ellen degeneres 60th birthday party was lit 5 craziest stories,10,59,0,0,1,0,0,0.3136634251550517,True
jennifer aniston has another ladies night out with courteney cox and ellen degeneres,13,21,0,0,1,0,1,0.7845514813881533,False
how to watch the people s choice awards 2018,9,1,0,0,1,0,0,0.04655374116004911,True
kym herjavec gushes over life with twins and how she s getting back in shape post pregnancy exclusive,18,40,0,0,1,0,1,0.5797648371760171,False
kylie jenner gives us first teases of the kylie cosmetics christmas collection,12,1,0,0,1,0,0,0.23925401019032283,True
gwyneth paltrow is consciously cool about dakota johnson dating her ex husband,12,17,0,0,1,0,0,0.4912624401691914,True
whether he wanted to or not john mccain played an outsize role in trump s political narrative,17,97,0,0,1,1,1,0.5048764590662902,True
hear chris cornell s previously unreleased song when bad does good off new box set,15,51,0,0,1,0,0,0.10774407792141158,True
fall 2017 horoscopes for career and success,7,11,0,0,1,0,0,0.365157657513324,True
meghan markle makes her royal ascot debut in a carriage fit for a princess,14,44,1,0,1,0,0,0.375560086774683,True
watch this bbc news anchor hilariously fail and then masterfully recover on live television,14,72,0,0,1,0,0,0.15044726592056454,True
khloe kardashian s family want her back in los angeles with baby true thompson,14,1,0,0,1,0,0,0.46795257275459623,True
khloe kardashian shares her exact pregnancy workout,7,103,0,0,1,0,0,0.2741530808742444,True
we finally know the identity of the person who introduced prince harry and meghan markle,15,20,0,0,1,0,0,0.4885541712228007,True
swimsuits cover ups clothing clothing shoes jewelry,7,62,0,0,1,0,0,0.21868258770766769,True
kim kardashian shares first photo with all three children,9,46,0,0,1,0,0,0.2946436786205359,True
kim kardashian gets in the best shape of her life,10,54,0,0,1,0,0,0.39101225360886344,True
luis d ortiz reveals he s struggling with suicidal thoughts,10,75,0,0,1,0,0,0.09542755504981534,True
the sinister truth about jim carrey,6,49,0,0,1,0,1,0.632408750938753,False
gwen stefani denies reports she s struggling to sell las vegas residency tickets,13,2,0,0,1,1,1,0.6784941177083694,True
the anatomy of mary kate and ashley olsen s signature style,11,61,0,0,1,0,0,0.08749428152058761,True
princess kate is every mom shushing the kids at her sister pippa middleton s wedding,15,45,0,0,1,0,0,0.2846201573760378,True
queen elizabeth didn t blast meghan markle for diva behavior report says,12,3,0,0,1,1,1,0.8363330332560887,True
prince philip skips annual pre easter service with queen sparks health worries,12,0,0,0,1,0,0,0.12130389281887025,True
did kristen doute really hook up with james kennedy in mexico,11,0,0,1,1,0,1,0.5622401216310303,False
adam levine jokes blake shelton has three balls and gwen stefani s reaction is priceless,15,53,0,0,1,0,1,0.8713902141393617,False
42 last minute mother s day gifts that she ll actually love,12,16,0,0,1,0,0,0.1686628189134087,True
kylie jenner shares red hot love magazine cover shot by sister kendall,12,14,0,0,1,0,0,0.417043197600944,True
kourtney kardashian thinks sofia richie is young for scott disick,10,29,0,0,1,1,1,0.6950827134161013,True
brittany cartwright still gets emotional when she talks about jax taylor s cheating,13,54,0,0,1,0,0,0.19356537187775757,True
e news exclusive 5 reasons why tarek el moussa will overcome his latest back injury,15,62,1,0,1,0,1,0.5518175669159071,False
carrie underwood s husband mike fisher hits back at split rumors we ve never been better,16,6,0,0,1,1,0,0.3965601831904895,False
comic con 2018 sterling k brown olivia munn and more stars get candid in these e news photos,18,44,1,0,1,0,0,0.07228396051894292,True
us report george and amal s 1 billion divorce announcement,10,994,0,0,1,1,1,0.8791524622212585,True
kim kardashian slams liar caitlyn jenner for comments about late father robert she is not a good person,18,22,0,0,1,1,1,0.8058397468285329,True
khloe kardashian opens up about anxiety becoming a working mom,10,17,0,0,1,0,0,0.29936126345272135,True
timeless is canceled co creator says no one bit on season 3,12,12,0,0,1,0,0,0.03463731726991982,True
lena dunham cuddles up to smiling ex jack antonoff in cozy selfie best friends 4ever,15,43,0,0,1,0,0,0.21279774017457298,True
gwyneth paltrow angelina jolie and others say weinstein harassed them,10,8,0,0,1,0,1,0.694345129719654,False
ashlee simpson net worth,4,37,0,0,1,0,1,0.6089358434098859,False
tyga insists his age difference with kylie jenner doesn t matter talks blac chyna and not dealing in hate,19,24,0,0,1,1,1,0.6504612155463235,True
blac chyna bentley not repossessed despite claims,7,21,0,0,1,1,1,0.75219620437921,True
the most villainous moments from the vanderpump rules season 7 premiere ranked,12,63,0,0,1,0,0,0.02450924806961876,True
there s a denim jacket for everyone get ready to meet yours,12,90,0,0,1,0,0,0.09428311102139499,True
angelina jolie always had a crush on jared leto she brad fought about him a lot,16,26,0,0,1,1,1,0.8545246374631646,True
american idol season 16,4,53,0,0,1,0,0,0.22702447992715577,True
npc luncheon with eric holder,5,21,0,0,1,0,0,0.41539883030349617,True
connecting people through news,4,12,0,0,1,1,1,0.8783368789042473,True
avengers young fan emilio pachon 11 dies after chris evans and more fulfill his last wish,16,62,0,0,1,0,0,0.09120498782810195,True
remarks by the president on oil and gas subsidies,9,9,0,0,1,0,0,0.13047331866344195,True
adam sandler joins the safdie brothers new a24 film uncut gems,11,5,0,0,1,1,0,0.3528743967623336,False
countdown to christmas 2018 the latest news,7,0,0,0,1,0,0,0.14965660295124533,True
kurt russell beats up james corden in late late show sketch,11,45,0,0,1,0,0,0.14670493323476463,True
aaron paul welcomes baby girl with wife lauren pics,9,97,0,0,1,0,0,0.09991437799178683,True
white house chef quits because trump has only eaten fast food for 6 months,14,51,0,0,1,1,1,0.6720129690200343,True
the last action heroes have tom cruise will smith and brad pitt lost their mojo,15,95,0,1,1,1,1,0.9332292542215059,True
america s richest self made women 2018,7,86,0,0,1,0,0,0.27763300083557707,True
bet awards 2017 red carpet arrivals kat graham dascha polanco and more stars,13,124,0,0,1,0,0,0.2161268977298367,True
why prince harry and meghan markle are delaying their honeymoon,10,86,0,0,1,0,1,0.6473719454858122,False
grey s anatomy spinoff station 19 how creator stacy mckee is stoking the fire,14,42,0,0,1,0,0,0.1009888724636845,True
from jennifer lopez and drake to kourtney kardashian and scott disick which celebs are winning the,16,0,0,0,1,0,1,0.7349422900793458,False
amy schumer just got married in a secret wedding to chef chris fischer,13,17,0,0,1,0,0,0.36908939426135073,True
kim kardashian wears her hair in natural waves for 2018 cfda awards,12,69,0,0,1,0,0,0.0855762508430873,True
gotham awards 2017 complete winners list,6,75,0,0,1,0,1,0.503051517671903,False
jennifer garner pregnant and alone following ben affleck divorce,9,13,0,1,1,1,1,0.9617469136829956,True
paul walker,2,22,0,0,1,0,0,0.12769690022786506,True
kylie jenner travis scott are spotted together despite breakup rumors,10,59,0,0,1,1,1,0.9547094904919574,True
pawelw ladziak spends fortune making himself look older,8,3,0,0,1,1,0,0.1344019376946724,False
meghan markle kisses prince harry at polo like princess diana,10,48,0,0,1,0,0,0.4807451283324858,True
ariel winter s fake baby voice will make you instantly uncomfortable,11,2,0,0,1,1,1,0.6490013147625233,True
chip enrollment june 2011 data snapshot,6,0,0,0,1,0,0,0.23531046864187552,True
ashlee simpson s stylist shares a trick for perfect fit jeans,11,0,0,0,1,0,0,0.1366037860076837,True
mccain spoke up early,4,4,0,0,1,0,0,0.1104423555461707,True
jodie sweetin,2,1,0,0,1,0,0,0.30578093022588865,True
did lindsay lohan convert to islam,6,446,0,1,1,1,1,0.9162818330736346,True
kim kardashian west wears cargo pants and yeezy heels in los angeles,12,49,0,0,1,0,0,0.28052641963008096,True
why kris jenner chose to share photos from her mammogram on social media,13,79,0,0,1,1,0,0.31283892799685475,False
meet the leggings brand hollywood it girls love to live in,11,1,0,0,1,0,0,0.21075449742393024,True
inside meghan markle prince harry s royal wedding reception,9,58,0,0,1,0,1,0.5815870882335176,False
game of thrones ten legendary love stories,7,29,0,0,1,0,0,0.3269320621383696,True
ben affleck lands in nyc after denying he s engaged,10,11,0,0,1,1,1,0.6463276494068863,True
the women of hollywood speak out,6,1020,0,0,1,1,1,0.6642753239040877,True
anna faris last interview before her split with chris pratt is extremely foreshadowing,13,56,0,0,1,0,1,0.5386282612456036,False
anthony weiner jailed for 21 months for sexting underage girl,10,166,0,0,1,0,0,0.16509299791110782,True
protective nick cannon jokes around with sophisticated intellectual daughter monroe 5,11,73,0,0,1,0,0,0.12021248219419606,True
corinne olympios is so glad bachelor in paradise controversy didn t ruin evan and carly s wedding,17,34,0,0,1,0,0,0.06515008282565668,True
79 marvel cinematic universe stars unite for one epic class photo,11,16,0,0,1,0,0,0.1112293470473682,True
kourtney kardashian said she wanted scott disick to skip christmas with her family because she was worried he would disrespect her boyfriend,22,78,0,0,1,0,1,0.5648893210852711,False
the best new beauty products this week,7,33,0,0,1,0,0,0.0873206407350447,True
see every single 2017 kardashian jenner christmas card countdown photo,10,3,0,0,1,0,0,0.17022840547204443,True
chrissy metz feels like a little princess while celebrating this is us at the 2017 emmys,16,35,0,0,1,0,0,0.05615659125703006,True
2017 teen choice awards,4,166,0,0,1,0,0,0.20183140426148843,True
hot damn did cardi b and offset really have sex live,11,78,1,1,1,0,0,0.420121371205725,True
america s got talent golden buzzer recipient blindness strengthened my musical talent,12,51,0,0,1,0,0,0.3336030759268831,True
sarah michelle gellar selma blair have a cruel intentions reunion at p nk concert,14,42,1,0,1,0,0,0.26285580452318236,True
anatomy of a reading,4,16,0,0,1,0,0,0.19330720736359,True
7 eye openers from gwyneth paltrow goop s the sex issue,11,0,0,0,1,0,0,0.336750429044716,True
dwayne johnson can the rock save hollywood,7,17,0,1,1,1,0,0.4814433697949472,False
selena and justin spend thanksgiving apart trouble in paradise,9,13,0,1,1,1,1,0.6680171522120414,True
encounters with regular guy fred thompson new york magazine,9,151,0,0,1,0,0,0.2321598085103855,True
bruce willis,2,13,0,0,1,0,1,0.7766340311170645,False
what really happens backstage at ny fashion week,8,71,0,0,1,0,0,0.37303491090694674,True
william h macy celebrates truth with best actor in a comedy win at sag awards,15,10,0,0,1,0,0,0.09404608406668552,True
inside pippa middleton s wedding reception get all the deets,10,73,0,0,1,0,0,0.25804837059084146,True
kesha announces north american rainbow tour her first solo trek since 2013,12,25,0,0,1,0,0,0.19490223182845445,True
christina aguilera shares rare glimpse into her private life and new music seems closer than ever,16,60,0,0,1,0,0,0.2919850231935129,True
taylor swift s latest surprise has amber rose and wiz khalifa s son freaking out,15,107,0,0,1,0,0,0.273018044104263,True
bristol palin s first episode of teen mom og had a very disturbing scene,14,81,0,0,1,0,0,0.04347901899335359,True
lesley murphy opens up about dean unglert split let the spring cleaning commence,13,31,0,0,1,0,0,0.16498644547535737,True
marc anthony and shannon de lima keep it friendly on yacht party with will smith,15,13,0,0,1,0,0,0.10539930686777765,True
posh and becks could be set to split twitter rumours start to surface,13,6,0,0,1,1,1,0.6891960570548817,True
kourtney kim kim allergic to cats,6,402,0,1,1,1,1,0.8100068096206875,True
9 essential steps for maintaining braids or twists,8,49,0,0,1,0,0,0.18606649315099358,True
riskiest looks at bet awards 2018 ashanti luke james and more,11,52,0,0,1,0,0,0.10121764323804376,True
coca cola vanilla,3,20,0,0,1,0,0,0.30241430210425385,True
kardashians honor late dad robert kardashian on his birthday,9,44,0,0,1,0,0,0.32614124682801515,True
sarah jessica parker is being shamed for looking 80 years old but there s a bigger problem,17,1,0,0,1,1,1,0.6830520122177451,True
ellen gifts her audience members 1 million,7,54,0,0,1,0,0,0.3560978052095723,True
just a rumor billie lourd to play goldie hawn in the movie also rumored kate hudson to play the part find out married biography,24,7,2,0,1,1,1,0.8044229249439988,True
kylie jenner positively glowing despite battling morning sickness during pregnancy,10,12,0,0,1,1,1,0.8327347123603757,True
boss of abc addresses the changes in safety regulations regarding their hit show bachelor in paradise,16,66,0,0,1,0,0,0.08896770901855446,True
inside catherine zeta jones 2 600 bathroom cabinet,8,68,0,0,1,0,1,0.5719716888267478,False
2017 mtv movie tv awards red carpet photos,8,57,0,0,1,0,0,0.04859275457719581,True
new couple emma watson and robert pattinson seemingly go public at 2018 golden globes exclusive,15,9,0,0,1,1,1,0.5914575573802863,True
this is cindy crawford s modeling advice for daughter kaia gerber,11,106,0,0,1,0,0,0.43748476465492137,True
blac chyna s assistant dies after being taken off life support report,12,91,0,0,1,0,1,0.7855510430770494,False
kim kardashian is reportedly considering asking her surrogate to carry another baby for her,14,21,0,0,1,1,1,0.880262467709228,True
janice dickinson has chills on hollywood medium with tyler henry video,11,0,0,0,1,0,0,0.07094318983562085,True
henry hall bandleader,3,34,0,0,1,0,0,0.27015080132378183,True
star wars mark hamill i said to carrie fisher i m a good kisser next we re making out like teenagers,21,22,1,0,1,0,0,0.22017187093492394,True
lauren conrad buys 8 5 million home in laguna beach photos,11,55,0,0,1,0,0,0.05349744260804348,True
queen latifah remembers mom rita owens 6 months after her death at 69 i miss you,16,103,0,0,1,0,0,0.19662488985733004,True
megyn kelly doesn t understand why people thought luann de lesseps diana ross costume was considered racist,17,47,0,0,1,0,0,0.2703581671780512,True
list of dragons in popular culture,6,133,0,0,1,0,1,0.6522871410441545,False
spreadsheet with key indicators from oecd health data 2009 health care expenditures per capita,14,0,0,0,0,0,0,0.22424415496573757,True
will and grace trailer reunites your favorites with a musical twist,11,63,0,0,1,0,0,0.08793546492999939,True
6 budget friendly brands that yes even jennifer lopez wears,10,45,0,0,1,0,0,0.3596343954232952,True
pregnant serena williams and alexis ohanian babymoon in mexico,9,99,0,0,1,0,0,0.3160490911678865,True
celebrities who smoke weed quotes,5,26,0,0,1,1,1,0.6421451010983543,True
chris brown recalls night he assaulted rihanna,7,91,0,0,1,0,1,0.7344000568346626,False
avengers infinity war cast surprises fans on jimmy kimmel live,10,16,0,0,1,0,0,0.06853472743971994,True
meghan markle s half sister slams her for ignoring dad calls royal family an embarrassment,15,18,0,0,1,0,1,0.6156260846526722,False
claire danes says homeland will end with season 8,9,130,0,0,1,0,0,0.03912257764013775,True
rihanna at the met gala see all of her red carpet looks,12,24,0,0,1,0,0,0.09355540345191941,True
rita ora teases fifty shades freed collaboration with liam payne,10,57,0,0,1,0,0,0.19068745151807334,True
kristen stewart alicia cargile is she cheating on model stella maxwell video,12,9,0,1,1,1,1,0.8883705125484335,True
brad pitt caught at intimate dinner with sienna miller,9,13,0,0,1,1,1,0.9404294308096178,True
star jones is engaged to boyfriend ricardo lugo,8,78,0,0,1,0,0,0.33350627138205013,True
kendall jenner s 20 best keeping up with the kardashians moments,11,796,0,0,1,1,1,0.5932347317941059,True
how to cut your hair into a bob inspired by lucy hale long bob,14,27,0,0,1,0,0,0.05260227768992773,True
brad pitt dating star s family urging to get back with jen aniston says radar jen not reigniting romance,19,10,0,0,1,1,1,0.9331557612720788,True
common breaks silence on angela rye break up,8,31,0,0,1,0,0,0.19680502064082175,True
meghan markle preps for pippa middleton wedding with 325 facial,10,43,0,0,1,0,0,0.4851872002809658,True
the assassination of gianni versace review a grim portrait of gay life,12,63,0,0,1,0,0,0.2343030012011872,True
once upon a time season 7 release date cast spoilers and everything you need to know,16,249,0,0,1,0,0,0.037766107318755,True
11 selena gomez facts you might not have known,9,32,0,0,1,0,1,0.5983835579784627,False
khloe kardashian comforts revenge body participant who lost both parents and went to jail it s like i lost myself,20,9,0,0,1,0,0,0.2728649811217082,True
peanut butter and jelly oreos exist and here s how you can get them,14,17,0,0,1,0,0,0.24713288745607573,True
the handmaid s tale could go on for 10 seasons,10,68,0,0,1,0,0,0.15233630265745496,True
the titan games,3,80,0,0,1,0,0,0.1877788841259397,True
miranda lambert s acms speech annoyed gwen stefani report,9,15,0,0,1,1,1,0.9161076639745216,True
stunning democrats boo and groan at trump mention of murder victims of ms 13 killers video,16,76,1,0,1,1,1,0.5325953335594873,True
bellamy young opens up about being adopted her real first name and how she almost missed out on scandal,19,12,0,0,1,0,0,0.06071630015036333,True
demario jackson corinne olympios spending valentine s day together,9,11,0,0,1,1,0,0.11801898679831228,False
alexa bliss stresses over her relationship while lana fights to keep her name on the roster on total divas,19,40,0,0,1,0,0,0.12258724657057601,True
sylvester stallone reunites with milo ventimiglia on this is us set,11,1,0,0,1,0,0,0.3291261511690673,True
lupita nyong o,3,9,0,0,1,0,0,0.1450464869096437,True
paris hilton hints she will televise her wedding to chris zylka,11,52,0,0,1,0,0,0.19435157731208563,True
kevin spacey will not receive international emmy after allegation of sexual advance on 14 year old,16,52,0,0,1,0,0,0.16265933532635082,True
meghan markle scores first people s choice awards nomination in new style star of 2018 category,16,0,0,0,1,0,0,0.0826581641974118,True
nick jonas shows off his massive biceps after the gym,10,13,0,0,1,1,0,0.17686232700979815,False
colton haynes and jeff leatham post loving tributes on wedding anniversary 5 months after split,15,46,0,0,1,0,0,0.23902944141195243,True
wallis simpson,2,52,0,0,1,0,1,0.7352698973276515,False
mariah carey not disneyland diva despite report,7,6,0,0,0,1,1,0.9925560395075136,True
female first forum,3,982,0,0,1,1,1,0.8264658788441829,True
distressed denim scale are you a miranda kerr or gigi hadid,11,58,0,1,1,0,1,0.5149254280634407,False
mike the situation sorrentino proposes on jersey shore family vacation,10,64,0,0,1,0,0,0.12310236209145785,True
teresa giudice says sofia vergara should be nice because she s an immigrant,13,1,0,0,1,0,0,0.4862849844056724,True
mike myers s soho penthouse sells for 13 2m,9,22,0,0,1,0,0,0.3621384537813267,True
ivanka trump issues direct condemnation of white supremacy and neo nazis,11,4,0,0,1,1,1,0.65433454024438,True
report justin biebers family thinks selena gomez is a positive influence,11,77,0,0,1,0,1,0.9412008168661201,False
james corden hosts avengers infinity war cast on tour around los angeles,12,3,0,0,1,0,0,0.06891999683641123,True
royal silence thomas markle claims meghan has cut him off since paparazzi scandal,13,11,1,0,1,1,0,0.45884966902600105,False
kanye west debuts a nsfw yeezy campaign with nude models in sneakers,12,28,0,0,1,0,0,0.33085921070776464,True
total request live,3,69,0,0,1,0,0,0.2271982263565312,True
harvey weinstein pleads not guilty to rape charges in court,10,25,0,0,1,0,0,0.2519913544468963,True
liza weil and charlie weber pack on the pda at jennifer klein s annual holiday bash,16,22,0,0,1,0,0,0.27640832061621035,True
hacked by rauxey,3,10,0,0,1,1,0,0.30138896574468155,False
jenelle evans threatened to cancel wedding 24 hours before ceremony,10,57,0,0,1,0,0,0.20713754856617142,True
queen s granddaughter zara tindall welcomes second child,8,63,0,0,1,0,0,0.2110662918152806,True
carl s the walking dead death the cast and crew mourn and tease vengeance,14,56,0,0,1,0,0,0.22037565778806045,True
are ryan seacrest and girlfriend shayna taylor on the verge of a split or an engagement,16,11,0,1,1,1,1,0.8730168444132295,True
iggy azalea is obsessed with one particular photo in paris hilton s home,13,71,0,0,1,0,0,0.22392917864865275,True
total divas s7 e11 episode recap let s get naked,10,12,1,0,1,0,0,0.10342660466521708,True
brad pitt news updates from award winning fight club actor,10,7,0,0,1,1,1,0.6167826153432228,True
is kris jenner dating a nigerian billionaire,7,20,0,1,1,1,1,0.9409970670331812,True
nor easter forces justin timberlake demi lovato to postpone nyc newark concerts,12,24,0,0,1,0,0,0.1552093681347967,True
rihanna won the nba finals by dabbing,7,67,0,0,1,0,1,0.6741306418117318,False
kym johnson gives birth welcomes twins with robert herjavec,9,123,0,0,1,0,0,0.3072799317799551,True
halle berry s trainer says she s got the body of a 25 year old she s 51,18,59,0,0,1,0,0,0.3593591825472087,True
kim kardashian west panics during rare post robbery public outing i m afraid of everything,15,41,0,0,1,0,1,0.5667630902966875,False
the royal wedding how much security renovations and meghan markle s dress might cost,14,41,0,0,1,0,0,0.2210921470837408,True
james gunn opens up in lengthy heartfelt message to fans,10,91,0,0,1,0,0,0.17358083212226721,True
fergie needs auto tune after national anthem debacle wendy williams says,11,81,0,0,1,0,0,0.3045860855748432,True
author offers insights on slavery the capitol and obama s inauguration,11,2,0,0,1,0,1,0.6344995730313314,False
jackson family,2,14,0,0,1,0,0,0.44806023426483527,True
sara haines heading back to the view after maternity leave,10,39,0,0,1,0,0,0.28191199870782296,True
kylie jenner made a contestant cry on khlo kardashian s new reality show,13,207,0,0,1,1,1,0.5629903236768511,True
kim kardashian receives backlash over topless photo taken by daughter north west,12,5,0,0,1,0,0,0.27762966749146667,True
justices 1789 to present,4,244,0,0,1,0,0,0.24620294668475584,True
magic mike live opens to rave reviews,7,16,0,0,1,0,0,0.24086376503443366,True
16 times princess charlotte looked just like her royal relatives,10,54,0,0,1,0,0,0.20156464849160854,True
what happens at the abbey recap the murray s a slut and marissa s a cheater edition,17,0,0,0,1,0,0,0.05253749467240148,True
jersey shore family vacation renewed for season 2 amid mtv ratings rebound,12,15,0,0,1,0,0,0.017069729250246753,True
donatella versace biography,3,57,0,0,1,0,0,0.28902616325379504,True
mama june went house hunting last month with man accused of molesting daughter anna,14,18,0,0,1,0,0,0.15139919115437325,True
cancer survivor is left with lumps of fat in his biceps,11,45,0,0,1,0,0,0.1802139089456781,True
riverdale star in late night car crash after working 16 hour day,12,109,0,0,1,0,0,0.1260493677098039,True
paris jackson on reports she has come out as bisexual everyone has known for years this is not news,19,11,0,0,1,1,1,0.8090138316084982,True
chrissy teigen s dad hilariously throws shade at khloe kardashian,10,0,0,0,1,0,0,0.10054368029801157,True
once upon a time cast pay emotional tributes to manchester terror attack victim georgina callander,15,125,0,0,1,1,0,0.17801658128388761,False
jedediah bila abruptly leaves the view after a year on the talk show,13,80,0,0,1,0,0,0.17190920450574404,True
lindsay lohan bitten by a snake during hike in thailand,10,69,0,0,1,0,1,0.7576634974538168,False
kate hudson s romantic historical past the life changing loves the stress free flings and the fantastical headlines,18,66,0,0,1,0,1,0.5530982853820109,False
vin diesel my kids had a blast on the guardians of the galaxy vol 2 set,16,48,0,0,1,0,0,0.171025921204119,True
maze runner author james dashner dropped by us publisher amid harassment claims,12,47,0,0,1,0,0,0.2895013647482195,True
sandra bullock stuns in sequined dress on 2018 oscars red carpet,11,24,0,0,1,0,0,0.22208796022862837,True
cardi b and offset s relationship a timeline,8,1,0,0,1,0,0,0.1665034031292419,True
taylor swift is now selling snake merch online,8,49,0,0,1,0,1,0.695591864082513,False
meghan markle epitomizes summer chic in yellow brandon maxwell dress,10,53,0,0,1,0,0,0.22616564247394366,True
britney spears impersonator and aspiring alien pow wow about plastic surgery on botched,13,15,1,0,1,0,1,0.7146879176612043,False
scott disick furious over kourtney s classless pda planning revenge shoot with sofia richie,14,61,0,0,1,1,1,0.6777673921575248,True
bachelor contestant on colton underwood s season apologizes for offensive tweets,11,53,0,0,1,0,0,0.07127523960071003,True
dancing with the stars victoria arlen and val chmerkovskiy have the best outlook on life,15,47,0,0,1,0,0,0.20682719460795035,True
the 13 shows amazon has canceled including emmy winner transparent,10,22,0,0,1,0,0,0.14931179502044062,True
andrew garfield riley keough flirting at golden globes report,9,4,0,0,0,1,1,0.8194804361436272,True
t boz connects with lisa left eye lopes on hollywood medium with tyler henry video,15,1,0,0,1,0,0,0.07631755424860927,True
the 5 biggest jaw droppers at the 2017 mtv movie tv awards,12,0,0,0,1,0,0,0.06022211642766872,True
sean diddy combs was only joking about changing name to brother love,12,10,0,0,1,0,0,0.31994199448358784,True
what is sandra bullock s net worth,7,4,0,1,1,1,1,0.838715087448977,True
armie hammer deletes his twitter after bitter buzzfeed article,9,74,0,0,1,0,0,0.33370440480117436,True
chrissy teigen thinks she knows who allegedly bit beyonce and it s not gwyneth paltrow,15,23,0,0,1,0,0,0.19883558463617418,True
lili reinhart and cole sprouse are in a public love triangle with miss piggy,14,22,0,0,1,0,0,0.08448061199929428,True
royal wedding countdown meghan markle s friends and family begin their travels to london,14,37,0,0,1,0,1,0.6073957606452058,False
alexandria shooting injures congressman celebrities react,6,4,0,0,1,1,1,0.9615676191858622,True
prince harry opens up about asking prince charles to walk meghan markle down the aisle at wedding,17,24,0,0,1,0,1,0.5315959498265435,False
selena gomez and justin bieber spotted making out after their concert date,12,47,0,0,1,1,1,0.762663457572663,True
a complete timeline of selena gomez and justin bieber s relationship,11,57,0,0,1,0,1,0.7977146703453794,False
the real reason jennifer aniston and justin theroux split,9,254,0,0,1,1,1,0.8371386785911047,True
celeb exes who ve had to work together after splitting up,11,59,0,0,1,0,0,0.3580335424125236,True
sarah hyland s critics choice awards dress 2018,8,23,0,0,1,0,0,0.059519730962240974,True
taylor swift is really committed to this laying low thing huh,11,1039,0,1,1,1,1,0.6468669734155715,True
john travolta had six year gay affair with me california pilot doug gotterba alleges in report that actor s camp calls ridiculous,22,8,0,0,1,1,1,0.553475550867834,True
serena williams fianc loves being a father dad life is the greatest,12,13,0,0,1,0,0,0.23561210207565103,True
margot robbie s reaction to her oscars nomination for i tonya is adorable,13,53,0,0,1,0,1,0.5097183908662782,False
kim kardashian is afraid kanye west might be headed towards another meltdown,12,4,0,0,1,1,1,0.959665503391356,True
selena gomez and francia ra sa share story behind dramatic kidney transplant,12,15,0,0,1,0,1,0.5372044467853725,False
sofia richie gets cosy with beau scott disick in mexico,10,27,0,0,1,0,1,0.5630661845846802,False
brad pitt hits back at angelina jolie over child support jab,11,13,0,0,1,1,1,0.939983122387743,True
kim kardashian never said she and kanye west barely made it this year despite ok magazine report,17,4,1,0,1,1,1,0.9488641556253651,True
charlie puth says selena gomez romance messed him up,9,53,0,0,1,0,1,0.730785959630392,False
sofia richie 20 and scott disick 35 ignore each other as they talk on phones at dinner date,18,74,0,0,1,0,1,0.5735998958459934,False
david and victoria beckham shoot down divorce rumors fake news fueled by social media,14,15,0,0,1,1,1,0.867138357235857,True
ben affleck buys 19 million mansion half a mile from jennifer garner,12,53,0,0,1,0,1,0.8462222240362802,False
julia roberts,2,1020,0,0,1,1,1,0.8628299473304818,True
meghan markle reportedly feuds with furious jealous camilla p bowles to be prince harry s wife,16,13,0,0,1,1,1,0.9575753243623236,True
the troubling truth behind who is america s corinne olympios prank,11,39,0,1,1,0,0,0.43705348811999045,True
everything miranda lambert and blake shelton have said about their divorce,11,79,0,0,1,1,1,0.8742175525496834,True
ready player one your ultimate guide to all the pop culture references,12,33,0,0,1,0,0,0.1742551735909816,True
backstreet boys recruit jimmy fallon for i want it that way video,12,1,0,0,1,0,0,0.1437054978727916,True
new feud michael strahan furious alex rodriguez stole his tv spotlight,11,3,1,0,1,1,1,0.8612744045607432,True
michael phelps defends shark race how we did it was the best way,13,29,0,0,1,0,0,0.14237560875559588,True
kendra duggar revealed she her mom were pregnant at the same time on counting on s baby birth special,19,48,0,0,1,0,0,0.17903163241521483,True
naturi naughton,2,65,0,0,1,0,0,0.3124301464053466,True
harvey weinstein accuser mira sorvino calls charges a really good first step,12,19,0,0,1,0,0,0.309545667695403,True
selena gomez jokes again her met gala tan at defy city puma event,13,27,0,0,1,0,0,0.1387300532530825,True
charles manson,2,1020,0,0,1,1,1,0.564096700838298,True
nbc investigation finds no wrongdoing in handling of matt lauer case,11,49,0,0,1,0,0,0.45629789367379475,True
man of the woods,4,13,0,0,1,0,0,0.19148117371452233,True
gigi hadid turning down zayn malik s marriage proposals,9,3,0,0,0,1,1,0.9373308880473867,True
as more women accuse charlie rose of sexual harassment some say they alerted cbs managers,15,5,0,0,1,0,0,0.19234917641613775,True
selena gomez and demi lovato reunite at the instyle awards see the sweet moment,14,0,1,0,1,0,0,0.16628519901224934,True
is the weeknd dissing selena gomez with this stranger things tweet see shady message,14,10,0,1,1,1,1,0.7470313361877636,True
aaliyah s 90s fashion is back on trend shop her looks eonline,12,81,1,1,1,0,0,0.18100588206030802,True
prince philip makes his first public appearance following his hospitalization,10,12,0,0,1,0,0,0.11077001512350056,True
disney star adam hicks stuck in jail awaiting mental health evaluation,11,98,0,0,1,0,0,0.060323998059314536,True
katie holmes and jamie foxx a timeline of their relationship,10,51,0,0,1,1,1,0.9554479816622725,True
victoria beckham shows off her sartorial style in white co ords at the people s choice awards,17,6,0,0,1,0,0,0.24493047718105676,True
ellen degeneres wrote the sweetest message to portia de rossi on their ninth wedding anniversary,15,58,0,0,1,0,1,0.5870643304036745,False
bruno mars and cardi b finesse the remix with in living color inspired video,14,191,0,0,1,0,0,0.08152784658181628,True
all men must die but we are not men game of thrones s06e03,13,96,0,0,1,0,0,0.408265472208808,True
jessie james decker gets hot and bothered watching eric decker do yard work on eric jessie,16,16,0,0,1,0,0,0.09336423720873079,True
kendall kylie jenner rejected from multiple golden globes after parties report,11,11,0,0,1,1,1,0.6821628163059599,True
why katy perry is relieved taylor swift accepted her olive branch,11,208,0,0,1,1,1,0.744748879721947,True
paula abdul rowan blanchard sabrina carpenter laverne cox jessie j and more announced to join lineup of world renowned speakers and performers at we day california,26,65,0,0,1,0,0,0.2933813323204572,True
brooklyn beckham gushes over chloe moretz in sweet snap,9,27,0,0,1,0,0,0.13341538651426513,True
brad pitt to quit acting in three years,8,642,0,0,1,1,1,0.9534439952950368,True
tyler hubbard and wife hayley welcome a daughter,8,15,0,0,1,0,0,0.08449417544226547,True
incredibles 2 trailer shows bob and ellen trading parental and superhero jobs,12,11,0,0,1,0,0,0.09684083409912476,True
kate middleton is back to work after pippa middleton s whirlwind wedding weekend,13,67,0,0,1,0,0,0.43120122706699265,True
katie holmes trials fighting reports about a jamie foxx breakup and a tom cruise suri reunion,16,5,0,0,1,1,1,0.9749590933162307,True
13 reasons why season 2 everything we know so far,10,165,0,0,1,0,0,0.13896501805664052,True
princess eugenie basically confirmed the queen loves the crown,9,1,0,0,1,0,0,0.44009355224447394,True
jennifer lawrence bill murray johnny depp and the role of the muse,12,17,0,0,1,1,1,0.5367362339685646,True
inhumans tv series,3,14,0,0,1,0,0,0.10184879658039131,True
james corden adam levine stopped for causing traffic hazard,9,57,0,0,1,0,0,0.255565648607441,True
shia labeouf s new movie only sold 3 tickets in the u k,13,58,0,0,1,0,1,0.5373015302230176,False
nicole snooki polizzi on why sammi sweetheart won t be back for mtv s jersey shore revival,17,48,0,0,1,0,0,0.05115656573430595,True
adele pays emotional visit to london s grenfell tower after deadly apartment fire,13,108,0,0,1,0,0,0.15485897000317575,True
leonardo dicaprio makes first appearance since nina agdal split at cannes charity gala,13,64,0,0,1,0,0,0.46436985121787633,True
mark salling glee star dead at 35 of apparent suicide,10,4,0,0,1,0,0,0.21660014532539584,True
headlines ryan seacrest on gut wrenching accusation dwts tour bus accident,11,56,0,0,1,0,0,0.4335434908440197,True
jennifer lawrence margot robbie more teach drinking slang from around the world,12,29,0,0,1,1,1,0.7630326982743557,True
alex trebek had brain surgery to treat a subdural hematoma here s what that is,15,197,0,0,1,0,1,0.5733230848263592,False
kristin cavallari bites back after nfl husband jay cutler s teammate says olivia munn is hotter,16,58,0,0,1,0,0,0.13409629245828547,True
khloe kardashian reveals why she wanted a baby boy,9,62,0,0,1,0,0,0.2455149320055899,True
21 things you may not know about ashley graham,9,53,0,0,1,0,0,0.23486471663730607,True
2018 sag awards live stream how to watch online sunday s 24th annual screen actors guild awards,17,8,0,0,1,1,0,0.15168305604148946,False
lady gaga s style is unremarkable in a star is born,11,46,0,0,1,0,0,0.3638909314748663,True
madame tussauds in vegas the lady gaga experience cancelled,9,70,0,0,1,0,0,0.3774570624618407,True
tristan thompson,2,16,0,0,1,0,1,0.5943001614726183,False
monica lewinsky emerging from the house of gaslight in the age of metoo,13,81,0,0,1,0,0,0.09631669175797551,True
what are chip and joanna gaines doing after fixer upper,10,83,0,1,1,0,0,0.3427826906619565,True
elizabeth smart reveals kidnap horror in my story memoir,9,28,0,0,1,0,0,0.09284889191065433,True
sag awards address metoo timesup and donald trump,8,1,0,0,0,1,1,0.844838755925988,True
jonathan rhys meyers partner shares intimate photos and details from couple s at home delivery,15,0,0,0,1,0,0,0.2566423785798348,True
jennifer aniston latest news photos and videos page 3,9,3,0,0,1,1,1,0.7478268401040971,True
blake lively re follows ryan reynolds on instagram and her entire feed is back,14,0,0,0,1,0,0,0.3474406453618367,True
brie bella says she will always love john cena like a brother amid nikki bella split,16,71,0,0,1,0,0,0.040538857455015884,True
who is hailey baldwin justin bieber s new fianc e,10,10,0,1,1,1,1,0.7233328335286136,True
kourtney kardashian was on verge of mental breakdown over scott disick split,12,10,0,0,1,1,1,0.6888078529505496,True
story about kevin hart buying eniko parrish 250 000 push present is fake news,14,0,0,0,1,1,1,0.7518170248573012,True
liam hemsworth joins miley cyrus backstage after her emotional billboard music awards performance,13,20,0,0,1,0,0,0.46310714977265793,True
gigi hadid priyanka chopra j lo more best dressed stars of the week pics,14,123,0,0,1,0,0,0.13300262845674238,True
rise of the teenage mutant ninja turtles character photos suggest it s a prequel,14,0,0,0,1,0,0,0.0995536265099965,True
lena discusses her most painful choice,6,96,0,0,1,0,0,0.1892615530749045,True
demario jackson finally speaks out amid bachelor in paradise scandal my character has been assassinated,15,67,0,0,1,0,0,0.03750537459848812,True
u s senate u s senate roll call votes 110th congress,11,904,0,0,1,0,0,0.25024709892674835,True
unbreakable kimmy schmidt trailer is here to educate you about thumbs lemonade ing and ghost pottery,16,0,0,0,1,0,0,0.08642827980558233,True
angelina jolie would drop divorce take brad pitt back if he begged for another chance,15,13,0,0,1,1,1,0.9471026213451508,True
kim kardashian just dyed her hair bright pink,8,75,0,0,1,0,0,0.3401100315197528,True
inside amy schumer,3,39,0,0,1,0,0,0.2611587880589329,True
bella hadid flaunts incredibly plump pout after denying any lip fillers,11,46,0,0,1,0,0,0.22876017604187535,True
revenge body with khlo kardashian,5,1006,0,0,1,1,0,0.3482536485139738,False
alicia keys says she loves gwen stefani more than blake shelton does watch,13,1040,0,0,1,1,1,0.9210664751527935,True
heidi montag talks baby struggles and timing,7,14,0,0,1,0,0,0.23308770277265928,True
game of thrones exclusive new photos we reunite the starks,10,71,0,0,1,0,0,0.21122749690051248,True
moon s path in front of sun eclipsed malia obama s harvard move in,14,1,0,0,1,0,1,0.7733195526770401,False
beyonc s 2018 grammy awards look was inspired by the black panthers,12,72,0,0,1,0,0,0.05961260380827687,True
comme des gar ons,4,69,0,0,1,0,0,0.30213722941229565,True
kate middleton dons fascinator as she heads to pippa middleton s wedding with prince william america speaks ink,18,78,0,0,1,0,0,0.2435972602607129,True
has taylor swift become the cersei lannister of pop music,10,20,0,1,1,1,1,0.6802330155535483,True
how john legend sara bareilles and co stars see jesus christ superstar roles,13,47,0,0,1,0,0,0.29249372003751034,True
what you need to know about gigi hadid s new makeup line with maybelline,14,17,0,0,1,0,0,0.2055145249399067,True
jennifer garner josh duhamel dating why ben affleck feels threatened by the rumor,13,28,0,0,1,1,1,0.934256311032693,True
jamie lynn spears,3,42,0,0,1,0,0,0.4511352971721771,True
the originals to end after season 5 on the cw,10,315,0,0,1,0,0,0.043753503928391405,True
taylor swift will reportedly keep her new album off streaming services like spotify and apple music for a week,19,39,0,0,1,1,1,0.6106526447866996,True
sofia richie,2,1,0,0,1,0,1,0.7459231368163327,False
selena gomez wears bold shirt after justin bieber s engagement,10,24,0,0,1,0,1,0.7479983897719179,False
could drake s video reunion lead to an actual degrassi revival,11,14,0,1,1,0,0,0.3392376612983522,True
botched patient gets her husband to help duct tape her boobs,11,2,0,0,1,0,0,0.11024709893316689,True
clayne crawford apologizes for bad behavior on lethal weapon set,10,0,0,0,1,0,0,0.219826577110921,True
katy perry dressed as an actual angel on the 2018 met gala red carpet,14,19,0,0,1,0,0,0.04819163136547744,True
tina fey s mean girls is now a fetch broadway musical,11,60,0,0,1,0,0,0.329756873274118,True
puppy bowl,2,61,0,0,1,0,0,0.47059517582410443,True
exclusive kyle clarke dishes mightily on what happens at the abbey,11,36,0,0,1,0,0,0.1992765987651467,True
paris hilton chris zylka show some pda on the red carpet,11,101,1,0,1,0,0,0.14212424527445802,True
leah remini sets development pact with new a e networks scientology renewed for season 3,15,29,0,0,1,0,0,0.06566140251801678,True
glee s worst song according to lea michele,8,46,0,0,1,0,0,0.20496146457817732,True
ruby rose opens up about health crisis and why we may be seeing her in a wheelchair,17,13,0,0,1,1,0,0.11464178981370307,False
story about khloe kardashian guilty over happy pregnancy as kylie jenner struggles is made up,15,8,0,0,1,1,1,0.6270320906837169,True
joel osteen faces criticism on social media for closing houston megachurch s doors amid harvey,15,22,0,0,1,0,0,0.14597465540562324,True
ivanka trump working with hollywood stylist cat williams,8,91,0,0,1,0,1,0.6093466379878328,False
15 times chris pratt s instagram was out of this world,11,21,0,0,1,0,0,0.3595882340593558,True
kate upton debuts her baby bump on the red carpet,10,68,0,0,1,0,0,0.20490744579772122,True
ronnie magro ortiz jersey shore,5,56,0,0,1,0,0,0.07376329904813977,True
meghan markle retires from acting embraces her royal duties,9,1,0,0,1,0,1,0.7680481669365395,False
majorthoughts com,2,7,0,0,1,1,0,0.31975080979658005,False
selena gomez reflects on reaching a life or death point after lupus diagnosis,13,67,0,0,1,0,1,0.5258026922393318,False
ashlee and jessica simpson model for dad s first art show,11,71,0,0,1,1,1,0.5800269608334391,True
lisa bonet surprises jason momoa on aquaman set for his birthday,11,57,0,0,1,0,0,0.15456157682412985,True
ariana grande shut down pregnancy rumors in a series of hilarious tweets,12,4,0,0,1,1,0,0.3879244272039115,False
nicole kidman reveals the secret to her long marriage with keith urban,12,4,0,0,1,1,1,0.8225260915351486,True
spike tv s twitter account goes rogue profanely mocking channel,10,39,0,0,1,0,0,0.2300429426841947,True
how kim kardashian s diet and fitness routine left her feeling stronger and tighter,14,66,0,0,1,0,0,0.35133613987864604,True
from stranger things to mandy moore surprises and snubs from the emmy nominations,13,23,0,0,1,0,0,0.07074290848162927,True
the mindy project s fortune feimster engaged to jacquelyn smith,10,104,0,0,1,0,0,0.14899519935744482,True
justin bieber and selena gomez are moving in together and couldn t be happier,14,9,0,0,1,1,1,0.9061771163110255,True
kardashians ink mega renewal deal with e variety,8,7,1,0,1,1,1,0.6157255994079054,True
alan thicke,2,137,0,0,1,0,0,0.3200037919280574,True
james corden truly sorry for harvey weinstein jokes,8,54,0,0,1,0,0,0.1182227799259712,True
avengers infinity war stars play hilarious game of mad libs,10,35,0,0,1,0,0,0.13032537892862883,True
mariska hargitay brooke shields on the law and order svu twist that s excruciating for benson to navigate steemit,19,48,0,0,1,0,0,0.1391574343066134,True
naya rivera makes first public appearance following death of ex and glee costar mark salling,15,86,0,0,1,0,0,0.13522214359821955,True
orange is the new black stars crash fans wedding in australia,11,19,0,0,1,0,0,0.3910551235089265,True
why katie holmes and jamie foxx never leave a dinner date together,12,22,0,0,1,1,1,0.888807294674837,True
tisha campbell martin files for divorce from husband of 21 years,11,471,0,0,1,0,0,0.29009977944574683,True
kate spade new york to donate over 1 million to mental health causes,13,45,0,0,1,0,0,0.08396829014693856,True
how beyonc is easing into her workout routine with the help of jay z and soulcycle,16,0,0,0,1,0,0,0.1909251122435969,True
elton john opens up about losing princess diana and prince harry falling in love,14,53,0,0,1,0,0,0.26237124583598026,True
scott disick calls bulls t on kourtney kardashian s reason for why he wasn t invited to khloe s birthday,20,0,0,0,1,0,0,0.3654194509954612,True
kristen stewart replaced angelina jolie in movie report a year ago,11,7,0,0,0,1,1,0.9958134859953657,True
where to buy princess kate s outfits for less,9,25,0,0,1,0,0,0.20060910981456545,True
kylie jenner celebrates hump day in skintight tracksuit 2 months after giving birth,13,89,0,0,1,0,0,0.2436919760002926,True
bella hadid and emily ratajkowski were twinning on the cannes red carpet,12,83,0,0,1,0,0,0.09883592734558835,True
bachelor in paradise premiere recap what happened before the shutdown,10,68,0,0,1,0,0,0.04000454986951205,True
eva marcille is engaged to michael sterling,7,74,0,0,1,0,0,0.3584685682645565,True
royal wedding countdown new details emerge on meghan markle and prince harry s bridal party,15,34,0,0,1,0,1,0.5180824244033224,False
season seven of e s sizzling hit series total divas premieres wednesday november 1 at 9pm et pt,18,12,1,0,1,0,0,0.058045632085261686,True
wags miami season finale recap ashley nicole marries philip wheeler as kayla cox announces her separation,16,96,0,0,1,0,0,0.018454067566296924,True
kristen stewart cheats on robert pattinson with married director sources,10,45,0,0,1,0,1,0.9460015545765897,False
sweet valley high s brittany daniel marries adam touni,9,1,0,0,1,0,0,0.07971725445889727,True
sam asghari news,3,407,0,0,1,1,1,0.5500914375507381,True
the internet isn t too happy with vanity fair s cover story about margot robbie,15,192,0,0,1,1,1,0.5876323235058999,True
celebrities react to roger moore s death,7,7,0,0,1,1,1,0.952589867243279,True
r kelly responds to time s up campaign singer is target of greedy conscious and malicious conspiracy,17,45,0,0,1,0,0,0.17631553220972007,True
jake zyrus reveals details of his transgender journey changing his name from charice,13,248,0,0,1,0,0,0.2353189522987344,True
beyonce sick of rumors that blue ivy is not her biological daughter exclusive,13,152,0,0,1,1,1,0.5921289576405978,True
kelly clarkson joins the voice season 14 as coach exclusive,10,62,0,0,1,0,0,0.2706020194551203,True
ginuwine your newest bravolebrity plays a must watch game of name that pony,13,12,0,0,1,0,0,0.0666848070788459,True
nicole kidman and prince harry named sexiest redheads,8,21,0,0,1,1,1,0.7505507668868285,True
meghan shakes up her royal image by ditching her sleeves,10,45,0,0,1,0,0,0.3743161159443592,True
hailey baldwin s outdoor slippers are a lazy girl s dream,11,15,0,0,1,0,0,0.2181886668664888,True
heath ledger documentary what we learned from i am heath ledger,11,53,0,0,1,0,0,0.1217664093580085,True
11 wardrobe essentials to update for fall,7,96,0,0,1,0,0,0.44284582517193033,True
della reese music legend and touched by an angel star dead at 86,13,35,0,0,1,0,0,0.19943806616217155,True
diplo responds to katy perry s sex ranking,8,1,0,0,1,0,0,0.41884008039253195,True
eugenio derbez to get walk of fame star variety,9,31,0,0,1,0,0,0.12257106863683935,True
jessie james decker shares photo of shirtless eric decker and newborn son,12,0,0,0,1,0,0,0.03249237547706489,True
watch kelly clarkson s daughter adorably sing a song for her celebrity crush,13,53,0,0,1,0,0,0.09157079004016351,True
selena gomez completes treatment for depression and anxiety,8,0,0,0,1,0,0,0.4220640788378706,True
john stamos fianc e caitlin mchugh debuts baby bump on instagram while wearing a sports bra,16,269,0,0,1,0,0,0.1281204394271101,True
three s company kourtney kardashian scott disick sofia richie take family vacation in mexico,14,29,1,0,1,0,0,0.48113263824656,True
kim kardashian nervous about surrogacy birth coping with feeling powerless not in control,13,18,0,0,1,1,1,0.5917716785271352,True
celebs respond to trumpcare bill fail,6,14,0,0,1,1,0,0.3429741576236363,False
good riddance celebrities react to the death of charles manson,10,18,0,0,1,1,1,0.9102736570720338,True
kylie jenner is on the cusp of becoming the world s youngest self made billionaire with forbes estimating her net worth to be 3 times as large as kim kardashian s,31,1000,0,0,1,1,1,0.759747475193452,True
chris pine and annabelle wallis hold hands in london,9,42,0,0,1,0,0,0.3741558591121388,True
selena gomez is all of us while freaking out over this new eyeshadow palette,14,34,0,0,1,0,1,0.6030095267940513,False
rihanna how she really feels about chris brown publicly name checking her,12,14,0,0,1,1,1,0.8301468716009898,True
amazon com the royals season 2 elizabeth hurley vincent regan william moseley alexandra park merrit patterson tom austen amazon digital services llc,22,21,0,0,1,0,0,0.07038128354007625,True
maci bookout alleges ryan edwards threatened to hurt her reports,10,15,0,0,1,0,1,0.610379624819013,False
mini mes jennifer lopez and marc anthony s twins dress like their parents,13,1,1,0,1,0,0,0.41280110029610473,True
gwen stefani acting like she s pregnant says source she s hoping for 1st daughter with blake,17,27,0,0,1,1,1,0.8565587796249926,True
jamie lynn sigler on her special chance to reconnect with late brother who inspired her acting career,17,0,0,0,1,0,0,0.23426718140584532,True
what s going on with john cena and nikki bella a timeline,12,65,0,1,1,0,0,0.3565843008271068,True
george amal clooney pass out headphones to fellow passengers on flight with 6 month old twins,16,107,0,0,1,0,1,0.7491519358870109,False
pastors to protest irs rules on political advocacy,8,3,0,0,1,0,0,0.2713972972311283,True
release date trailer cast theories and everything you need to know,11,971,0,0,1,0,0,0.19636357961987647,True
jessie james decker s pregnancy cravings are all over the map with baby no 3,15,0,0,0,1,0,0,0.10689417637422258,True
katy perry suffered from situational depression due to widely panned witness album,12,74,0,0,1,0,1,0.5134194562765706,False
royal christmas card george and charlotte s outfit details,9,55,0,0,1,0,0,0.21524455225889857,True
here s everything the hollywood medium told lil kim about notorious b i g s murder,16,61,0,0,1,0,0,0.18300685709102102,True
sofia richie and kourtney kardashian post competing thirst traps,9,20,0,0,1,1,1,0.7278602004263435,True
elizabeth olsen and robbie arnett make debut at emmy party,10,42,0,0,1,0,0,0.2240808509934429,True
shawn mendes and hailey baldwin make red carpet debut at 2018 met gala,13,14,0,0,1,0,0,0.029037898114956023,True
the thrill of it all sam smith album,8,56,0,0,1,0,0,0.16736328779504922,True
10 times a talk show guest left their host speechless,10,36,0,0,1,0,0,0.24594900821940535,True
who s oprah s bestie ellen degeneres and reese witherspoon battle for bff status,14,42,0,1,1,0,1,0.6041726988871827,False
watch ben higgins and lauren b get engaged on the bachelor video,12,50,1,0,1,0,0,0.10853028219186467,True
a solar grand plan scientific american,6,1544,0,0,1,0,1,0.7633357287733478,False
grading president trump,3,1006,0,0,1,1,1,0.8192366712435598,True
the queer eye guys did a bunch of friendship exercises and it s honestly so tender,16,40,0,0,1,0,0,0.15874104520076715,True
that star wars the last jedi trailer looked great but how much of it will actually be in the movie commentary,21,59,0,1,1,0,0,0.2577832039154434,True
cartoons pajamas and the zoo mila kunis describes her ideal day with ashton kutcher and their kids,17,19,1,0,1,0,1,0.6623202542985697,False
once upon a time photos emma reunites with hook and henry,11,78,0,0,1,0,0,0.06903230724626894,True
dj khaled named weight watchers social media ambassador,8,55,0,0,1,0,0,0.15347259184706546,True
how meghan markle s uninvited family crashed the royal wedding,10,14,0,0,1,1,1,0.5292630178976677,True
awkward shawn mendes calls hailey baldwin his really good friend,10,51,2,0,1,0,0,0.17581313240650728,True
insecure season 3 teaser issa rae raps to her mirror bitch,11,16,0,0,1,0,0,0.05544529599338625,True
blac chyna fears rob s next move the guardian nigeria newspaper nigeria and world news,15,86,0,0,1,0,1,0.6015652436922435,False
celebrities react to harvey weinstein s arrest,7,5,0,0,1,1,1,0.8520873359670731,True
seagram s heiress nabbed in nxivm sex cult arrests smallville star allison mack faces more charges,16,100,0,0,1,0,0,0.12295730471418084,True
candace cameron bure shares sweet pics from son s graduation we are so proud,14,8,0,0,1,0,0,0.0276958617980938,True
karrueche tran granted five year restraining order against chris brown,10,273,0,0,1,1,0,0.4949207940621788,False
president trump underscores us jamaica relations,6,1,0,0,1,1,1,0.7204697620073679,True
lala kent net worth,4,4,0,0,1,0,0,0.2220809677434798,True
tom cruise,2,1011,0,0,1,1,1,0.8424738355825822,True
kim kardashian gets hysterical over lost earring on kardashians,9,6,0,0,1,1,1,0.7332584428288196,True
did kim kardashian try to steal beyonc s thunder,9,27,0,1,1,1,1,0.7433154549306188,True
confirmed brad pitt and jennifer aniston they re back on,10,70,1,0,1,1,1,0.9908639896122978,True
dear white people tv series,5,60,0,0,1,0,0,0.35605727544984694,True
pregnant khloe kardashian fires back at haters who criticise her workout regime they re cleared and highly recommended,18,53,1,0,1,0,0,0.35659786169926533,True
bill cosby found guilty of sexual assault in retrial,9,1039,0,0,1,0,0,0.25566994500737034,True
celebrities react to donald trump s state of the union speech,11,28,0,0,1,1,1,0.9634007067965111,True
morgan freeman said hillary clinton belongs in prison,8,3,0,1,1,1,1,0.8981614657619017,True
hilarie burton jeffrey dean morgan welcome miracle baby in honest post about fertility,13,10,0,0,1,0,0,0.19236232634446918,True
kim kardashian didn t invite surrogate to her baby shower,10,4,0,0,1,0,1,0.7264264549589495,False
the popular workout naomi campbell won t do,8,55,0,0,1,0,0,0.2441511326998174,True
game of thrones season 8 spoilers sansa stark to betray jon star drops huge clue,15,28,0,1,1,0,0,0.1392803816679176,True
senate report admits clinton gifted children to human traffickers,9,109,0,0,1,1,1,0.8690245416239711,True
angelina jolie focused on healing her family splits with lawyer in brad pitt divorce,14,57,0,0,1,1,1,0.9789711352648813,True
laguna beach alum taylor cole welcomes first child daughter tatum,10,75,0,0,1,0,0,0.08686578938640124,True
do we really need a twilight zone revival in the era of black mirror,14,57,0,1,1,0,0,0.3340970947154598,True
heather locklear pleads not guilty to attacking police officers in february,11,59,0,0,1,0,0,0.369022105085557,True
1 year after las vegas shooting survivors still seek help,10,2,0,0,1,0,0,0.20898996700635628,True
ryan seacrest got the job at live with kelly but here are 19 co hosts who got better ratings,19,0,0,0,1,0,0,0.39501516272435133,True
the truth about kate middleton and meghan markle s relationship,10,3,0,0,1,1,1,0.8589846086991788,True
issa rae to host 2018 cfda awards,7,81,0,0,1,0,0,0.08333365291015984,True
zendaya explains her facial expressions at a new york fashion week show,12,69,0,0,1,0,0,0.09926094741166296,True
chrissy teigen jokes about joining the 2017 victoria s secret fashion show i m gonna kill it,17,108,0,0,1,0,0,0.20588496202022746,True
s01 e01 big easy baby,5,57,1,0,1,0,0,0.31947322169596903,True
this week transcript goolsbee brown corker,6,3717,0,0,1,0,1,0.5150483883779741,False
model mom caitlyn hits the catwalk in bold career move,10,5,1,0,1,1,1,0.6194489317087839,True
jenna johnson can t stop gushing about the season 25 celebs in her behind the scenes dancing with the stars blog,21,17,0,0,1,0,0,0.14007445899999782,True
brad pitt is quietly dating as he has secret meeting with jennifer aniston,13,5,0,0,1,1,1,0.9883900672664433,True
the honeymoon phase never has to end maybe you re looking at this wrong,14,14,0,0,1,0,0,0.2352588539189572,True
terrell owens joins dancing with the stars,7,2,0,0,1,1,0,0.18919965157201357,False
all dolled up taylor swift and joe alwyn hold hands on rare public date night in london,17,0,1,0,1,0,0,0.4292072507185358,True
world of dance season 1,5,71,0,0,1,0,0,0.12681866176579362,True
pow watch dame judi dench learn how to spit bars in rap session with lethal bizzle,16,26,1,0,1,0,0,0.18745913741120002,True
clueless star stacey dash withdraws from congressional race,8,822,0,0,1,0,0,0.14519870873050209,True
tori spelling and family are all smiles on st patrick s day after reported turmoil,15,46,0,0,1,0,0,0.09639142127985956,True
richard gere dumps julia roberts,5,12,0,0,1,1,1,0.7233239434178975,True
s n l watch blake lively and ryan reynolds crash melissa mccarthy s,13,73,0,0,1,0,0,0.3628622767621709,True
how old were the characters during the first season of friends,11,54,0,1,1,0,0,0.2793970274207817,True
the 10 best tv shows of 2017,7,1020,0,0,1,0,0,0.1361101801919595,True
sarah drew cried over grey s anatomy departure i thought jackson and april were endgame,15,85,0,0,1,0,0,0.16386906368274512,True
jennifer garner s trainer launched a wellness app that uses artificial intelligence,12,30,0,0,1,1,0,0.49763211079570413,False
did miley cyrus get mad at liam hemsworth for refusing to wear his promise ring,15,9,0,1,1,1,1,0.8085996537731451,True
kim kardashian responds to claims she was attacked in los angeles such weird rumors,14,108,0,0,1,1,1,0.6366084309487865,True
khloe kardashian hides baby bump and sparks more pregnancy rumours,10,292,0,0,1,1,1,0.731111477691503,True
jamie dornan once glued a wig to his penis to impress girls,12,56,0,0,1,0,0,0.3717227445423118,True
brad pitt and jennifer aniston busted over aspen reunion,9,4,0,0,1,1,1,0.9652187502716117,True
the x files what did scully whisper to mulder,9,5,0,1,1,0,0,0.31903439101719616,True
priyanka chopra sings taylor swift tries a boston accent and beats up a clown,14,43,0,0,1,0,0,0.30054028276193806,True
this is us season 2 poster brings the tears and laughs,11,54,1,0,1,0,0,0.03760636291669865,True
obama on malia s move in day i was basically useless,11,13,0,0,1,0,1,0.5912711607566462,False
inside los angeles most luxurious spas,6,17,0,0,1,0,0,0.25264867030429067,True
everything we know about kevin hart s alleged extortion case and cheating scandals,13,1,0,0,1,0,0,0.48981175175016384,True
jayz secretly gay ridiculous speculation,5,0,0,0,0,1,1,0.8945193212353564,True
patton oswalt on why he remarried 18 months after his wife s sudden death,14,45,0,0,1,0,0,0.28859032805600837,True
we re officially obsessed with aidy bryant s unusual honeymoon pics and you will be too,16,73,0,0,1,0,0,0.24537610677399702,True
angelina jolie had an affair with her mother s lover,10,5,0,0,1,1,1,0.8286650808788611,True
leslie jones paid homage to grace jones with her hair and makeup,12,36,0,0,1,0,0,0.16363369437295835,True
bill gates outlines 2018 plan to depopulate the planet,9,0,0,0,1,1,0,0.2252167476514349,False
taylor swift skips annual fourth of july party in ri,10,114,0,0,1,0,1,0.6365756571201525,False
david cassidy revealed he was still drinking didn t have dementia prior to death,14,50,0,0,1,0,1,0.5668750662375164,False
pregnant amber portwood learns sex of baby no 2 watch,10,1,0,0,1,0,0,0.1934992048184367,True
90210 star shenae grimes beech is expecting a daughter with husband josh beech,13,11,0,0,1,0,0,0.05090612812117004,True
katie holmes jamie foxx held hands looked very much like a couple at nyc event,15,60,0,0,1,0,1,0.6304386430536056,False
harry reid says gop should stop crying about reconciliation,9,55,0,0,1,0,0,0.46259066655347497,True
kim kardashian claims kendall was never part of taylor swift s squad,12,1,0,0,1,0,1,0.7587070210376258,False
this is us sterling k brown tells us all about upcoming beth episode,13,38,0,0,1,0,0,0.11240150955733332,True
jesse williams estranged wife aryn drake lee requests sole legal custody of kids,13,0,0,0,1,0,1,0.5565137873765958,False
prince william and harry present the diana legacy award,9,44,0,0,1,0,0,0.2723020227655339,True
yara shahidi stars in black ish spinoff grown ish,9,0,0,0,1,0,0,0.16912643515976555,True
coachella 2018 beyonc the weeknd and eminem head to the desert,11,69,0,0,1,0,0,0.16313583333377873,True
zeke smith of survivor dating superstore actor nico santos,9,82,0,0,1,0,0,0.2562807944628085,True
can growing up without a father be a gift jay z thinks so,13,0,0,1,1,1,1,0.6432906609964685,True
sofia richie s dad lionel threatened to cut her off if she didn t dump cheating scott disick,18,7,0,0,1,1,1,0.7250478461806596,True
jack antonoff defends lena dunham amid dispute with animal shelter,10,84,0,0,1,0,0,0.2975512792036527,True
mafs stars jamie otis and doug hehner land a spin off,11,52,0,0,1,0,0,0.3594496270410489,True
saturday savings rosie huntington whiteley s vacay ready dress is on sale parker xl,14,170,0,0,1,0,0,0.08977472355012105,True
mama june shannon gushes over her very very awesome new beau,11,43,0,0,1,0,0,0.06633378292736213,True
la la anthony and husband carmelo reconcile almost two years after calling it quits,14,11,0,0,1,0,0,0.1277349947239315,True
anne hathaway sings google translate songs gone wrong with jimmy fallon,11,55,0,0,1,0,0,0.18583172677455065,True
5 times the kardashians expertly avoided confirming kylie jenner and khloe kardashian s rumored pregnancies,15,28,0,0,1,1,1,0.717370838917791,True
celebrities react to john hurt s death,7,10,0,0,1,1,1,0.9321602294578024,True
angelina jolie,2,986,0,0,1,1,1,0.9505067725435511,True
is khloe kardashian feuding with kris jenner she worries kylie is her mom s favorite,15,3,0,1,1,1,1,0.8182952579345213,True
fall premiere dates for new returning series 2017 edition,9,1,0,0,1,0,0,0.1645815764551717,True
watch taylor swift s delicate music video is here,9,51,0,0,1,0,0,0.23073367914146217,True
jersey shore star ronnie ortiz magro s ex jen harley won t face domestic violence charges,16,129,0,0,1,0,0,0.08588156076870061,True
why i m obsessed with the outlander theme song,9,55,0,0,1,0,0,0.20724549928232042,True
james franco denies sexual misconduct claims saying they re not accurate,11,311,0,0,1,0,0,0.268118195792532,True
jenna dewan tatum still has her step up boots and 8 more things to know,15,30,0,0,1,0,0,0.23025820964722046,True
tamra s nasty family feud explodes why son spencer banned dad from graduation,13,50,0,0,1,0,0,0.36563040691611237,True
tv cast shakeups who s coming and going from supergirl the walking dead and more,15,14,0,0,1,0,0,0.06317826819353829,True
lady gaga takes date night style to new heights with platform boots and plenty of skin,16,44,0,0,1,0,0,0.12865108372812545,True
remarks by the president and first lady at a campaign event,11,0,0,0,1,0,0,0.07311846403734636,True
christina el moussa gives tips on post breakup redecorating,9,65,0,0,1,0,0,0.20103575915932567,True
trevor noah shuts down fake death rumours again,8,20,0,0,1,1,1,0.7711688642666975,True
descendants 3,2,39,0,0,1,0,0,0.309719375970534,True
happy national selfie day celebrity selfies that will make you smile cringe or gasp,14,46,0,0,1,0,0,0.14327967028148575,True
khloe kardashian reveals the body part she wants her daughter to inherit,12,24,0,0,1,0,0,0.18062380549378695,True
taylor swift accurately predicted what she would be doing at age 28 happy birthday tay tay,16,119,0,0,1,0,0,0.13092635889213175,True
cruz beckham is compared to idol justin bieber with his vocal range,12,59,0,0,1,0,1,0.9093828103685857,False
kendall jenner green eyeliner peoples choice look 2018,8,47,0,0,1,0,0,0.24734516735267056,True
meghan markle makes her royal ascot debut in monochrome givenchy,10,68,0,0,1,0,0,0.3932088698495376,True
kourtney kardashian,2,36,0,0,1,0,1,0.6052518104305213,False
mo t chandon champagnes fine and vintage champagne france luxury premium champagne,12,27,0,0,1,0,0,0.2575402077027844,True
katy perry surprising thomas fire mudslide survivors at benefit concert was an awesome act of kindness,16,61,0,0,1,0,0,0.12982746490305047,True
sarah stage welcomes second child,5,68,0,0,1,0,0,0.16450662988601295,True
meghan markle in tears over scrutiny of her royal faux pas how prince harry is supporting her,17,28,0,0,1,1,1,0.5237824200492445,True
stranger things creators go inside season 2 s heartbreaking death,10,1020,0,0,1,1,0,0.10915897986278586,False
will the real housewives of dallas leeanne locken get married on camera,12,79,0,1,1,0,0,0.4555019165242751,True
a male model made wild claims about tinder on the bachelorette,11,11,0,0,1,0,0,0.12522145021356082,True
brad pitt freaks out over supposed jennifer aniston and angelina jolie showdown says new idea,15,38,0,0,1,1,1,0.9920156772111596,True
keira knightley on colette pushing for social change and if she ll ever direct,14,0,0,0,1,0,0,0.45951750196753444,True
sophie turner is still shocked she s engaged to joe jonas,11,82,0,0,1,0,0,0.49193623489221555,True
nick jonas says there s no jonas brothers band reunion planned,11,13,0,0,1,0,0,0.1561322937749853,True
drake bell reveals exactly why josh peck didn t invite him to his wedding,14,38,0,0,1,0,0,0.22601253818453787,True
man breaks into taylor swift s home showers naps sources,10,0,0,0,1,0,1,0.5100014166233499,False
adriana lima s wardrobe malfunction at met gala 2017 victoria s secret model flashes underwear in a black slit gown,20,25,0,0,1,0,0,0.09008124224814239,True
kelly clarkson gets glammed for golden globes 2018,8,48,0,0,1,0,0,0.11070419654983672,True
brad pitt vowing to stay celibate amid angelina jolie divorce is not true reports gossip cop,16,11,0,0,1,1,1,0.9812932506454904,True
lfo singer devin lima undergoes surgery to remove massive tumor,10,86,0,0,1,0,0,0.418701706833941,True
nyc physician and wife jump to death leave kids behind because they can t afford the health care only hours after mccain murkowski collins and every democrat voted to keep obamacare,31,0,0,0,1,1,0,0.056875590847781675,False
critic s notebook girls series finale offers a lovely epilogue,10,1020,0,0,1,0,0,0.1740006093365337,True
kim kardashian forgot to tell scott disick about third baby,10,1,0,0,1,0,1,0.7080181129215514,False
kim kardashian would rather drink a sardine smoothie than discuss her sisters s pregnancies,14,44,0,0,1,0,1,0.6628619222822445,False
angelina jolie penelope cruz feud made up,7,3,0,0,1,1,1,0.9269485167099549,True
jennifer lopez and alex rodriguez go jewelry shopping on valentine s day,12,27,0,0,1,1,0,0.4791644234060453,False
celebrity reaction jimmy kimmel monologue on las vegas shooting and guns,11,87,0,0,1,1,0,0.18069361819988505,False
double review the truth will set you free,8,20,0,0,1,0,0,0.2472306824815922,True
ariana grande s manager scooter braun talks las vegas shooting,10,3,0,0,1,1,0,0.4025684352528627,False
inside the star wars after party at kensington palace who was on the guest list,15,57,0,1,1,0,1,0.589354085897848,False
tupac prison letter reveals he dumped madonna because she s white,11,1,0,0,1,0,1,0.733157352090914,False
rupaul s drag race all stars guest judges include nancy pelosi vanessa hudgens and more,15,1,0,0,1,0,0,0.11779698456470117,True
taylor swift appears at 2018 billboard music awards red carpet,10,25,0,0,1,0,0,0.07175064024353187,True
kourtney kardashian and boyfriend younes bendjima jet to rome for romantic italian vacation,13,44,0,0,1,0,1,0.666047540002236,False
bachelor in paradise official cast photo including corinne olympios and demario jackson,12,19,0,0,1,0,0,0.038502760502852736,True
vanessa kirby addresses embarrassing rumours she is dating tom cruise,10,1,0,0,1,1,1,0.8228946274523932,True
illiteracy abuse and foster homes how tiffany haddish overcame it all,11,19,0,0,1,0,0,0.0715730733903669,True
channing tatum and kristen bell among celebs to appear at 2018 kids choice awards,14,67,0,0,1,0,0,0.14480449178471658,True
younes bendjima pities scott disick he s not scared to pulverise him in a fight,15,11,0,0,1,1,1,0.6955469750362638,True
underprivileged children will be able to see a wrinkle in time free at amc theatres,15,5,0,0,1,0,0,0.24149944946283705,True
kim kardashian was bound gagged and begging for life during paris jewelry robbery,13,1008,0,0,1,1,1,0.7339738587087197,True
joan rivers shonda rhimes among television academy hall of fame inductees,11,50,0,0,1,0,0,0.37614362084273284,True
jessica alba uses this product to fix creases in her concealer,11,19,0,0,1,0,0,0.2000065502014574,True
princess eugenie shows off her stunning engagement ring in official portraits,11,52,0,0,1,0,0,0.24520924268284316,True
kathy griffin releases harvey levin s phone number claims andy cohen asked her to do cocaine,16,35,0,0,1,1,0,0.3077994266472196,False
rhonj star danielle staub backpedals on dolores catania fallout,9,15,0,0,1,0,0,0.12140138200843659,True
luann de lesseps drank 7 drinks a day before her arrest,11,38,0,0,1,0,0,0.07437352057650523,True
justin bieber s complete dating history,6,53,0,0,1,1,1,0.8833303455472473,True
simone biles speaking about larry nassar abuse empowered me,9,81,0,0,1,0,0,0.07328653897687484,True
oscars 2018 all the red carpet looks photos,8,70,0,0,1,0,0,0.06361771610130385,True
michael b jordan calls out the real hero behind his shirtless essence cover,13,62,0,0,1,0,0,0.17398613503184743,True
corey haim s mother calls corey feldman a scam artist,10,64,0,0,1,0,0,0.40787505708630545,True
jhen aiko shoots down big sean cheating rumors,8,30,0,0,1,0,1,0.8012292930465716,False
paris hilton talks being a kim kardashian clone for new yeezy campaign exclusive,13,2,0,0,1,0,0,0.4990836778577342,True
janet jackson wanted to cancel tour after joe jackson s death,11,19,0,0,1,0,0,0.4800474186310543,True
kourtney crashes justin selena s church date,7,9,0,0,1,1,1,0.682490607736197,True
matt lauer fired today anchor accused of sexual misconduct says i am truly sorry,14,56,0,0,1,0,0,0.3079812725286181,True
grey s anatomy twist meredith will find love again in season 15,12,73,0,0,1,0,0,0.09340969950676252,True
former disney star brandon mychal smith arrested on dui charge,10,115,0,0,1,0,0,0.06912129873170494,True
justin bieber is taking a break from music to enjoy a season of self discovery with new wife hailey,19,1,0,0,1,0,0,0.4121991517063512,True
casey affleck talks metoo harassment allegations in new interview,9,29,0,0,1,1,0,0.25991786921198123,False
lucifer revived at netflix after fox cancellation,7,46,0,0,1,0,0,0.06793751231494674,True
keith in heat,3,487,0,0,1,1,0,0.441798434267169,False
meryl streep responds to tom hanks high maintenance remark,9,17,0,0,1,0,0,0.4516391316980643,True
demi lovato celebrates 25th birthday with ex wilmer valderrama,9,28,0,0,1,0,0,0.06642535179337909,True
teen mom og star amber portwood s ex says he s paying the price for botching relationship,17,63,0,0,1,0,0,0.0465410420540017,True
how to quit watching tv,5,43,0,0,1,0,0,0.23142064616766775,True
libtard hero al franken forced to resign in disgrace,9,3,0,0,1,1,0,0.4616706156108401,False
kris jenner prank calls random people with khlo kardashian a few glasses of wine deep,15,0,0,0,1,0,1,0.762321213114981,False
jimmy fallon makes emotional return to late night after mother s death,12,102,0,0,1,0,0,0.08142691358926406,True
selena gomez justin bieber a timeline of their relationship,9,89,0,0,1,1,1,0.922783356393506,True
how blake lively helped ryan reynolds reconcile with his tough dad,11,41,0,0,1,0,0,0.30156157552804774,True
fans react tiger woods arrested for dui,7,9,0,0,1,1,0,0.41110248124603,False
p nk told her daughter a beautiful tear jerking story at the vmas,13,57,1,0,1,0,0,0.18149775707087978,True
rep vern buchanan on twitter,5,0,0,0,1,0,0,0.21708520601970763,True
jennifer aniston and justin theroux split lovingly after two years of marriage,12,106,0,0,1,0,1,0.8951079599501774,False
prince charles transition to king might already be in the works and here s what we know,17,86,0,0,1,0,0,0.21680479325626403,True
kim kardashian s psoriasis is almost completely gone,8,84,0,0,1,0,1,0.6793714920583751,False
tessa thompson opens up about her sexuality i m attracted to men and also to women,16,159,0,0,1,0,0,0.3156366523152097,True
leslie jones gets sweaty in the gym as she keeps up her 40 lb weight loss arms arms arms,19,101,1,0,1,0,0,0.3673938153315881,True
rob kardashian caught slapping his ex in the face,9,6,1,0,1,1,1,0.5032193490645739,True
mamma mia 2 amanda seyfried opens up on working with real life ex dominic cooper,15,1,0,0,1,1,0,0.2118719715626291,False
john mayer defends justin bieber for his decision to cancel the rest of his world tour,16,42,0,0,1,0,1,0.7199231801439271,False
james corden performs mary poppins as a crosswalk musical in london,11,1,0,0,1,0,0,0.14968037641122015,True
ariana grande and jimmy fallon break records during tonight show takeover movies television,13,45,0,0,1,0,0,0.09903032366042493,True
chris evans and his brother quiz each other and share hilarious childhood memories,13,13,0,0,1,0,0,0.07186700309670198,True
inside julia roberts danny moder s really solid marriage,9,827,0,0,1,1,1,0.8739203031535092,True
nbcuniversal upfront 2018 vanessa lachey sterling k brown and more stars hit the red carpet celeb goss pics,18,50,0,0,1,0,0,0.11002612441865679,True
jwoww is left stunned in hollywood medium preview watch,9,0,1,0,1,0,0,0.15955851156530818,True
joe alwyn surprising taylor swift romantic dinner,7,12,0,0,0,1,1,0.9233895145412174,True
brad pitt neri oxman designing love nest together gossip site,10,17,0,1,1,1,1,0.9742440368288129,True
scarlett johansson dating colin jost they made out talked all night after snl,13,4,0,1,1,1,1,0.7751678533921793,True
rob kardashian shares adorable video of daughter dream saying dada,10,97,0,0,1,0,0,0.15029912209454527,True
last chance to vote in this year s tv scoop awards pressparty,12,154,0,0,1,0,0,0.05173990040165243,True
the bachelor s chris soules enters conditional guilty plea,9,52,0,0,1,0,0,0.29674277047079306,True
beyonce is not uspet with ryan reynolds and blake lively about deadpool 2 jab,14,6,0,0,1,1,1,0.5229699375263823,True
monica lewinsky slams hln special carrying her name,8,86,0,0,1,0,0,0.4180663263599343,True
rob kardashian wants tristan thompson cut off from family,9,3,0,0,1,1,1,0.5053310929643522,True
how alex rodriguez changed his life from doping scandals to rocking out with jennifer lopez,15,1,0,0,1,0,1,0.6711349687748278,False
the arrangement s christine evangelista covers social life magazine see the gorgeous pics,13,76,1,0,1,0,0,0.11023183106833642,True
melania trump nudges donald to remind him to raise his hand during national anthem,14,170,0,0,1,0,1,0.5446142118073223,False
selena gomez trusting justin bieber more than ever,8,11,0,0,0,1,1,0.9917074788368245,True
revealed prince harry does not normally eat this food but makes exception in chicago,14,46,0,0,1,0,0,0.3078218531901285,True
kelly cutrone accuses russell simmons of trying to rape her he threw me down on the floor,17,53,0,0,1,0,0,0.20735409835915794,True
halle berry debuts the surprising jacket you didn t know you needed,12,23,0,0,1,0,0,0.3503249863782708,True
veronika from second wives club catches husband cheating again,9,3,1,0,1,0,0,0.20083756387269466,True
pretty little liars star janel parrish marries longtime love chris long in her home state of hawaii,17,8,0,0,1,0,0,0.08047496999473505,True
the starfighter stunt,3,41,0,0,1,0,0,0.17765227962066388,True
us report jennifer aniston pregnant with brad pitt s baby,10,22,0,0,1,1,1,0.9971239844788923,True
the grammy awards,3,4,0,0,1,0,0,0.10327705684891665,True
meghan markle s on screen dad shades her real father,10,0,0,0,1,1,0,0.3831807284712349,False
kylie jenner baby name theories butterfly posie monarch,8,62,0,0,1,0,1,0.7290701056892984,False
celebrities pay tribute to mary tyler moore,7,31,0,0,1,1,1,0.5297038506620614,True
taylor swift and joe alwyn news rumored couple rendezvous after jingle ball concert,13,78,0,0,1,0,1,0.5343791414882153,False
prince harry meghan markle were exhausted in this wedding photo,10,4,0,0,1,1,1,0.5252928117149965,True
kelly rowland sobs after having birthday lunch with sister beyonce knowles and jay z,14,20,0,0,1,0,1,0.612049363996353,False
william shatner commemorates perfect date april 25,7,39,0,0,1,0,0,0.17473530366457668,True
beyonc and jay z slay date night at the 2018 pre grammy gala,13,0,0,0,1,0,0,0.11107969943181349,True
the stunning transformation of miranda lambert,6,77,0,0,1,0,0,0.36007620984635375,True
kate hudson is pregnant expecting baby girl with danny fujikawa,10,42,0,0,1,0,1,0.5848785952016938,False
did kourtney kardashian and younes bendjima just get married in rome,11,3,0,1,1,1,1,0.9013256867974886,True
selena gomez believes justin bieber is her soulmate they re destined to be together,14,74,0,0,1,1,1,0.910898405595566,True
marvel s cloak and dagger renewed for season 2 at freeform,11,40,0,0,1,0,0,0.030126058988647012,True
all about the 4 200 crib kim kardashian west and beyonc used,12,35,0,0,1,0,1,0.5428227858018918,False
caitlyn jenner finally ends her silence about sophia hutchins but is this a relationship confirmation,15,1,0,1,1,1,1,0.9186302429964673,True
watch super bowl lii patriots vs eagles stream live date and time,12,195,0,0,1,1,0,0.3337742105420647,False
brody jenner breaks silence on caitlyn jenner skipping his wedding,10,8,0,0,1,1,1,0.85661360209816,True
pre oscars week timoth e chalamet and selena gomez reunited over martinis,12,127,0,0,1,0,1,0.5254360748548023,False
better call saul,3,48,0,0,1,0,0,0.12519397350986688,True
former bachelorette emily maynard is expecting her third child,9,84,0,0,1,0,0,0.07817184884760872,True
thomas rhett s life changes video highlights life on tour,10,0,0,0,1,0,0,0.21672848037294906,True
the bachelor winter games meet the cast,7,58,0,0,1,0,0,0.03713710777776317,True
george takei pranks twitter with april fool s congressional run,10,6,0,0,1,1,0,0.4593745084943497,False
prince george is hilariously silenced by his cousin after getting rowdy at trooping the colour parade,16,46,0,0,1,0,0,0.2313199943046829,True
alec hilaria baldwin introduce baby son rafael see the first photos,11,60,1,0,1,1,0,0.22814468745737107,False
what happened to a teens investigating the group that introduced a generation to abba,14,3,0,1,1,0,0,0.41351500442566613,True
rosie o donnell s ex wife michelle rounds dies of apparent suicide,12,9,0,0,1,0,1,0.5050217024820866,False
hulu adds boy meets world home improvement to tgif library,10,0,0,0,1,0,0,0.27464948487874125,True
oscars red carpet live stream 2018 watch academy awards preshow online,11,1,0,0,1,1,0,0.35918401755968987,False
a comprehensive investigation of voter impersonation finds 31 credible incidents out of one billion ballots cast,16,685,0,0,1,0,0,0.39716119582851145,True
shannon beador opens up about her relationship with david beador during their divorce,13,21,0,0,1,0,0,0.25544116858993626,True
rose leslie made kit harington wear a jon snow costume,10,1,0,0,1,0,0,0.08994939904036524,True
grammy awards 2018 jay z misses out as bruno mars wins big,12,0,0,0,1,0,0,0.0680024582682123,True
dean unglert starting therapy after lesley murphy split,8,1,0,0,1,0,0,0.40835053204273364,True
perez hilton fires back at jennifer lawrence s vanity fair comments f ck you i m sorry video,18,31,0,0,1,0,0,0.1692399111474825,True
orlando bloom,2,1,0,0,1,0,1,0.5483502973428283,False
here s a step by step guide to how i apply my makeup every day,15,403,0,0,1,0,0,0.14361973482233786,True
beyonc releases remix to j balvin s mi gente to benefit hurricane maria relief efforts,15,127,0,0,1,0,0,0.3312400672489928,True
janet jackson not in a position to date again,9,92,0,0,1,0,0,0.20162277895388883,True
encyclopedia of arkansas,3,1,0,0,1,0,0,0.3004678553452809,True
baby hippo fiona perfectly photobombs zoo proposal,7,50,0,0,1,0,0,0.31517699269784843,True
rebecca ferguson reveals her teenage crush,6,16,0,0,1,1,0,0.26671626212884797,False
diddy finally explains his photoshop savageness watch here,8,52,2,0,1,0,0,0.12512121702707002,True
ellen dresses as karla kardashian for halloween,7,35,0,0,1,0,0,0.18777891137526964,True
katie holmes jamie foxx tired of living a lie why they re coming out now,15,15,0,0,1,1,1,0.8887065005417871,True
gtl no more jersey shore family vacation s new catchphrases revealed,11,18,1,1,1,0,0,0.20412631572262827,True
royal life is ruining meghan markle s sexy style,9,177,0,0,1,1,0,0.44339994300809576,False
chris brown why he chose karrueche tran over rihanna,9,37,0,0,1,1,1,0.8770187172356213,True
how a 21 year old created a beauty company for women of every color,14,113,0,0,1,0,0,0.21050521212808737,True
malika haqq and ronnie magro ortiz both agree that they broke up because of this major issue,17,0,0,0,1,0,0,0.209581982393254,True
trans men audition for old scarlett johansson roles in parody video,11,11,0,0,1,0,1,0.5207041484115379,False
dancing with the stars season 27 cast includes fuller house dukes of hazzard facts of life and harry potter stars,20,19,0,0,1,0,0,0.06572715478563097,True
chadwick boseman was the king of the oscars red carpet,10,26,0,0,1,0,0,0.14644384095906576,True
meghan markle reportedly finds certain royal rules frustrating to understand,10,21,0,0,1,1,1,0.811207647621361,True
ed sheeran releases galway girl video featuring saoirse ronan,9,62,0,0,1,0,0,0.17119393777324274,True
kailyn lowry wants baby no 4 and is looking at sperm banks,12,59,0,0,1,0,1,0.610524248632573,False
back on the road with two under 2 how thomas rhett makes it work we take it one day at a time,22,53,1,0,1,0,0,0.058211643935093364,True
speculation that jennifer lawrence to blame for faris pratt split,10,3,0,0,1,1,1,0.639652412939948,True
tom cruise reveals his ankle is still broken following injury,10,21,0,0,1,0,0,0.49023380787395016,True
john oliver explains why he confronted dustin hoffman over sexual harassment allegations,12,32,0,0,1,0,0,0.09480151572972786,True
blake shelton says he and gwen stefani thought their relationship was a rebound deal at first,16,8,0,0,1,1,1,0.921915860963533,True
harry styles never felt the need to label his sexuality everyone should be who they want to be,18,179,0,0,1,0,0,0.48750683704631365,True
mandy moore takes ad inside her dreamy 1950s home,9,29,0,0,1,0,0,0.16878558756310302,True
see chris evans and his dog have the cutest reunion after 10 weeks apart,14,1,0,0,1,0,0,0.14761789313226842,True
love basketball kylie jenner got goosebumps from travis scott during date to houston rockets game pics,16,49,0,0,1,0,1,0.5245321538410512,False
connecting people through news,4,3,0,0,1,1,1,0.877868209607461,True
teen mom kailyn lowry fights back tears confronting ex javi marroquin during heartbreaking exercise,14,65,0,0,1,0,0,0.13101537930019774,True
jamie foxx strays from katie holmes with his baby mama,10,2,1,0,1,1,1,0.9423090875816377,True
maryse tries to give alexa bliss a makeover and lana works on her bonafide wwe diva status on total divas,20,0,0,0,1,0,0,0.08951248753533401,True
kristin cavallari and jay cutler selling 7 9m nashville home featured in upcoming reality show,15,24,0,0,1,0,0,0.20625412877453103,True
ariana grande calls for love unity gun control after vegas shooting,11,33,0,0,1,0,0,0.4592607094910366,True
charlie hunnam and robert pattinson barely spoke on the lost city of z set,14,36,0,0,1,1,1,0.9119464503141242,True
kim kardashian knows kanye west s empty 747 jet was unnecessary and extravagant source,14,0,0,0,1,0,1,0.848915885309841,False
democratic national convention,3,11714,0,0,1,0,1,0.9881528749766845,False
michelle obama shares details of her boot camp fitness routine,10,88,0,0,1,0,0,0.20699826041289002,True
helen hunt and longtime boyfriend matthew carnahan break up,9,82,0,0,1,0,1,0.5664442861865663,False
young dumbledore grindelwald star in new fantastic beasts sequel photos,10,49,0,0,1,0,0,0.07319058097590485,True
property brothers j d scott is former adam lambert impersonator,10,72,0,0,1,0,1,0.50812462253989,False
kaia gerber makes your dad s favorite vacation shirt look chic,11,53,0,0,1,0,0,0.05934344429098783,True
thrifty kate middleton wears lace chloe dress from last year for kids party at the palace,16,148,0,0,1,0,0,0.15792834545688886,True
taylor swift teases new reputation stadium tour netflix film,9,57,0,0,1,0,0,0.19939669850255046,True
one love manchester,3,2028,0,0,1,1,1,0.5207475024702748,True
how the new jumanji sequel pays homage to robin williams character,11,91,0,0,1,0,0,0.23109169915712688,True
meghan markle finds prince harry can t stop jealous kate middleton princesses royal feud rumor,15,2,0,0,1,1,1,0.946477134022579,True
7 lessons feuding pop stars can learn from real housewives e online,12,19,1,0,1,0,0,0.3978836539646929,True
watch out heather morris nancy kerrigan s dwts feud just got a whole lot nastier,15,4,1,0,1,1,0,0.29856819755652814,False
rihanna reveals the surprising time she feels most beautiful in humid weather,12,1,1,0,1,0,0,0.3035448654662587,True
seal s sexual battery case rejected by los angeles district attorney,11,28,0,0,1,0,0,0.15022334782302993,True
tomb raider review roundup did alicia vikander win over critics with reboot,12,31,0,1,1,0,0,0.4265541870949273,True
snl s aidy bryant marries conner o malley,8,0,0,0,1,0,0,0.13622073385327652,True
lilly ghalichi net worth,4,75,0,0,1,0,0,0.3786144324481384,True
longtime composer alf clausen has been fired from the simpsons,10,104,0,0,1,0,1,0.600186929269321,False
cardi b is not pregnant and she responded to the rumours in the best way,15,137,0,0,1,0,0,0.20385320552283295,True
matt lauer s first accuser lives in constant fear of being discovered lawyer says,14,55,0,0,1,0,1,0.6853259232960273,False
lindsay lohan s parents plan to sue sen john kennedy over slanderous comments before congress report says,17,7,0,0,1,1,1,0.7121154335466497,True
get a peek at luis fonsi s calypso music vid ft stefflon don,13,60,0,0,1,0,0,0.09039085750819047,True
kim kardashian wants to work out rift with caitlyn jenner,10,80,0,0,1,0,1,0.9651591874960381,False
rihanna celebrates grammy win with rumored boyfriend at after party,10,62,0,0,1,0,0,0.36370637371027104,True
the one with the rumor,5,540,0,0,1,1,1,0.8362339679296852,True
the bachelorette there s a first time for everything including conch and sea planes,14,1,0,0,1,0,0,0.036848358859895014,True
mama june from not to hot episodes we tv,9,47,0,0,1,0,0,0.050933909636125346,True
blac chyna granted restraining order against rob kardashian,8,367,0,0,1,0,0,0.44240639295630274,True
iggy azalea responds to halsey calling her a moron i ve never met her,14,68,0,0,1,0,0,0.14255079465527729,True
jessa duggar not pregnant with baby no 3,8,64,0,0,1,0,0,0.34809247303827195,True
chris pratt gets real about his divorce from anna faris it s not ideal,14,123,0,0,1,1,1,0.5097253068946723,True
mila kunis ashton kutcher name baby boy dimitri,8,62,0,0,1,0,1,0.6673444608636581,False
best worst new shows the tvline staff shares its picks and passes,12,23,0,0,1,0,0,0.11288939705816027,True
kevin hart s wife eniko parrish shares amazing time lapse video of her pregnancy,14,1,0,0,1,0,0,0.24324463948958686,True
damon wayans junior stirs anger with 4th of july joke about racist ancestors,13,76,0,0,1,0,0,0.4202839776483282,True
the voice winner cassadee pope is engaged to rian dawson,10,68,0,0,1,0,1,0.65368512390678,False
amber portwood s ex fianc matt baier is married,9,48,0,0,1,0,0,0.10024505011375483,True
khlo kardashian calls tristan thompson a complete piece of s for cheating on her,14,49,0,0,1,0,1,0.6883902478584243,False
23 drugstore products celebrities use every day,7,107,0,0,1,0,0,0.29857064629243596,True
food network star duff goldman is engaged and his announcement was so sweet,13,57,0,0,1,0,0,0.17008685276413166,True
david foster and elizabeth hurley are in the early stages of dating the real housewives,15,37,0,0,1,0,0,0.19043733673689797,True
scarlett johansson kate mckinnon accidentally kill a man in rough night trailer watch,13,40,0,0,1,0,0,0.2937684033576537,True
kanye west reactivates instagram to wish kim kardashian a happy valentine s day,13,27,0,0,1,0,0,0.4518383630918411,True
life of kylie,3,79,0,0,1,0,0,0.31057761834930553,True
aritzia says meghan markle boosted earnings will it last,9,3,0,1,1,1,1,0.8073183340590481,True
glee actor mark salling who pleaded guilty to child porn found dead by apparent suicide,15,33,0,0,1,0,0,0.28999154407934297,True
kate bosworth s drugstore hormonal acne solution cleared up her skin it s actually affordable,15,28,0,0,1,0,0,0.13569731563361967,True
top chef season 15 winner is joe flamm,8,57,0,0,1,0,0,0.3122453689823294,True
nikki bella shares romantic photo with ex john cena the lessons i have learned,14,0,0,0,1,0,0,0.04702905492705702,True
poor joe jonas is trying desperately to look like ex gigi hadid s new boyfriend zayn malik,17,13,0,0,1,1,0,0.41987625765126374,False
america ferrera welcomes first child,5,157,0,0,1,0,0,0.24970184627211706,True
grab the tissues this is where we left off with this is us,13,58,0,0,1,0,0,0.3650823987402264,True
we made the broad city girls give each other drag names they did not disappoint,15,27,0,0,1,0,0,0.20902487263291006,True
video barack and michelle obama cut loose at beyonce and jay z concert,13,5,0,0,1,1,1,0.5085624931673437,True
the olympic village will be stocked with 37 condoms per athlete and it could be because of tinder,18,30,0,0,1,0,0,0.1064789930802853,True
michael strahan missed gma because he lost a little bit of his pinky,13,25,0,0,1,0,1,0.5194571316024256,False
taylor kinney has a new girlfriend after lady gaga split,10,44,0,0,1,1,1,0.758776696845482,True
obama gitmo inspires jihadists,4,126,0,0,1,0,1,0.8233901475507738,False
meet bella hadid s new blonde alter ego rebekka harajuku she even has her own instagram,16,59,1,0,1,0,0,0.16959678086073043,True
liam neeson i m scared of public speaking,8,2,0,0,1,1,1,0.5081811270883452,True
watch nikki bella s reaction after getting cleared to return to the wwe ring i m on cloud nine,19,0,1,0,1,0,0,0.053191681588772674,True
amal clooney is inspired by parkland survivors watching them gives me a lot of hope,15,128,0,0,1,0,0,0.33280921843962497,True
mccain palin 2008,3,307,0,0,1,0,0,0.1218594025378857,True
9 hydrating moisturizers for oily acne prone skin,8,46,0,0,1,0,0,0.20069797395721806,True
melania trump a mysterious first lady weathers a chaotic white house,11,73,0,0,1,0,1,0.5691824958335059,False
ariel winter sarah hyland want to do reality show when modern family ends,13,5,0,0,0,1,1,0.8144592179830913,True
shannon beador opens up about her relationship with david beador during their divorce,13,23,0,0,1,0,0,0.2556262691857938,True
notorious b i g s mom slams kendall kylie jenner s disgusting t shirts,14,1,0,0,1,1,1,0.6977767176310311,True
brad pitt and angelina jolie s sons pax and maddox not feuding as their parent s split drags on,19,4,0,1,1,1,1,0.9870666091295444,True
border security the role of the us border patrol,9,4,0,0,0,0,1,0.6693318833175781,False
jesus christ superstar live sneak peek john legend sara bareilles dazzle in stunning on set photos,16,0,0,0,1,0,0,0.1333453741871789,True
met gala time machine revisit beyonc sarah jessica parker anna wintour more fashionistas first and last appearances,17,2,0,0,1,0,0,0.2416716810411696,True
tom price it s better for our budget if cancer patients die more quickly,14,181,0,0,1,1,0,0.17419760669507492,False
thomas ravenel accuses kathryn dennis of seeking primary custody to create southern charm storyline,14,1,0,0,1,0,0,0.10181113102259037,True
melania trump goes beauty and the beast glam and more best dressed,12,71,0,0,1,0,0,0.08749639254454483,True
the voice kelly clarkson jennifer hudson returning as coaches for season 15,12,85,0,0,1,0,0,0.34362765820634206,True
paris jackson planning big career for herself like dad michael why 2018 will be her year,16,9,0,0,1,1,1,0.5016021618347026,True
brazilian court rules ryan lochte can be prosecuted on charge of filing false report,14,0,0,0,1,0,1,0.8789202187151453,False
inside the life of the kardashians dentist 10k veneers wine spray and more,13,99,0,0,1,0,1,0.513373324907855,False
amazon com sinfulcolors vanessa hudgens birthday bundle makeup kit beauty,10,48,0,0,1,0,0,0.07956308955318113,True
dean unglert confirms he reunited with kristina schulman to work through things,12,78,0,0,1,0,0,0.08226181839603883,True
charlie weber admits i m very happy dating htgawm co star liza weil,13,0,0,0,1,0,0,0.4342656605858111,True
britney spears piece of me tour,6,47,0,0,1,0,1,0.5754092196938214,False
angelina jolie furious over oscar snub steemit,7,7,0,1,1,1,1,0.9811885168309352,True
new edition performs medley at 2017 bet awards watch,9,137,0,0,1,0,0,0.142136173913427,True
daddy yankee shares adorable photo to celebrate wedding anniversary,9,102,0,0,1,0,0,0.0529168988380117,True
outlander recap jamie and claire reunite in a perfectly awkward sexy episode,12,74,0,0,1,0,0,0.09218096526070485,True
sterling k brown s golden globes speech was so so moving just like everything else he does,17,53,0,0,1,0,0,0.17259460058951656,True
serena williams gigi hadid is one of few i d leave my baby for,14,38,0,0,1,0,0,0.26770044897274115,True
these are the 7 types of love,7,30,0,0,1,0,0,0.33304893547133263,True
alicia vikander and michael fassbender enjoy honeymoon in italy after private wedding,12,19,0,0,1,0,0,0.3683519309312873,True
the cw picks up charmed roswell reboots tvd originals offshoot in the dark greg berlanti pilot to series,18,22,0,0,1,0,0,0.14443297479441902,True
20 best lip balms for dry lips,7,65,0,0,1,0,0,0.29588049336585986,True
taylor swift s reputation all the kimye joe alwyn calvin harris and tom hiddleston references,15,29,0,0,1,0,1,0.6364569812193425,False
khloe kardashian vents to kourtney about her feud with bff malika haqq on kuwtk you self centered bitch on kardashians,20,26,1,0,1,0,1,0.6192922160529214,False
fox news shepard smith why is it lie after lie after lie on russia meeting,15,182,0,1,1,1,0,0.47515580266512114,False
cfda awards 2018 gigi hadid wears a catsuit and more fashion risk takers,13,63,0,0,1,0,0,0.04709118845749027,True
alec baldwin seth meyers not at war at despite report,10,3,0,0,0,1,1,0.9866601095726836,True
new york times to launch metoo ad during golden globes,10,6,0,0,1,0,0,0.10329870425399848,True
gwyneth paltrow says she s happy to have played small part in the fall of harvey weinstein,17,18,0,0,1,0,0,0.22288724764958348,True
this is us sterling k brown tells us why randall had to seek out tess to visit her,18,58,0,0,1,0,0,0.08561016561189583,True
will smith talks his 20 year marriage to jada pinkett smith it s absolutely gold,15,20,0,0,1,0,0,0.3281964536993656,True
charles brewer heidi montag clarifies the misconception about,8,1,0,0,1,0,0,0.17974543407827134,True
mandy moore milo ventimiglia not feuding on this is us set despite report,13,7,0,0,1,1,1,0.84305723857427,True
justin bieber hailey baldwin reunite for praising and raging in miami,11,42,0,0,1,0,0,0.4593941637744981,True
5 things we hope to see on how to get away with murder this season,15,2,0,0,1,0,0,0.1337022523135977,True
have you seen kim possible star christy carlson romano lately,10,17,0,1,1,0,0,0.47209084806316876,True
e news from 7th heaven to blade trinity check out jessica biel s best roles,15,1,1,0,1,0,0,0.39867566866145093,True
carrie underwood may or may not have cried after getting pulled over for speeding and we can honestly relate,19,45,0,0,1,0,0,0.267115373334905,True
lead singer of south korean boyband shinee dies,8,1,0,0,1,0,0,0.1756412687057949,True
tarek el moussa calls christina el moussa divorce awful,9,94,0,0,1,0,0,0.3062635971166705,True
tom brady enjoys some biscuits smothered in butter syrup on thanksgiving cbs boston,13,54,0,0,1,0,0,0.07043344799232196,True
inside the moment that launched selena gomez s life changing comeback in 2017,13,46,0,0,1,0,1,0.5262585879752001,False
the top global hair trends in 2018 according to pinterest,10,91,0,0,1,0,0,0.03920723550636888,True
john cena nikki bella having kids stories made up by hollywoodlife,11,2,0,0,0,1,1,0.8502587630379536,True
mariah carey s boyfriend bryan tanaka can t keep his hands off her as he feels up her thighs on date night,22,17,0,0,1,1,0,0.40528778248422015,False
jennifer lawrence channels a fashion warrior at the 2018 oscars e online,12,35,1,0,1,0,0,0.2866487164970191,True
outlander stars sam heughan caitriona balfe tease season 3 reunion on gma,12,4,0,0,1,1,0,0.040733695620689736,False
jamie foxx not renting out disneyland for katie holmes despite fake news,12,2,0,0,1,1,1,0.975596267144074,True
fury 2014,2,1024,0,0,1,1,0,0.4201330719359827,False
fall tv s 10 biggest winners and losers,8,23,0,0,1,0,0,0.15848461084027,True
bobbi kristina brown,3,39,0,0,1,0,0,0.4735850015691459,True
unreal unveils female suitor s drama in first season 3 trailer video,12,17,0,0,1,0,0,0.10282225296398305,True
miley cyrus lady gaga targeted by l a street artist ahead of grammys,13,27,0,0,1,1,0,0.4843221692878013,False
andrew garfield on his sexuality i have an openness to any impulses that may arise,15,23,0,0,1,0,0,0.18848965208901333,True
the bachelor women tell all krystal s nsfw comments revealed plus 6 other shocking revelations,15,51,0,0,1,0,0,0.12812559898285758,True
summer phoenix files for divorce from husband casey affleck,9,333,0,0,1,0,0,0.22783730502223476,True
jennifer at war with the voice execs for using show to promote her own company,15,18,1,0,1,1,1,0.7177683506528636,True
relive 10 musical numbers from a christmas story live,9,70,1,0,1,0,0,0.29039583897453913,True
jeannie mai on gaining 17 lbs in 3 months i feel more like a woman than i ever have before,20,45,0,0,1,0,0,0.14565792813001469,True
2018 nba awards complete list of winners,7,89,0,0,1,0,0,0.32123562837334707,True
meghan markle was really at pippa middleton s wedding reception but the details are a much debated mystery,18,1094,0,0,1,0,1,0.7102959286829532,False
tyler posey smooches his new girlfriend and 7 more things you didn t see on tv at the 2017 mtv vmas,21,1,0,0,1,0,0,0.10242810086171024,True
teen mom og s farrah abraham shares photos of her vaginal rejuvenation procedure,13,44,0,0,1,0,0,0.02313607501296092,True
bad blood and a big mouth why meghan markle s bitter father eventually ruined her relationship forever,17,30,0,0,1,0,0,0.4238468121353802,True
ireland baldwin celebrates hailey s engagement with help from justin bieber s lyrics,13,43,0,0,1,0,0,0.38660979680071134,True
kendall jenner s latest date night with ben simmons again ruined by tinashe reports say,15,22,0,0,1,0,0,0.38959837720388885,True
everything you need to know about the 2018 iheartradio music awards,11,28,0,0,1,0,0,0.057871480070133395,True
emily blunt recalls crying the whole way home after getting meryl streep s stamp of approval,16,63,0,0,1,0,0,0.34018598360961283,True
the most extravagant celebrity valentine s gifts ever,8,12,0,0,1,0,0,0.16863556310247094,True
spencer pratt,2,1,0,0,1,0,0,0.17487074172600742,True
brad pitt and angelina jolie dismiss reunion reports,8,17,0,0,1,1,1,0.9665637760349272,True
drake gets new tattoo of denzel washington s face see the pic,12,26,1,0,1,0,0,0.24246497208488288,True
why harry potter fans are freaking out about fantastic beasts sequel title,12,47,0,0,1,0,0,0.2429387133764546,True
tyler hoechlin returning as superman for crossover lois lane to appear,11,84,0,0,1,0,0,0.2353998688325608,True
text of h r 3338 107th department of defense and emergency supplemental appropriations for recovery from and response to passed congress version,22,0,0,0,1,0,0,0.17624780276953833,True
gwen stefani joins blake shelton onstage as he jokes about messin around when they first met,16,63,0,0,1,1,1,0.7666380656001782,True
dylan farrow slams justin timberlake on twitter over time s up,11,1,0,0,1,0,0,0.26157005591696636,True
mariah carey rings in her birthday at the happiest place on earth disneyland,13,16,1,0,1,0,0,0.3986191487915908,True
real life hero luke wilson rescues woman after deadly car crash,11,27,0,0,1,0,0,0.30086422301098115,True
inside miley cyrus affectionate australian visit with liam hemsworth and his family,12,0,0,0,1,0,1,0.7163263040542601,False
kim kardashian exposes the weirdest thing kanye west does,9,78,0,0,1,0,1,0.7830289798938985,False
royal family loved having meghan markle for christmas prince harry,10,59,0,0,1,0,1,0.687176100828407,False
listen to telli swift gets her dream proposal and kaylin jurrjens considers motherhood on the season finale of wags atlanta,20,52,0,0,1,0,0,0.045616933629068754,True
sandra bullock is not married to boyfriend bryan randall her rep says,12,79,0,0,1,0,0,0.4663062570885476,True
former bachelorette trista sutter hospitalized after seizure be thankful for your life and blessings,14,135,0,0,1,0,0,0.09517603027404808,True
whoa youtube witness makes shocking admission on live tv cnn pulls plug immediately sharered,14,17,3,0,1,1,0,0.39631012297764656,False
teen wolf season 6b trailer familiar faces abound,8,74,0,0,1,0,0,0.035615960617563655,True
kate mckinnon s emotional emmy acceptance speech steals the show i m really crying,14,15,1,0,1,0,0,0.38836282347081924,True
kailyn lowry finally reveals the name of her newborn son,10,79,0,0,1,0,0,0.0863422965707123,True
kourtney kardashian may spend christmas with younes bendjima source says,10,38,0,0,1,0,1,0.7593782578552433,False
spilling tea with the real housewives of new york city i m still behaving badly,15,14,0,0,1,0,0,0.12183333658043308,True
breaking rosa parks daughter praises trump s response to charlottesville forfreedomworld,11,503,0,0,1,1,1,0.6475460830971036,True
new on netflix in march 2018 jessica jones collateral benji,10,13,0,0,1,0,0,0.1614148984806799,True
lil peep remembered through emotional memorial service,7,93,0,0,1,0,0,0.19145812113333888,True
meghan dumps american friends family after royal wedding,8,5,0,0,1,1,1,0.559742114308562,True
prince william may not live at kensington palace forever,9,5,0,0,1,1,0,0.4377889287837889,False
what is the meaning of the video of justin timberlake s mirror,12,1,0,1,1,0,1,0.5793634469687075,False
taylor swift,2,17,0,0,1,0,1,0.6740744514757997,False
chris pratt cover story from dadbod sidekick to rock hard hero,11,29,0,0,1,1,1,0.5101462274695346,True
kim kardashian announces all dash stores are closing,8,105,0,0,1,0,0,0.46204620880564345,True
the most memorable moments from the mtv movie tv awards,10,78,0,0,1,0,0,0.04271675738894874,True
rob pattinson still cares deeply for kristen stewart getting back together after party reunion,14,3,0,1,1,1,1,0.9446418172404634,True
church calendar,2,1,0,0,1,0,0,0.493214363533673,True
irish actress ruth negga to see her hollywood star status soar,11,7,0,0,1,1,0,0.227565384044141,False
charlie hunnam on terrible painful three year marriage,8,81,0,0,1,0,1,0.642323214269395,False
11 freebies for national doughnut day 2018,7,60,0,0,1,0,0,0.22484823782810773,True
jamie lynn spears,3,19,0,0,1,0,0,0.44836617185758765,True
man arrested in young dolph shooting yo gotti not a person of interest,13,55,0,0,1,0,0,0.4054091964990705,True
laurence fishburne net worth,4,20,0,0,1,0,0,0.37234004287082756,True
meghan markle wedding dress aimed to bring joy before austere life stella mccartney,13,9,0,0,1,1,0,0.4539826997055445,False
terri irwin reveals why bindi s boyfriend chandler powell is the perfect man for her daughter,16,0,0,0,1,0,0,0.0946632765405971,True
11 14 total divas review nia jax is afraid of not fitting in nikki the poet naomi and nia cook paige can t swim and gets sunburn lana subject of gossip,31,14,0,0,1,0,0,0.11720833287919048,True
how kylie jenner kept fans guessing over pregnancy,8,59,0,0,1,0,1,0.8225721696607248,False
bachelorette s grant kemp lace morris romance was volatile,9,40,0,0,1,0,0,0.14016113687574625,True
the pretty little liars cast is just as emotional over the series finale as fans are photos,17,64,0,0,1,0,0,0.04935899571307195,True
miss usa kara mccullough criticised for saying healthcare a privilege,10,51,0,0,1,0,0,0.2612147345939766,True
what is james van der beek doing in what would diplo do,12,16,0,1,1,0,0,0.22150940396109967,True
kate middleton will never be jealous of meghan markle here s why,12,155,0,0,1,1,1,0.9026237609355358,True
baby number two for justin timberlake and jessica biel,9,3,0,0,1,1,0,0.4712525561615729,False
gisele bundchen begging tom brady,5,13,0,0,0,1,1,0.7205149038398952,True
justin bieber wears purpose tour merch after cancelling tour,9,72,0,0,1,0,0,0.47295997029475856,True
kim kardashian kanye west enjoy a date night before baby no 3 s arrival slamming breakup rumors,17,56,0,0,1,0,1,0.7467031300509677,False
warren beatty and faye dunaway to present best picture oscar again,11,49,0,0,1,0,0,0.2625868631117245,True
brielle biermann attacks kenya moore in vicious twitter rant calls her dumb ugly evil b ch,16,2,0,0,1,0,0,0.1397928736356731,True
svu renewed for season 20 at nbc,7,59,0,0,1,0,0,0.07199251534835692,True
meghan markle kate middleton friendship not exaggerated,7,49,0,0,1,1,1,0.8301399644457129,True
jamie foxx is upset that katie holmes and joshua jackson are talking again exclusive,14,7,0,0,1,1,1,0.963867955893706,True
caitlyn jenner is planning a nude photo shoot,8,45,0,0,1,1,1,0.771771789922407,True
paris hilton can t wait to send paris jackson her new boohoo line,13,47,0,0,1,0,0,0.42640120104348794,True
justin theroux cancels late show appearance after jennifer aniston split,10,57,0,0,1,0,1,0.893836620028318,False
give me a break americans against food taxes tv ad 2011,11,0,0,0,1,0,0,0.19714698621651727,True
shania announces 2018 now tour,5,27,0,0,1,0,0,0.061736341246745666,True
orange is the new black star 43 told she s too old for wife role,15,42,0,0,1,0,0,0.23775429449161378,True
janet jackson calls police for welfare check on son who was staying with her ex,15,78,0,0,1,0,0,0.2990347504590328,True
trey songz alleged assault victim granted temporary restraining order,9,42,0,0,1,0,0,0.27049601718773936,True
watching demi lovato relive her first kiss with joe jonas will give you butterflies,14,0,0,0,1,0,0,0.3173244661322161,True
dirty dancing s colt prattes lost 20 lbs with matthew mcconaughey s plan,13,59,0,0,1,0,0,0.39502482182491994,True
angelina jolie asks to keep all her jewellery in divorce from brad pitt including that 194k engagement ring,18,12,0,0,1,1,1,0.9069528759955086,True
angelina jolie stuns in silver with daughters shiloh and zahara at annie awards,13,95,0,0,1,0,1,0.5553828085012881,False
chris pratt and anna faris spotted out together for the second day in a row a year after split,19,54,0,0,1,0,0,0.3815353319780897,True
george clooney confesses fatherhood is terrifying he talks changing diapers the twins barf,13,25,0,0,1,0,1,0.7210602140987953,False
how many grammys does kanye west have the answer is not what he wanted,14,24,0,1,1,0,1,0.8063774436016453,False
did ellen portia have a food fight at a restaurant,10,9,0,1,1,1,1,0.8388159015573105,True
crazy ex girlfriend boss on rebecca s diagnosis nathaniel s backstory and josh s quarter life crisis,17,0,0,0,1,0,0,0.26958794368310174,True
watch a christmas story live s jane krakowski fall in love with maya rudolph over suspenders,16,1,0,0,1,0,0,0.19746946113787886,True
celebrity vacations where stars get away,6,9,0,0,1,0,0,0.4153700189094657,True
harvey weinstein timeline how the scandal unfolded,7,44,0,0,1,0,0,0.2678753363541672,True
yikes mariah carey reportedly having sex with bryan tanaka in restaurant bathroom,12,6,1,0,1,1,1,0.9228056868750396,True
contact support,2,78,0,0,1,0,1,0.5149055198177037,False
jenna bush hager,3,21,0,0,1,0,0,0.23268917289729538,True
kim kardashian tells fans you re stressing me out,9,41,0,0,1,0,0,0.49921715216271156,True
chris pratt and anna faris announce separation after 8 years of marriage,12,62,0,0,1,0,1,0.5907290104201325,False
love connection tyler henry explains how boyfriend s dead grandfather played their matchmaker,13,25,1,0,1,0,0,0.26809657530124015,True
meghan markle spotted her old drama teacher during the royal carriage ride,12,12,0,0,1,0,1,0.5354282604778908,False
jerry lewis intentionally excluded oldest kids from will,8,36,0,0,1,0,0,0.2626246924532979,True
nicole snooki polizzi creates an awkward situation for mike sorrentino on reunion road trip,14,1,0,0,1,0,0,0.29602510361775397,True
epic full look at brenton thwaites as robin in titans,10,74,0,0,1,0,0,0.25897909819840753,True
lady gaga postpones european tour due to chronic pain condition,10,37,0,0,1,0,1,0.5233012053886161,False
prince harry knew meghan markle was the one because the queen s corgis took to her straight away,18,2,0,0,1,0,1,0.681007480176092,False
luann d agostino said she and tom earned happiness 3 weeks before divorce we just love being together,18,1,0,0,1,0,0,0.2699715081221894,True
bristol palin reflects on her pregnancy as a teen,9,15,0,0,1,0,0,0.16074600836951883,True
mandy teefey speaks out selena gomez mom look to quash beef rumors,12,10,0,0,1,1,0,0.46687609968297705,False
why selena gomez wasn t the woman for justin bieber after all,12,0,0,0,1,1,1,0.8988484473560622,True
bill hader reaches divorce settlement with ex wife maggie carey,10,20,0,0,1,0,1,0.6531087955380374,False
another fashion week another debut for kaia gerber,8,107,0,0,1,0,0,0.37532685717902303,True
everything to know about julianna margulies s dietland wig,9,14,0,0,1,0,0,0.35110381072951435,True
jennifer garner y josh duhamel tienen un romance,8,15,0,1,1,1,1,0.8702000527747797,True
tom petty dead celebrities react on social media variety,9,86,0,0,1,1,1,0.6808246086057849,True
amazon com festive fall 24 wreath with mixed maple leaves twigs and berries home kitchen,15,24,0,0,1,0,0,0.2947326310817942,True
it s war shannon ready to fight david s shocking custody claims booze allegations,14,37,1,0,1,0,1,0.6271897842027173,False
celebrities then and now,4,1,1,0,1,0,1,0.826620925922024,False
jessie james decker 7 reasons this country darling is just like us,12,62,0,0,1,0,0,0.10917383066753937,True
in case you were wondering here s what thackery binx from hocus pocus looks like now,16,90,0,0,1,0,0,0.14715788018058942,True
saturday savings gigi hadid s cropped jeans are on sale,10,93,0,0,1,0,0,0.10714928086577805,True
abc s 25 days of christmas 2018 schedule,8,51,0,0,1,0,0,0.2408754153200793,True
demi lovato s atlantic city concert cancelled following possible overdose,10,57,0,0,1,0,0,0.19430951034116092,True
lucky charms,2,29,0,0,1,0,0,0.308680231472824,True
shantel jackson and nelly talk about making a baby i feel like i m 15 looking for the porno mags on the platinum life,24,0,1,0,1,0,0,0.20658437115047026,True
the crown season 3 how do the new royals stack up,11,55,0,1,1,0,0,0.13066336323771494,True
hillary clinton transcript read full text of clinton campaign launch,10,340,0,0,1,0,1,0.6605727495291809,False
kim kardashian s newest beauty products may activate your chakras,10,65,0,0,1,0,0,0.21226686652949858,True
video emerges of george clooney scooter accident in italy actor released from hospital,13,90,0,0,1,0,0,0.3237264487667804,True
game of thrones fans freaked out after jon snow and daenerys targaryen s first meeting in the latest episode,19,58,0,0,1,0,0,0.08964156933320692,True
does hollywood hate the easter bunny,6,95,0,1,1,0,1,0.6084309837446217,False
100 hot tech gifts under 100,6,27,0,0,1,0,0,0.1390623970866234,True
menendez blood brothers,3,80,0,0,1,0,0,0.39978284455204827,True
these are all the new real housewives we met in 2018,11,87,0,0,1,0,0,0.053630650701788955,True
jennifer aniston meets ex husband brad pitt s kids they re so sweet,13,16,1,0,1,1,1,0.8581892839833248,True
grey s anatomy the unexpected way sara ramirez returned in the season 14 finale,14,9,0,0,1,0,0,0.047284372428267794,True
grey s anatomy eats weed cookies uncovers some secrets,9,46,0,0,1,0,0,0.1255517437678944,True
lisa vanderpump will be handing out best in show at the beverly hills dog show,15,56,0,0,1,0,0,0.08285553131110265,True
free tickets for fans,4,81,0,0,1,0,1,0.6317622727929433,False
steve harvey,2,0,0,0,1,0,0,0.3253487491987701,True
chance the rapper calls out heineken for their horribly racist ad,11,48,0,0,1,0,0,0.12060251473195696,True
what e live 360 host will marfuggi is most excited to see on the grammys 2018 red carpet,18,91,1,0,1,0,0,0.24115725230745805,True
hayley williams and husband chad gilbert break up,8,54,0,0,1,0,0,0.23903552084069868,True
prince harry is house hunting in toronto to live close to girlfriend meghan markle,14,0,1,0,1,1,1,0.7721252267762246,True
find out the really sad reason kylie jenner never went to prom watch her pick the perfect dress,18,2,1,0,1,0,0,0.20985371930487132,True
dancing with the stars season 27 see the full cast,10,0,0,0,1,0,0,0.06544536163012736,True
gwen stefani did order blake shelton to weight report,9,9,0,0,0,1,1,0.9975512560006258,True
michael jackson speaks beyond the grave to reveal truth about death,11,39,0,0,1,0,0,0.32416886250465,True
,0,0,0,0,1,0,0,0.3164573687700135,True
catfish host nev schulman gets candid about cleared sexual misconduct allegation,11,33,0,0,1,0,0,0.0935358993318136,True
ellen degeneres beams as wife portia de rossi shows off her svelte figure in black frock at premiere party,19,15,0,0,1,1,1,0.6826918373057099,True
air force veteran granted his dying wish to see the last jedi,12,65,0,0,1,0,0,0.18351869048512517,True
john cena and nikki bella tease split,7,0,0,0,1,0,0,0.1251896609539832,True
was selena gomez betrayed by the weeknd report claims the starboy is a bad liar,15,27,0,1,1,1,1,0.9562476856103894,True
mike shouhed finds himself doing this more on dates following his divorce from jessica parido,15,103,0,0,1,0,0,0.41897579360761006,True
david cross unequivocally apologizes to jessica walter,7,66,0,0,1,0,0,0.3675845721598997,True
gwen stefani and her kids spend a fun filled spring break at blake shelton s oklahoma ranch,17,27,0,0,1,0,1,0.8305279855145754,False
iggy azalea opened up about going on a two week mental health retreat and here s why her story is so important,22,85,0,0,1,0,0,0.21867384388001124,True
the basketball diaries 1995,4,1013,0,0,1,1,0,0.4066375158901435,False
public citizen,2,5,0,0,1,0,0,0.3254497973161816,True
kelly clarkson clogged toilet at victorian mansion,7,8,0,1,1,1,0,0.3501229200630288,False
handmaid s tale renewed for season 3,7,55,0,0,1,0,0,0.07309283116920832,True
victoria beckham wears pink pajamas in public and her son has thoughts,12,70,0,0,1,0,0,0.20770004431850903,True
halsey and g eazy s cutest moments as a couple photos,11,0,0,0,1,0,0,0.03532223387201578,True
savannah chrisley splits from boyfriend luke kennard after 4 months of dating,12,78,0,0,1,0,0,0.44929638214782447,True
kylie jenner throws her own baby shower all in pink,10,63,0,0,1,0,0,0.385932263739971,True
star jennifer aniston feels humiliated by justin s new thing with emma stone,13,4,0,0,1,1,1,0.8301477817725285,True
karrueche tran chris brown permanent restraining order,7,97,0,0,1,0,1,0.6422315297613647,False
crazy ex girlfriend we ve got an update on the broadway musical,12,23,0,0,1,0,0,0.43401366849046136,True
the bachelor finale fallout continues 3 takeaways from arie s defensive press tour,13,195,0,0,1,0,0,0.058104619141342996,True
nba finals why lebron the cavaliers will win the title,10,18,0,0,1,1,0,0.242640833973481,False
jesse williams actor,3,97,0,0,1,0,0,0.3768313566670042,True
who will be meghan markle s maid of honor,9,9,0,1,1,1,1,0.8440609870684951,True
what is lupus symptoms and treatment,6,38,0,1,1,0,0,0.43191683002187864,True
are kylie jenner travis scott married fans have questions after pregnancy reports,12,0,0,1,1,1,1,0.9702364624096689,True
sheree whitfield talks dramatic rhoa reunion,6,25,0,0,1,0,0,0.13514403938351427,True
golden globes 2018 by the numbers,6,0,0,0,1,0,0,0.14163123479125048,True
rachel lindsay is obsessed with this la based t shirt brand,11,0,0,0,1,0,0,0.3539744537451233,True
bachelor and bachelorette couples who s still together,8,64,0,1,1,0,0,0.08388166772052807,True
mel b walks off agt after simon jokes about her wedding night,12,102,0,0,1,0,0,0.4022434236718661,True
selena gomez was not pregnant did not miscarry says rep,10,42,0,0,1,1,1,0.5370820806383287,True
why andrew cunanan killed guianni versace,6,49,0,0,1,0,0,0.3810122141223705,True
jimmy fallon deciphers bradley cooper chris pratt benedict cumberbatch red carpet whispers video,13,42,0,0,1,0,0,0.30467820539505885,True
justice league s sexy amazon warrior costumes spark controversy,9,1,0,0,1,0,0,0.10383081739178877,True
colton underwood is the new bachelor here s why some viewers aren t happy,14,1,0,0,1,0,0,0.12506212361511976,True
time firsts women leaders selena gomez,6,1,0,0,1,0,1,0.5748597677286952,False
stephen colbert skewers scrotum bill o reilly for sexual harassment allegations reported 32 million settlement,15,0,0,0,1,0,0,0.10838305673140303,True
olivia wilde s dog and best friend paco dies on her birthday,12,43,0,0,1,0,0,0.04094915895957034,True
offset arrested for gun possession in georgia,7,62,0,0,1,0,0,0.3782831193785511,True
brad pitt and sienna miller cosy up at glastonbury party,10,20,0,0,1,1,1,0.8916160936974391,True
david plouffe sen joe lieberman and gen michael hayden talk national security leaks,13,0,0,0,1,0,1,0.5107612105308227,False
bradley cooper and lady gaga are electric on screen together in the oscar worthy a star is born,18,40,0,0,1,0,1,0.6882516703926773,False
selena gomez opens up about the first time she met taylor swift,12,117,0,0,1,0,0,0.3428838784394528,True
why do people dislike hillary clinton the story goes far back,11,32,0,1,1,0,1,0.8655690397939849,False
every hilarious clapback kelly ripa has had for her haters,10,14,0,0,1,0,0,0.2380225022246395,True
bts talks about their nerve wracking 2017 amas performance in front of the chainsmokers,14,29,0,0,1,0,0,0.2548584461323077,True
mcconnell webb jindal express uncertainty over iran nuclear deal,9,0,0,0,1,0,0,0.4388736520835068,True
meghan markle s maid of honour reveals real reason her first marriage broke up,14,5,0,0,1,1,1,0.5099441366539403,True
rachel weisz splits with darren aronofsky does daniel craig figure in,11,109,0,1,1,1,1,0.7893217862111332,True
bachelor nation celebrates chris harrison s birthday with heartfelt and hilarious thank you notes,14,27,0,0,1,0,0,0.05249102306099287,True
this is us season 2 teaser shows the cast shocking fans,11,79,0,0,1,0,0,0.109159782391751,True
carrie coon is one of the avengers infinity war villains variety,11,54,0,0,1,0,0,0.13314193125365179,True
frill hem pants because gigi hadid makes them look so easy,11,45,0,0,1,0,0,0.08699527720947332,True
what they watch the tv diaries of chicago med star torrey devitto,12,30,0,0,1,0,0,0.05049491933874148,True
cbs this morning wants oprah to fill in for fired charlie rose report,13,8,0,0,1,1,1,0.6540522274910793,True
miss north dakota cara mund crowned miss america 2018,9,305,0,0,1,0,0,0.24326523622933038,True
biden raises possibility of 2020 presidential bid,7,7,0,0,1,1,0,0.23315666137970126,False
khloe kardashian fires a contestant from revenge body,8,46,0,0,1,0,0,0.17703906111883938,True
congressman allen west final weekly wrapup,6,3,0,0,1,0,0,0.4448650937700725,True
john boyega and letitia wright are the internet s new favorite couple but are they a couple,17,19,0,1,1,0,0,0.2916762215117481,True
mine taylor swift song,4,53,0,0,1,0,0,0.4956022114366041,True
new reports claim kendall jenner is quitting keeping up with the kardashians to move to paris,16,1,0,0,1,1,1,0.803247530420368,True
the top 15 most watched hallmark christmas movies according to viewers,11,24,0,0,1,0,0,0.09788116152686785,True
someone stole queen helena s gold pen on the royals and she won t rest till she finds it,19,16,1,0,1,0,0,0.2795006151183204,True
ashley iaconetti and jared haibon dating 3 years after paradise,10,23,0,0,1,0,0,0.2299852334822925,True
melania trump returns to white house after kidney procedure,9,49,0,0,1,0,1,0.5955627443267668,False
hencha voigt and astrid bavaresco s fight gets messy on wags miami,12,84,0,0,1,0,0,0.1258592440187513,True
sarah and bristol palin celebrate willow s bachelorette party in arizona,11,49,0,0,1,0,0,0.05887052790568317,True
colin farrell s craziest antics colin farrell s 10 craziest antics,11,5,0,0,1,1,0,0.33172248747694694,False
billboard music awards 2018 list of winners,7,41,0,0,1,0,0,0.11758808012965646,True
shanina shaik and dj ruckus s stunning bahamas wedding photos,10,59,0,0,1,0,0,0.09735523435878157,True
jason derulo says pressures of marriage led to jordin sparks split,11,95,0,0,1,0,1,0.5338407870384206,False
brad pitt and jennifer aniston busted over aspen reunion,9,4,0,0,1,1,1,0.9652187502716117,True
catelynn lowell receives christmas gift from first child after leaving treatment,11,62,0,0,1,0,0,0.26876709678777755,True
stacey dash to withdraw from congressional race,7,94,0,0,1,0,0,0.18264062090548813,True
a royal wedding for the 21st century prince harry weds meghan markle amid calls for social justice,17,28,0,0,1,1,0,0.31173622795943307,False
the internet has feelings about betty s riverdale striptease mostly it s girl why,14,60,0,1,1,0,0,0.4693824805238489,True
kristin cavallari reveals why her kids won t appear on her new reality show,14,42,0,0,1,0,0,0.11064129333326486,True
jen s nightmare justin could spill star s dark secrets in scathing tell all,14,0,1,0,1,1,1,0.6128766198227878,True
meet wags atlanta s kaylin jurrjens and her baseball beau jair jurrjens and check out their 11 bathrooms on wags atlanta,21,8,1,0,1,0,0,0.11509677570901222,True
wags miami,2,17,0,0,1,0,0,0.10005043613600731,True
michelle pfeiffer asked about her weight at scarface reunion,9,8,0,0,1,0,0,0.3557471029241616,True
conan o brien is almost the whole package on wonder woman s island of amazons,15,0,0,0,1,0,0,0.21909618344985432,True
the bachelorette rachel lindsay makes her final decision bachelor in paradise gets its first trailer,15,60,0,0,1,0,0,0.046939483843563105,True
snow white parody film under fire for body shaming,9,82,0,0,1,0,0,0.40140918028672923,True
brad pitt is still single despite rumors he s dating mit professor neri oxman,14,7,0,0,1,1,1,0.953285445912277,True
jill zarin s husband bobby dies at 71 after battle with cancer,12,161,0,0,1,0,0,0.1289666490221717,True
the democratic debate in cleveland,5,580,0,0,1,0,0,0.17339755357899153,True
the new venom trailer finally shows tom hardy fully transformed omg,11,38,0,0,1,0,0,0.22553290947317686,True
mila kunis designs for her daughter,6,63,0,0,1,0,0,0.4439247959076412,True
national news from the news and star,7,41,0,0,1,0,0,0.4445994394133434,True
about how katie holmes is trapped and t let go of jamie foxx is true,15,3,0,0,0,1,1,0.9929384743027677,True
miley cyrus says she respects all artists who speak their truth after negative rap comments,15,117,0,0,1,1,0,0.41749278964689995,False
rhonj melissa gorga says she knew danielle staub s marriage wasn t going to last exclusive,16,25,0,0,1,0,1,0.6091804924412662,False
former presidents walk fine line in trump s america,9,129,0,0,1,1,1,0.6922743915462901,True
kate yes i m having two girls,7,10,0,0,1,1,1,0.6178876249192269,True
the zendaya and tom holland dating rumors just won t die,11,1,0,0,1,0,1,0.6022818631593573,False
this is mine rose mcgowan talks citizen rose,8,12,0,0,1,0,0,0.16796690734239042,True
netflix updates 13 reasons why warnings as discussion over subject matter increases,12,53,0,0,1,0,0,0.1953845803980551,True
judy sheindlin,2,111,0,0,1,0,0,0.3172576302349894,True
how mandy moore s hairstylist created her mermaid ponytail l a style magazine,13,50,0,0,1,0,0,0.13525815529786145,True
kardashian family banned from oscar party over drunk messy behavior report,11,26,0,0,1,1,1,0.7221867420500016,True
havana camila cabello song,4,50,0,0,1,0,0,0.0670146274150965,True
the arrangement star christine evangelista keeps her fitness routine balanced with hiking followed by in n out burger,18,1,0,0,1,0,0,0.06757834973609396,True
serena williams wins 1st official match since her return to tennis following birth of her daughter,16,99,0,0,1,0,0,0.13462484449490858,True
matt bomer really proud of wentworth miller for coming out as gay,12,236,0,0,1,1,0,0.16164288200812474,False
who will and who should win at the 2018 emmy awards,11,46,0,0,1,0,0,0.14081089060640836,True
coco austin,2,0,0,0,1,0,0,0.229409511657781,True
tom brady pulls a tom hiddleston with i heart gisele t shirt,12,40,0,0,1,0,0,0.18749346276935572,True
ice detainer issued for suspected wine country arsonist in sonoma jail,11,775,0,0,1,1,0,0.493789335968914,False
teen wolf comic con panel stars get emotional,8,65,0,0,1,0,0,0.11423242265703601,True
tia mowry takes us inside her daughter s nursery,9,16,0,0,1,0,0,0.15251248103017165,True
alyssa milano how i came to terms with my anxiety disorder,11,51,0,0,1,0,0,0.2997738503016293,True
hannah montana s jason earles marries katie drysen,8,104,0,0,1,0,0,0.24344701564473373,True
whoopi goldberg humiliated handcuffed and dragged out of the tv studio,11,25,0,0,1,1,0,0.05284402722173079,False
celebrity culture,2,30,0,0,1,0,0,0.4308683685654747,True
the 30 zara item lauren conrad loves right now,9,49,0,0,1,0,0,0.2013947462110712,True
the bachelorette 2017 finale who did rachel pick,8,119,0,1,1,0,0,0.3296061072897237,True
pharrell williams wears jeans to the met gala but in tribute to comme des gar ons,16,47,0,0,1,0,0,0.027410574684211958,True
relationshep recap when shep rose kisses the women tell,9,21,0,0,1,0,0,0.1688756039004631,True
this is us creator on episode 2 s gut punch ending,11,35,0,0,1,0,0,0.06219710779517879,True
robin thicke shares photo of pregnant girlfriend son on the beach,11,59,0,0,1,0,0,0.11742985032103612,True
khloe kardashian allows tristan thompson in the delivery room for their daughter s birth,14,1,0,0,1,1,1,0.7096870303322017,True
khloe kardashian coos at a grinning baby true in adorable video,11,49,0,0,1,0,1,0.5077081608526329,False
theresa caputo s estranged husband larry is dating someone special as couple moves to divorce,15,40,0,0,1,0,0,0.2465970900875891,True
heidi klum reveals her secret to staying a timeless glowing beauty,11,71,0,0,1,0,0,0.24899211279571418,True
the 50 best podcasts of 2017,6,1,0,0,1,0,0,0.15232698597396535,True
robert pattinson flirts with a pretty brunette who is not fka twigs,12,2,0,0,1,1,1,0.7958463191256206,True
emma stone and ryan gosling used body doubles in la la land,12,12,0,0,1,1,1,0.5949087598128134,True
bet awards highlight donald glover gives the people an impromptu performance of this is america,15,195,0,0,1,0,0,0.2896361530081998,True
see the adorable new family photo of william kate and kids from this year s christmas card,17,0,0,0,1,1,0,0.11165053770566045,False
homeland season 5 finale recap auf wiedersehen,7,114,0,0,1,0,0,0.02216959394381121,True
once upon a time photos emma reunites with hook and henry,11,44,0,0,1,0,0,0.06797681337708886,True
william h macy backstage at the sag awards it s hard to be a man these days,17,54,0,0,1,0,0,0.28642636053974635,True
the kardashians donate whopping sum to las vegas mass shooting victims,11,1,0,0,1,1,0,0.40949899405882534,False
justin bieber drops a new song friends just weeks after cancelling his tour,13,70,0,0,1,0,1,0.643836416517631,False
on air with ryan seacrest,5,1702,0,0,1,1,1,0.782402370895584,True
shakira and maluma s trap music video is finally here,10,17,0,0,1,0,0,0.07394201662893696,True
journal of popular music studies,5,56,0,0,1,0,0,0.11855268455475902,True
prince philip gaffes 97 best and worst quotes as he celebrates his birthday,13,0,0,0,1,0,0,0.047978687969161056,True
a guide to the increasingly intense brad pitt angelina jolie divorce drama,12,3,0,0,1,1,1,0.8710169765854338,True
watch ciara break down 5 iconic dance moves to her new single dose,13,47,0,0,1,0,0,0.07359126107094623,True
frances mcdormand just brought down the house with her oscars speech,11,14,0,0,1,0,0,0.3726308667844164,True
super bowl commercials,3,39,0,0,1,0,0,0.36425499559732616,True
video special preview of jersey shore in miami,8,11,1,0,1,0,0,0.10962501893870095,True
watch pete davidson blush as he discusses engagement to ariana grande on the tonight show,15,79,0,0,1,0,0,0.07851168778234895,True
mindy kaling quips having pregnancy cravings even 6 months after giving birth,12,34,0,0,1,0,0,0.2969639987777539,True
woman claims botched implant surgery left her with bacterial infection severe scarring,12,37,0,0,1,0,0,0.41924038692724297,True
fantasia barrino s nephew killed in north carolina shooting,9,16,0,0,1,0,1,0.6221240687809656,False
nickalive kel mitchell reveals that there has been talks for a good burger sequel,14,29,1,0,1,0,0,0.15418849281149669,True
hillary scott,2,150,0,0,1,0,1,0.6275497900865973,False
selena gomez and the weeknd are fighting over custody of their dog exclusive,13,7,0,0,1,1,1,0.8203040755373583,True
watch jennifer lopez crash alex rodriguez s baseball broadcast on opening day,12,41,0,0,1,0,1,0.5429009693761795,False
talk shows endorsement deals and dancing with the stars examining the shelf life of olympic fame,16,54,0,0,1,0,0,0.1487841691455686,True
demi lovato defends herself over criticism for vulgar prank,9,55,0,0,1,0,0,0.20971376378362735,True
katie holmes and tom cruise were together for almost a decade here s a timeline of their relationship,18,26,0,0,1,0,1,0.9355685792346212,False
simple english wikipedia the free encyclopedia,6,1012,0,0,1,1,1,0.5638989197393759,True
jennifer lawrence on bad auditions casual sex amp her hollywood timeout,11,39,0,0,1,0,0,0.33310587360017424,True
shock reports claim brad pitt was cheating with co star marion cotillard behind ange s back,16,3,0,0,1,1,1,0.9449286638313383,True
beyonce did give birth to babies twins born is news,10,756,0,0,1,1,1,0.8292394902176071,True
vote now met gala 2017 worst dressed celebs,8,71,0,0,1,0,0,0.06368503072819261,True
doctor who bbc responds to complaints made about jodie whittaker s casting,12,25,0,0,1,0,0,0.23270243104213742,True
selena gomez fear justin bieber flirty texting kourtney kardashian,9,10,0,0,0,1,1,0.9913839438280844,True
matthew mcconaughey sends love to channing tatum after split,9,77,0,0,1,0,1,0.600566842481477,False
blake shelton would love to have a baby with gwen stefani but he s also perfectly happy as stepdad,19,5,0,0,1,1,1,0.9294918882955083,True
this drugstore lipstick beauty hack works wonders,7,108,0,0,1,0,0,0.11279741664066184,True
victoria beckham upset that david stole her pretty blonde personal trainer full download,13,2,0,1,1,1,1,0.7306454413760215,True
everything that s happened on this is us in chronological order,11,1,0,0,1,0,0,0.4322184825123562,True
baby girl on the way for imposters star parker young,10,84,0,0,1,0,0,0.1848172526975739,True
10 great tv shows to enjoy with your kids,9,23,0,0,1,0,0,0.15670677581640244,True
transcripts,1,0,0,0,1,0,0,0.31104190212486693,True
dancing under the stars julianne hough s perfect wedding to brooks laich we never stopped looking at each other,19,61,0,0,1,0,0,0.15945805124897605,True
kathy griffin feels betrayed by cnn s anderson cooper,9,7,0,0,1,1,0,0.4597792580791352,False
liam payne shares what he has planned for the holiday season,11,21,0,0,1,0,0,0.1509599682653714,True
41 things you didn t see on tv at grammys 2018,11,22,0,0,1,0,0,0.1832790982047428,True
america s enduring strength,4,0,0,0,1,0,0,0.2688063454191229,True
cardi b kicked out of hotel over weed claims cops were racist,12,55,0,0,1,0,0,0.22557686656069167,True
meghan markle overwhelmed by royal etiquette how harry the queen are helping,12,20,0,0,1,1,1,0.7200607175201671,True
catherine oxenberg is writing a book about the group she claims brainwashed her daughter,14,24,0,0,1,1,0,0.22723243203087823,False
outlander season 4 adds downton abbey veterans in pivotal roles,10,53,0,0,1,0,0,0.05567498332533358,True
jim parsons explains why he and todd spiewak waited nearly 15 years to get married,15,74,0,0,1,0,0,0.2484605078319942,True
kim kardashian having plastic surgery to cure cankles,8,9,0,1,1,1,1,0.9605875408464235,True
will grace star debra messing has revealed her secrets for looking young at 50,14,35,0,0,1,0,0,0.12170197625597952,True
kanye west paid 85 000 to use photo of whitney houston s drug strewn bathroom on pusha t album cover,20,1,0,0,1,0,0,0.41106355654473364,True
luis fonsi and family give exclusive look at their home life in hola usa,14,20,1,0,1,0,0,0.44466743159378125,True
khloe kardashian s candid pregnancy confessions everything she s revealed so far,12,1,0,0,1,0,0,0.32565261205808593,True
kendall kylie jenner jenner not upset upset over caitlyn engagement engagement despite report,13,3,0,0,0,1,1,0.995471321995146,True
gwen stefani dumped by blake shelton blindsided and heartbroken,9,12,2,0,1,1,1,0.9875617430275544,True
i ve ranked my favourite kardashian family vacations,8,67,0,0,1,0,0,0.27239588945412335,True
why nikki bella hid her first marriage from john cena and how he reacted when he found out,18,1,0,0,1,0,0,0.1407597315657663,True
dakota johnson and chris martin flaunt love on the beach,10,53,0,0,1,0,1,0.6469767004939877,False
video bill skarsg rd doing the pennywise smile without makeup is even creepier,13,54,0,0,1,0,0,0.07785281865784117,True
22 reasons to shop at missguided right now,8,42,0,0,0,0,1,0.8020302553462622,False
the ladies of the platinum life talk love heartbreak drama on new reality series exclusive,15,17,0,0,1,0,0,0.2517813854275192,True
philando castile had been stopped 52 times by police,9,682,0,0,1,0,0,0.4609825120254658,True
kurt russel just showed overpaid celebs it s time to shut up about trump hits them where it hurts,19,68,1,0,1,1,0,0.4938797344497591,False
are bachelor fans too trumpish to embrace diverse contestants,9,0,0,1,1,0,0,0.3417519366329482,True
dua lipa points out sexism in the music industry with british gq,12,21,0,0,1,0,1,0.5016612186791894,False
reese witherspoon mgm bringing the gang back for legally blonde 3,11,329,0,0,1,1,0,0.35189068622585806,False
seth meyers was hugh grant s doppelganger in the 90s plus more celebrity look alikes,15,38,0,0,1,0,0,0.16061495660645733,True
trump tax returns celebrities react on social media,8,28,0,0,1,1,1,0.8564156316463046,True
15 things meghan markle can t do once she becomes a royal,12,25,0,0,1,0,0,0.4128728328828501,True
ryan gosling makes his dramatic return to snl in first promo,11,53,0,0,1,0,0,0.24515139794152355,True
bindi irwin shares emotional video of late steve irwin proving just how proud he d be of his kids,19,19,0,0,1,0,0,0.07177984408493124,True
kylie jenner named her baby stormi and revealed her last name,11,55,0,0,1,0,0,0.46243487524891813,True
flash supergirl ep andrew kreisberg fired over sexual harassment allegations,10,15,0,0,1,0,0,0.16109361873239045,True
angelina jolie is single not dating real estate agent,9,7,0,0,1,1,1,0.7053431844582845,True
kylie jenner,2,1,0,0,1,0,1,0.7533777256334693,False
maksim chmerkovskiy praises dwts partner vanessa lachey they can say what they want,13,50,0,0,1,0,0,0.3824686275036634,True
netflix s new releases coming in february 2018,8,45,0,0,1,0,0,0.04369287145731255,True
bachelorette becca kufrin is engaged to garrett yrigoyen,8,53,0,0,1,0,0,0.09968990561787461,True
saturday savings lucy hale s leather purse comes with a great discount,12,64,0,0,1,0,0,0.09720379135469297,True
superstar collaborations revealed for 2017 cmt music awards,8,38,0,0,1,0,0,0.07790961096411823,True
anthony bourdain s death celebrity chefs in complete shock,9,38,0,0,1,0,0,0.3696813344897299,True
nic kerdiles,2,78,0,0,1,0,0,0.31379037454641767,True
what you didn t see on tv at the 2018 golden globes,12,0,0,0,1,0,0,0.09787248050403478,True
ryan seacrest to host american idol revival variety,8,47,0,0,1,0,0,0.46313201235124957,True
ed westwick denies rape allegations of aur lie wynn,9,42,0,0,1,0,0,0.19025038343440126,True
coco rocha gives birth to baby number two,8,50,0,0,1,0,0,0.2509938393135992,True
netflix will stop streaming marvel movies,6,63,0,0,1,0,0,0.0859223492417307,True
dutch game show has men guess if women are fat or pregnant,12,63,0,0,1,0,1,0.5445707695792061,False
clapback queen chrissy teigen shares her social media secrets,9,107,0,0,1,0,0,0.09696669806561212,True
terry crews talks backlash against sexual assault allegations,8,18,0,0,1,0,0,0.2328458150744212,True
dina manzo boyfriend beaten in home invasion,7,82,0,0,1,0,0,0.49032575370596376,True
brett ratner accuser find common ground defamation suit dismissed update,10,9,0,0,1,0,0,0.4022327412229659,True
kelly ripa leaving live she feels betrayed by ryan seacrest amid sexual harassment claims,14,3,0,1,1,1,1,0.7843281579914112,True
kevin mchale says he was never hiding his sexuality i think there was zero surprise,15,17,0,0,1,0,0,0.1801202141509275,True
17 expressions to sum up kanye s claims that beyonc is inspired by kim kardashian,15,13,0,0,1,1,1,0.7090405329750643,True
watch usher and james corden shine up hollywood star in carpool karaoke session,13,18,0,0,1,0,0,0.11350326528092872,True
giuliana rancic s e network power play,7,1,1,0,1,1,0,0.3927572815225146,False
the top 50 most watched shows of the 2017 18 season,11,36,0,0,1,0,0,0.10942469571426691,True
demi lovato splits from mma fighter guilherme bomba vasconcelos,9,144,0,0,1,0,0,0.2621623801817908,True
jessica hits rock bottom,4,345,1,0,1,1,0,0.3662773044191784,False
chrissy teigen shares photo of baby miles with his great grandmother,11,58,1,0,1,0,0,0.10498083823418988,True
lupita nyong o covers vogue and talks pole dancing,9,1,0,0,1,0,0,0.0929092995478735,True
vince vaughn,2,1020,0,0,1,1,0,0.41965905685560706,False
james franco to attend sag awards 2018 amid misconduct scandal,10,17,0,0,1,0,0,0.07051007037851344,True
jamie foxx doesn t seem worried by katie holmes relationship rumors on guys weekend source,15,25,0,0,1,1,1,0.9712263128472496,True
this is what meghan markle and prince harry s wedding rings look like,13,89,0,0,1,0,0,0.39711343927008674,True
wedding album dancing with the stars pro lindsay arnold shares photos from her big day,15,93,0,0,1,0,0,0.20515859981145507,True
jennifer aniston furious selena gomez justin theroux dating rumors,9,20,0,0,0,1,1,0.997472190871498,True
billboard music awards 2018 news on nominations winners and performers,10,21,0,0,1,0,0,0.07937730963345305,True
rupaul s drag race delivers 10s across the board with an exhilarating premiere,13,0,0,0,1,0,0,0.09835135185593682,True
miranda lambert and anderson east split after more than 2 years together report,13,49,0,0,1,1,1,0.7321747623144211,True
kristin cavallari says she and husband jay cutler have switched roles at home,13,34,0,0,1,0,0,0.1195677366634004,True
don johnson comments on dakota johnson and chris martin,9,58,0,0,1,0,1,0.6795820910834246,False
sarah paulson defends romance with partner holland taylor,8,1,0,0,1,0,0,0.4269730313849489,True
selena gomez jealous of camila cabello over taylor swift,9,26,0,0,1,1,1,0.5970161143389846,True
is tom cruise ready to reunite with his daughter suri,10,1,0,1,1,1,1,0.7670381640501358,True
dwts jenna johnson fitness tips,5,19,0,0,1,0,0,0.17859890000919706,True
how jason sudeikis is supporting immigrant heritage month,8,63,0,0,1,0,0,0.34398111566216943,True
will and grace now more naked than ever see the cast s sudsy new poster,15,1,1,0,1,0,0,0.09235514453607707,True
justin bieber,2,1,0,0,1,0,1,0.9230348246428515,False
miranda kerr wedding dress photos supermodel looks regal there you are,11,110,1,0,1,0,0,0.17937339542463415,True
bobbi kristina brown sings adele in video shared two years after her death,13,1,0,0,1,0,0,0.3161416818218814,True
bitter blood kim kardashian in a jealous rage over jennifer lawrence,11,15,1,0,1,1,1,0.8613906444689262,True
is kate hudson engaged actress spotted with ring on her wedding finger while riding dirt bike,16,60,0,1,1,0,1,0.7706396477399083,False
beyonc s rep shuts down claim the mom to be had lip injections while pregnant you are the saddest individuals,20,66,0,0,1,1,0,0.35225655532229466,False
bella hadid is hooking up with nba player jordan clarkson,10,23,0,0,1,1,0,0.11679292673484963,False
watch iron man scare the hell out of benedict cumberbatch on ellen,12,12,0,0,1,0,0,0.4151175896910577,True
khlo kardashian throws cousin cupcake party for true thompson s half birthday,12,33,0,0,1,0,0,0.25989371882817497,True
mitchel musso isn t a fan of his old hannah montana wardrobe,12,1,0,0,1,0,0,0.1908623330882163,True
did chris evans and jenny slate break up again,9,177,0,1,1,0,1,0.5181494738739576,False
kris jenner wants paris jackson to join keeping up with the kardashians amid ratings woes,15,7,0,0,1,1,1,0.7350304729646054,True
demi lovato plastic surgery before and after photos secrets,9,2,0,0,1,1,0,0.44503964076174624,False
kim and khloe kardashian come for younes bendjima after kourtney breakup drama,12,609,0,0,1,1,1,0.8555729547125303,True
justin bieber was a groomsmen at his father s wedding and of course selena gomez was his plus one,19,202,0,0,1,1,1,0.805159245780196,True
who will walk meghan markle down the aisle instead of her dad a royal expert weighs in,17,40,0,1,1,0,1,0.8417824695034967,False
go behind the scenes of thor ragnarok in this new featurette,11,20,0,0,1,0,0,0.16015918307914936,True
gigi hadid and kendall jenner earn millions but most models make less than 50 000 a year,17,0,0,0,1,0,0,0.38897074029115447,True
lollapalooza evacuated due to storms at end of 1st day,10,144,0,0,1,0,0,0.13283091196219765,True
solved question about a missing song,6,3,0,0,1,1,0,0.2195948077637951,False
man who posed as justin bieber online to entice girls sentenced,11,68,0,0,1,1,1,0.8658052331498969,True
despite report blogs pictures and more on wordpress,8,0,0,0,1,1,1,0.9748175407290429,True
chairmans mark americas healthy future act of 2009,8,48,0,0,0,0,1,0.5222194030281722,False
camille cosby bashes prosecutors following husband s mistrial,8,1,0,0,1,0,0,0.20163405579271804,True
daniel craig confirms he will play james bond again,9,566,0,0,1,0,1,0.6501255868235725,False
shondaland,1,28,0,0,1,0,0,0.3139685259848397,True
tiffany haddish admits bill cosby comment was a bad joke the hollywood unlocked,13,75,0,0,1,0,0,0.1911329020388099,True
the 30 biggest royal family scandals of all time,9,176,0,0,1,0,0,0.30373562285039485,True
bachelorette becca kufrin reacts to arie luyendyk jr announcing his wedding date right before her premiere,16,0,0,0,1,0,0,0.06818257170055249,True
dancing with the stars drew scott eliminated,7,22,0,0,1,0,0,0.35081509634273567,True
betty white turns 95 celebs and fans wish her happy birthday,11,33,0,0,1,1,0,0.21138465562500902,False
brittany cartwright on trusting jax taylor after cheating scandal,9,12,0,0,1,0,0,0.2160652682904092,True
nick viall why january jones turned down her bachelor crush s offer,12,1,0,0,1,0,0,0.2107873227954897,True
coachella 2017 all access go inside this year s star studded music festival e news,15,220,1,0,1,0,0,0.07894964171803845,True
pregnant jenny mollen shows dramatic before and after baby bump photo,11,80,0,0,1,0,0,0.2700297147437684,True
angelina jolie and brad pitt s divorce will be finalized very soon,12,17,0,0,1,1,1,0.9829535798642047,True
happy 50th nicole kidman see the superstar over the years,10,49,1,0,1,0,1,0.7694259005368945,False
dr luke denies kesha s claim that he raped katy perry in libel case,14,1,0,0,1,0,0,0.36914689779612936,True
talk to the press you re out meghan markle and prince harry s shock warning to friends,17,68,0,0,1,1,1,0.7112374346623779,True
teen mum contracts gangrene when deadly tummy tuck and boob job goes dangerously wrong in most stomach churning botched yet,20,40,0,0,1,0,0,0.06940000694277623,True
meghan markle channels princess diana with a throwback accessory,9,55,0,0,1,0,0,0.4172847645754826,True
fergie jealous of josh duhamel working with olivia munn,9,4,0,0,0,1,1,0.8827680177748058,True
will smith and dj jazzy jeff debut get lit first song in 19 years,14,116,0,0,1,0,0,0.16880586049604612,True
pippa middleton refuses to invite meghan markle to wedding,9,8,0,1,1,1,1,0.8381144676668807,True
british vogue journalist,3,41,0,0,1,1,0,0.4383829364472519,False
relive jessie james decker and eric decker s sexiest eric jessie moments makeout sessions bubble baths and more,18,12,1,0,1,0,0,0.07668797198384322,True
10 years after brokeback jake gyllenhaal remembers heath ledger way beyond his years as a human,16,56,0,0,1,0,0,0.19635457342138027,True
kate beckinsale royally embarrasses her daughter on jimmy kimmel live,10,26,1,0,1,0,0,0.18011096132681662,True
jennifer lawrence and emma stone s love story involves a slightly creepy third party,14,43,0,0,1,0,1,0.568722279489017,False
us report tom cruise contacts suri after years apart,9,5,0,0,1,1,1,0.9302297633369448,True
this is how kim kardashian is celebrating her 37th birthday,10,37,0,0,1,0,0,0.3190819006330844,True
kim cattrall rejects sarah jessica parker s condolences stop exploiting our tragedy,12,30,0,0,1,0,1,0.6011803501273846,False
gabrielle union gets real about rape relationships in her new book,11,21,0,0,1,0,0,0.19173799256539048,True
lin manuel miranda james corden strip down to birthday suits for crosswalk the musical,14,0,0,0,1,0,0,0.05747003062957538,True
beyonc to reunite with destiny s child at coachella,9,88,0,0,1,1,0,0.19028936286148826,False
nicole kidman and meryl streep at war on set,9,6,0,0,1,1,1,0.8555626982072709,True
how many gold medals has shaun white won at the olympics,11,81,0,1,1,0,0,0.4905744307844966,True
cpd 2008 debate transcript,4,155,0,0,1,0,0,0.06991829219777375,True
chadwick boseman s shirtless rolling stone cover is jaw dropping,10,68,0,0,1,0,0,0.2865498322154402,True
catelynn lowell heads back to treatment third time s a charm,11,90,0,0,1,0,0,0.07942332542380712,True
kylie jenner says the hardest part of dating is hearing unnecessary negativity from haters online,15,0,0,0,1,0,1,0.6283666232020895,False
10 pumpkin starbucks secret menu favorites,6,47,0,0,1,0,0,0.2933964431482181,True
la la anthony and estranged husband carmelo make out she admits they re figuring out marriage,16,37,0,0,1,0,0,0.2637826406627332,True
what s going on with brad pitt and angelina jolie s divorce,12,100,0,1,1,0,1,0.9843419488641313,False
anne hathaway angering barbie movie producers with demands,8,5,0,1,1,1,1,0.7855366567308428,True
cheryl cole and liam payne relationship under strain,8,25,0,0,1,1,0,0.4878590705426557,False
jennifer garner told she can do better amid reports she ben affleck are spending nights together,16,2,0,0,1,1,1,0.7345301575329088,True
taylor swift gives inside look into behind the scenes wardrobe closet of look what you made me do music video,20,48,0,0,1,0,0,0.1221927310280885,True
security guard jesus campos describes moment las vegas gunman stephen paddock shot him,13,57,0,0,1,0,0,0.12141248164866547,True
kendra wilkinson debuts new brunette look three weeks after filing for divorce from hank baskett,15,66,0,0,1,0,0,0.11165064833987419,True
snl star michael che surprises scarlett johansson colin jost with clown at intimate birthday dinner,15,48,0,0,1,0,0,0.2941881740241164,True
meet kate hudson s boyfriend and baby daddy,8,10,0,0,1,1,0,0.4931596748986056,False
out100 2017 covers revealed,4,16,0,0,1,0,0,0.23555042011483326,True
meet lauren conrad s baby son liam i d always hoped i would have a boy,16,74,1,0,1,0,0,0.11144828079953116,True
taylor swift alludes to kim kardashian west feud on tour,10,2,0,0,1,1,1,0.7081003940205917,True
kate middleton reportedly has a secret account on a popular parenting website,12,2,0,0,1,1,1,0.827757185483426,True
shannon beador 54 reveals her new boyfriend is wealthy widower scot matteson 58,13,9,0,0,1,0,0,0.11238103439444187,True
natalie portman regrets signing petition that defended roman polanski it was a mistake,13,13,0,0,1,0,0,0.2077148655553905,True
the actual reason jodie foster was on crutches at the oscars,11,187,0,0,1,0,0,0.34247087469563864,True
breaking sasha obama just crashed her expensive new car into a lake,12,13,0,0,1,1,1,0.9279169267780235,True
bachelorette star dean unglert on being the next bachelor i don t think i m ready yet,17,33,0,0,1,0,0,0.0516964729201746,True
queen helena calls king robert s list of potential brides a bunch of vacuous social climbing sluts on the royals,20,8,0,0,1,0,0,0.17943053583304217,True
game of thrones star kit harington tells the story of his botched marriage proposal to rose leslie,17,52,0,0,1,0,0,0.12169604705966149,True
ncis recap how pauley perrette s abby says goodbye after a big twist and lots of flashbacks,17,68,0,0,1,0,0,0.06181441536456052,True
all the details on dwts star jenna johnson s huge diamond engagement ring from val chmerkovskiy,16,59,0,0,1,0,0,0.4886724400130016,True
alex rodriguez already picked out jennifer lopez s 3 million engagement ring exclusive,13,26,0,0,1,1,1,0.8146274835733108,True
carrie fisher once sent a cow s tongue to a producer who allegedly assaulted her friend,16,1,0,0,1,0,0,0.1464627248193341,True
watch jenna dewan sizzle in dance off with j lo in world of dance trailer,15,352,0,0,1,1,0,0.3145342426557756,False
lena dunham shares hospital bed selfie after met gala,9,1,0,0,1,0,0,0.05409436961122815,True
was miranda lambert s lyric change up about blake shelton,10,110,0,1,1,0,1,0.9574571583338116,False
agents of shield finale season 3 ends with two dead before season 4 time jump variety,16,52,0,0,1,0,0,0.02380099173599091,True
worst dressed at mtv movie tv awards 2017 holland roden shannon purser more,13,112,1,0,1,0,0,0.05544131061131973,True
2018 tv pilot casting to get excited about katie holmes magnum p i and more on zig,17,28,0,0,1,0,0,0.41449227458217497,True
kylie jenner reportedly turned down a proposal from travis scott,10,1000,0,0,1,1,1,0.8605997166879137,True
casey wilson shares first photo of newborn son henry bear caspe see pic,13,99,0,0,1,0,0,0.051305695016972325,True
chris martin planning to play argentina for global citizen campaign,10,36,0,0,1,1,1,0.6480355202063417,True
hennessy carolina,2,24,0,0,1,0,0,0.30816138352477174,True
who is meghan markle prince harry s fianc e,9,39,0,1,1,0,1,0.7664671213497471,False
miranda lambert and blake shelton had an affair her ex claims,11,77,0,0,1,1,1,0.8811944153515032,True
gwyneth paltrow reportedly planning for a baby with brad falchuk,10,5,0,0,1,1,1,0.8990303854508037,True
heath ledger documentary what we learned from i am heath ledger,11,58,0,0,1,0,0,0.12202677980070131,True
affordable fashion style blog,4,317,0,0,1,1,0,0.059091972499826936,False
hermione lodge,2,103,0,0,1,0,0,0.316415199540263,True
the chilling adventures of sabrina release date cast trailers and everything you need to know,15,47,0,0,1,0,0,0.12878854755597635,True
jill zarin reconciles with ramona singer amid husband bobby zarin s cancer battle the real housewives,16,135,0,0,1,0,0,0.07768698697509908,True
caitlyn jenner joins girlfriend sophia hutchins at kylie s birthday,10,3,0,0,1,1,1,0.705742759931562,True
kelly ripa ryan seacrest tease their halloween costumes they re dressed as your got faves,15,2,0,0,1,0,0,0.22124111274691505,True
autoline,1,4,0,0,1,1,0,0.31145907482095225,False
the most outrageous total bellas moments of the week,9,40,0,0,1,0,0,0.10242561509732938,True
obama addresses key concerns for floridians,6,0,0,0,1,0,0,0.47636779596768936,True
maddow breaks down on air while describing tender age migrant shelters,11,53,0,0,1,0,0,0.1217995396039543,True
tinsley mortimer reacts to luann de lesseps relapse,8,12,0,0,1,0,0,0.062152562152514565,True
goldie hawn why she left longtime partner kurt russell,9,80,0,0,1,1,0,0.397062839045418,False
all apologies 22 times justin bieber said sorry,8,226,0,0,1,1,1,0.5646164927289423,True
puppy love it s better than you think,8,39,0,0,1,0,0,0.18201052485967323,True
lindsey stirling gives dancing with the stars fans update on her injury,12,15,0,0,1,0,0,0.30483268184559215,True
slow hands niall horan song,5,61,0,0,1,0,0,0.1581463312760702,True
here are all the winners from the 2017 mtv emas,10,95,0,0,1,0,0,0.20253465102364693,True
meryl streep jokes bitch stole my seat after mariah carey seating snafu,12,21,0,0,1,0,1,0.7200122703057884,False
khloe kardashian s ex husband lamar odom supposedly now dating tiffany haddish,12,57,0,0,1,1,0,0.4074764178218273,False
taylor swift nods at joe alwyn relationship in concert speech,10,63,0,0,1,1,1,0.5828307648382729,True
all the best looks from the 2018 amfar cannes gala,10,47,0,0,1,0,0,0.06438018186575771,True
russell crowe slams claims he s dating sophia forrest,9,3,0,0,1,1,1,0.5598062105421024,True
gemma collins feels like bridget jones after falling at the radio 1 teen awards,14,4,0,0,1,0,0,0.11296339739355102,True
selena gomez whispers i love you to the weeknd at 2017 met ball,13,1,0,0,1,0,1,0.6130009445543086,False
the cw renews riverdale arrow jane the virgin and more did your favorites make the cut,16,42,1,1,1,0,0,0.21289030756429692,True
the dark knight s joker did not kill heath ledger says sister,12,59,0,0,1,0,0,0.218533545257791,True
queen maxima s sister dead of apparent suicide at 33,10,54,0,0,1,0,1,0.544747506873025,False
the true story behind blake lively and taylor swift s friendship,11,15,0,0,1,0,1,0.6146141876129168,False
serena williams new photo of her daughter alexis will make your heart burst,13,65,0,0,1,0,0,0.10127176001882905,True
southern charm savannah s dinner party takes a threatening turn,10,1,0,0,1,0,0,0.12124085285644581,True
kim khloe throw water on scott disick for bringing girl on family trip,13,0,0,0,1,0,0,0.452092941432978,True
jennifer lopez s exes marc anthony and casper smart hangout pic,11,62,0,0,1,0,0,0.4498300329808359,True
fantastic beasts and where to find them film,8,23,0,0,1,0,0,0.4278819956596839,True
andy cohen says this celeb was one of the worst watch what happens live guests,15,25,0,0,1,0,0,0.11252827370368515,True
anne hathaway dispels ocean s 8 catfight rumours,8,22,0,0,1,0,1,0.7643824132595979,False
dirty dancing how the tv remake compares to the original,10,1,0,0,1,0,0,0.08703238835383902,True
lake bell reveals her second child is a boy find out his name,13,1,1,0,1,0,0,0.09809348876889186,True
kourtney kardashian reportedly pregnant with baby 4 is ex bf younes bendjima the dad,14,5,0,1,1,1,1,0.9487091421874582,True
sesame street gets the real housewives treatment in hilarious new parody,11,41,0,0,1,0,0,0.11516652168603868,True
did pete davidson and ariana grande get a new apartment together singer drops hint,14,46,0,1,1,0,0,0.301189913597945,True
how the bachelorette failed becca kufrin,6,21,0,0,1,0,0,0.12876969227235316,True
christine taylor on wikinow,4,4,0,0,1,1,0,0.4737919256621757,False
watch the new promo video for the will grace revival,10,27,0,0,1,0,0,0.049024680235564735,True
demi lovato doesn t want to be labeled as bipolar,10,1,0,0,1,0,0,0.2668923678818369,True
comments in fayetteville nc,4,51,0,0,1,0,0,0.20262965563177984,True
watch jennifer lawrence interviews kim kardashian west video,8,8,0,0,1,1,0,0.4690383738409258,False
the arrangement is quite clear it s a drama based on tom cruise and katie holmes,16,43,0,0,1,0,1,0.7997389936158342,False
jennifer lopez s new go to uniform is not what we expected,12,79,0,0,1,0,1,0.7620521904477149,False
did blac chyna give custody of daughter dream to rob kardashian report claims chyna wants to twerk instead,18,3,0,1,1,1,1,0.8383652697478318,True
the 17 actors who have won the most emmys of all time,12,60,0,0,1,0,0,0.16431185234505738,True
liam payne admits your life is changed forever once you welcome a baby,13,80,0,0,1,0,0,0.30830823173222194,True
celebrities say goodbye to barack obama after farewell address,9,41,0,0,1,1,0,0.47835466753698364,False
diy costumes from tv shows and movies,7,63,0,0,1,0,0,0.08007686433961807,True
ryan reynolds reveals he once saved his nephew s life,10,112,0,0,1,0,0,0.31749088824579974,True
khloe kardashian snaps at selfish sister kourtney for always being late on kuwtk finale watch,15,0,1,0,1,0,0,0.29531392535478307,True
selena gomez talks the weeknd split justin bieber reunion,9,719,0,0,1,1,1,0.954109819747353,True
paulina rubio is collaborating with selena gomez dj snake on forthcoming album,12,11,0,0,1,1,0,0.48542843474690434,False
andy cohen and jimmy fallon lose their cool in a nutty game of jinx,14,41,0,0,1,0,0,0.1185317628463105,True
kfc has a new colonel sanders and it s george costanza,11,18,0,0,1,0,1,0.587700115348275,False
stacy keibler is pregnant expecting baby no 2 with jared pobre,11,106,0,0,1,0,0,0.32483017991759916,True
trey gowdy breaks his silence after 2 of his investigators are found tortured and killed,15,622,0,0,1,1,0,0.33074875697897166,False
is khloe kardashian pregnant again new rumors she s expecting baby 2 with tristan thompson,15,1133,0,1,1,0,1,0.9347833893264276,False
see chip and joanna gaines new target line hearth and hand,11,66,0,0,1,0,0,0.23166699767872484,True
ellen pranks matt lauer with scary savannah guthrie double,9,19,0,0,1,0,0,0.26441203413670056,True
royal family christmas cards through the years,7,29,0,0,1,0,0,0.4217876970464778,True
g eazy ends h m partnership over disturbing racially insensitive ad,11,0,0,0,1,0,0,0.10536799355088484,True
rhony star luann d agostino s daughter victoria arrested for dwi,11,55,0,0,1,0,0,0.05733925149467939,True
north west plays with a kanye west look alike doll because of course,13,47,0,0,1,0,0,0.39623397584609943,True
klaus hope eat beignets in adorable the originals sneak peek,10,54,0,0,1,0,0,0.10141019081927048,True
christine evangelista videos and video clips,6,22,0,0,1,0,0,0.2906313672254027,True
amal clooney wows in vintage 3 tiered green dress at 2017 venice film festival,14,1,0,0,1,0,0,0.20278501397778895,True
gwen stefani blake shelton adopting she reportedly wants kid before end of year,13,6,0,1,1,1,1,0.9776109601485258,True
bella hadid wearing a bikini,5,28,0,0,1,0,0,0.11128922100655148,True
married jason aldean kisses brittany kerr as american idol reject deletes her twitter account,14,53,0,0,1,0,0,0.41900218926946375,True
8 unconventional royal wedding dresses in history,7,17,0,0,1,0,0,0.20394208603387678,True
grey s anatomy s jessica capshaw sarah drew revel in the love after fans fly a banner of support over set,21,47,0,0,1,0,0,0.29833481745024243,True
celebrities react to prince harry and meghan markle s royal wedding,11,78,0,0,1,1,1,0.8906430860469439,True
oscars debut new rules to avoid another envelope mix up,10,0,0,0,1,0,0,0.35130118125320314,True
kevin j walsh news,4,6,0,0,1,1,0,0.40822154164270374,False
halle berry not dating female friend despite speculative claim,9,5,0,0,0,1,1,0.9602111936155441,True
meghan and harry set to travel to country with zika virus sign baby plans are on hold,17,9,0,1,1,1,1,0.797909849143541,True
world of dance goes younger bigger for second season variety,10,44,0,0,1,0,0,0.09887025040940835,True
i gave oprah one hour and she gave me a whole new world,13,63,0,0,1,0,0,0.15081961278131206,True
colton underwood is the new bachelor here s why some viewers aren t happy,14,28,0,0,1,0,0,0.1265065296205978,True
information for the nation,4,296,0,0,1,1,0,0.4207275077198494,False
why this celeb says he s still in love with his high school sweetheart,14,73,0,0,1,0,0,0.13459166117005292,True
bachelor winter games adds bibiana lauren g to the cast the promo is already a lot video,17,16,0,0,1,0,0,0.025715352268649537,True
is lindsay shookus pregnant new details on the rumors she s expecting with ben affleck,15,105,0,1,1,1,1,0.9377065945779158,True
kyle west doubts megan morrison s acting abilities after an emotionless table read on the arrangement,16,18,0,0,1,0,0,0.11709935534021837,True
get to know jermaine fowler the comedian who killed it as the 2017 emmys announcer,15,15,0,0,1,0,0,0.3554018011720438,True
chris pratt bought anna faris a huge new ring for christmas she got him a tractor,16,12,0,0,1,1,0,0.43670609623236245,False
see it zootopia dmv scene becomes a reality as sloths take over office in youtube short,16,23,0,0,1,0,0,0.096392086992645,True
the 100 oficial amino,4,88,0,0,1,0,0,0.18335453488299655,True
shailene woodley makes her relationship with rugby player ben volavola instagram official,12,52,0,0,1,0,0,0.2767782855359703,True
shop jenna dewan x danskin affordable athleisure collection,8,35,0,0,1,0,0,0.22275515689769643,True
meghan markle receives support from queen elizabeth over family drama report says,12,23,0,0,1,1,1,0.7946674919793237,True
how meghan markle s first solo engagement compares to kate middleton s and princess diana s,16,47,0,0,1,0,1,0.6540741773886408,False
khloe kardashian finds out the sex of her baby on the kuwtk season finale you re lying,17,50,1,0,1,0,0,0.27427012721493793,True
alexandra daddario shuts down zac efron dating reports a second time,11,12,0,0,1,1,0,0.22954591935873014,False
miley cyrus sends a surprise welcome home message to las vegas shooting survivor,13,18,0,0,1,0,0,0.23196323841183408,True
dancing with the stars season 26 cast revealed,8,2,0,0,1,0,0,0.05520008434448791,True
taylor swift groping trial everything you need to know about the case,12,1,0,0,1,0,0,0.41187968441245826,True
twitter freaks out over viral photo of nicholas cage in kazakhstan,11,35,0,0,1,0,0,0.18184783396824963,True
jennifer aniston will always be brad pitt s greatest love,10,2,0,0,1,1,1,0.9656002627452618,True
paul walker s daughter settles with porsche in wrongful death suit,11,63,0,0,1,0,0,0.08117383699751056,True
did charlize theron join wonder woman 2 cast,8,1,0,0,0,1,1,0.7500599339201124,True
watch chewbacca smack a porg in the latest star wars the last footage,13,54,0,0,1,0,0,0.1563327575616373,True
kailyn lowry reveals chris lopez is the father of her third baby,12,51,0,0,1,0,0,0.4018422987549643,True
is paris jackson doing drugs amid scary family crisis debunked,10,2,0,1,1,1,1,0.8772212099706366,True
serena williams inspires her reddit co founder husband s career in tech and he says his marriage is a front row seat to greatness,24,63,0,0,1,0,0,0.32900930410415896,True
justin bieber dodges water bottle from crowd after refusing to sing despacito i don t even know it,18,57,0,0,1,0,1,0.5726324661422112,False
honeymoon in paradise new bride tara lipinski shows off her slim figure in the maldives,15,32,1,0,1,0,0,0.2718580965168771,True
oprah says god hasn t told her to run for president but wealthy men have,15,43,0,0,1,0,0,0.3617112583362119,True
jennifer garner dating chris pine after ben affleck divorce,9,5,0,1,1,1,1,0.9776112526375066,True
gianni versace s lover slams ricky martin s ridiculous portrayal,10,1,0,0,1,0,0,0.4728395293516599,True
kylie fuming over copycat sister kim s perfume launch,9,11,0,0,1,1,1,0.6371445213833091,True
quavo reportedly dumps karrueche for stripper girlfriend migos star blames chris brown for split,14,87,0,1,1,0,1,0.9214650544954676,False
kristen stewart goes barefoot on cannes red carpet in rebellion against heels only policy,14,52,0,0,1,0,0,0.46096179163679,True
kanye west diagnosed with a mental health condition at 39,10,26,0,0,1,0,0,0.23978739058433432,True
how kate middleton s first appearance with royal baby no 3 compares to george and charlotte s debuts,18,12,0,0,1,1,0,0.3976168180273307,False
o j simpson walks out of nevada prison after 9 years,11,99,0,0,1,0,1,0.7568137952897602,False
evan ross reveals he thinks ashlee simpson ross old mtv reality show is the sweetest thing in the world on ashlee and evan,23,47,0,0,1,0,0,0.11914911162607007,True
justin theroux pursuing emma stone following jennifer aniston split,9,6,0,1,1,1,1,0.9827255303185725,True
beyonc and jay z announce on the run ii dates,10,15,0,0,1,0,0,0.3583038761475392,True
hamptons celebrities homes see how the stars live,8,41,0,0,1,0,1,0.6220787132985712,False
breaking fox star tucker carlson in critical condition after head on collision driving home,14,49,0,0,1,1,0,0.4711689652417018,False
royal wedding details of harry and meghan s cake revealed,10,27,0,0,1,0,0,0.45241258475561247,True
kylie jenner is officially back on instagram with a sultry snapshot,11,0,0,0,1,0,0,0.44791554598487426,True
ariana grande is not calling off her wedding to pete davidson despite tabloid report,14,2,0,0,1,1,1,0.5658940314480404,True
mindy kaling b j novak s twitter exchange about cookie monster is exactly what you need to read today,19,76,0,0,1,0,0,0.21178816139120896,True
jimmy fallon the rock make a man cry while photobombing fans,11,61,0,0,1,0,0,0.23873243790787096,True
gore looking to turn idle fans into activists 3year ad campaign will feature enemies united on climate,17,0,0,0,1,0,0,0.2177479988357399,True
the sun metro pull fake justin bieber interviews,8,26,0,0,1,1,1,0.9565407566140716,True
dodgeball reunion ben stiller suits up omaze charity video,9,36,0,0,1,0,0,0.12383020224675065,True
gigi hadid zayn malik spotted kissing after split,8,0,0,0,1,0,1,0.5733905614821793,False
i m always going to be meg the sweet thing meghan markle told makeup artist pal before wedding,18,7,0,0,1,1,0,0.18306814484627415,False
ryan seacrest joins kelly ripa on live,7,968,0,0,1,0,1,0.6977008676762819,False
steven seagal is that you twitter roasts actor after live interview from russia,13,55,0,1,1,0,1,0.5362113484408902,False
selena gomez justin theroux may be more than just friends,10,12,0,0,1,1,1,0.8887539966415046,True
actor tom cruise proposes to girlfriend katie holmes at eiffel tower,11,10,0,0,1,1,1,0.9258395145936192,True
jennifer lawrence jokingly gives the middle finger at mother screening,10,55,1,0,1,0,0,0.3477606139871655,True
josh duhamel defends ex fergie s national anthem performance,9,112,0,0,1,0,0,0.4509082681539164,True
song review rihanna and drake s work off of anti embraces the joy of repetition,15,227,0,0,1,1,1,0.5445409624027766,True
grey s anatomy season 14 finale to feature jo and alex s wedding,13,44,0,0,1,0,0,0.05088136157158303,True
leann rimes and eddie cibrian fell in love on set of northern lights but at 40 what s happened to his career,22,1,0,1,1,1,1,0.6398769970064012,True
courteney cox flirting with brad pitt does jennifer aniston know report,11,24,0,1,1,1,1,0.9914926391520853,True
teflon tiger woods how a scandal plagued decade failed to sink the golf great heat celeb news,17,45,0,0,1,0,0,0.1939652937103926,True
espys voting best female athlete,5,1,0,0,1,0,0,0.3336013135183792,True
the real reason kate winslet is skipping the oscars according to a report,13,10,0,0,1,1,1,0.5990602668381425,True
kristen stewart and robert pattinson spark reconciliation rumors with l a sighting,12,9,0,0,1,1,1,0.9702325925359216,True
lexisnexis r publisher,3,30,0,0,1,0,0,0.3034416115827412,True
donald trump blasts kathy griffin for beheading photo,8,29,0,0,1,1,1,0.7806361906524859,True
jennifer garner slays the carpool lane in her daughter s scarf,11,38,0,0,1,0,0,0.3866314176682615,True
emma stone is on vacation with justin theroux in the south of france,13,12,0,0,1,1,1,0.7119715241823311,True
amanda seyfried is adoring life as a new mom,9,101,0,0,1,0,0,0.29416118380893685,True
the hidden message you probably missed in blake lively s met gala 2018 outfit,14,1,0,0,1,0,0,0.07885945962328327,True
kendall jenner was hospitalized before vanity fair oscars party,9,128,0,0,1,0,0,0.452568874605726,True
big little lies season 2 all the details so far,10,26,0,0,1,0,0,0.20629232910364462,True
the next adele america s got talent s mandy harvey responds to simon cowell s high praise,17,63,0,1,1,0,0,0.4526024501352335,True
justin theroux and jennifer aniston all you need to know about their split,13,29,0,0,1,1,1,0.913464126053873,True
the beautiful dark not so twisted love between sarah paulson and ryan murphy,13,19,0,0,1,0,0,0.27062082993960107,True
2016 can suck everything angelina jolie has filed for divorce from brad pitt,13,14,0,0,1,1,1,0.9870955578206373,True
how best friends busy philipps and michelle williams lean on each other through thick and thin,16,15,0,0,1,0,0,0.18313733506253096,True
gop official who says america needs another 9 11 shares with trump,12,0,0,2,1,1,1,0.8244271805635357,True
robin thicke s girlfriend shows off baby bump in bikini selfie already so in love with you,17,57,0,0,1,0,0,0.25372004275554844,True
kevin federline wants 60k in monthly child support from britney spears,11,53,0,0,1,1,1,0.6308031269359876,True
kourtney kim khloe kardashian celebrate the fourth of july in style,11,1,0,0,1,0,0,0.4082404913805093,True
a tale of two teen moms how amber portwood and farrah abraham s roller coaster romances keep us guessing,19,40,0,0,1,0,0,0.06001726302013348,True
every dress octavia spencer has worn on the red carpet this year,12,78,0,0,1,0,0,0.05470735412875462,True
is miley cyrus pregnant with liam hemsworth,7,228,0,1,1,1,1,0.954057252145484,True
2018 sag awards millie bobby brown sterling k brown and more react to their nominations,15,17,0,0,1,0,0,0.16141654430508184,True
kendra wilkinson and hank baskett settle divorce 6 months after filing report,12,22,0,0,1,0,0,0.33849664938839413,True
evil genius is a true crime show about the strangest bank robbery ever,13,14,0,0,1,0,0,0.1102831185057405,True
unbreakable kimmy schmidt plots end after 4 seasons with movie series finale,12,53,0,0,1,0,0,0.06486962195809462,True
ivanka trump us weekly cover memes,6,319,0,0,1,1,1,0.7916062837130476,True
frozen 2 release date disney sets a day for highly anticipated sequel,12,28,0,0,1,0,0,0.058956197767069736,True
katy perry s fan arrested for allegedly stalking the singer during her tour,13,79,0,0,1,0,0,0.22546859523976115,True
lorde accessorized her grammys gown with feminist poem flask,9,55,0,0,1,0,0,0.10938445122862041,True
disney princesses assemble for wreck it ralph 2 trailer,9,44,0,0,1,0,0,0.04278712112446249,True
jenna dewan,2,1,0,0,1,0,0,0.37516366815596364,True
arie luyendyk jr is ready for the bachelor backlash after his finale hopefully people will understand,16,17,0,0,1,0,0,0.0841099554399991,True
donald trump and other celebrities tweet about canada day,9,6,0,0,1,1,1,0.9321806085179131,True
the daily show with trevor noah,6,254,0,0,1,0,0,0.2705106208439629,True
tommy lee posts photo of bloodied lip after alleged fight with son,12,84,0,0,1,0,0,0.12175984297659313,True
margot robbie marries tom ackerley in secret wedding ceremony,9,62,0,0,1,1,1,0.505113832943561,True
matthew lewis strips off in itv drama girlfriends,8,51,0,0,1,0,0,0.4924625172145187,True
erykah badu in conversation,4,61,0,0,1,0,0,0.30131722916155956,True
what happens at the abbey star daniel says his hair is insured for 750000 watch,15,60,1,0,1,0,0,0.052688201683763716,True
amber heard s beau elon musk is a perfect gentleman on date night,13,40,0,0,1,0,0,0.06414363402412317,True
little luna legend makes very sweet appearance in new york,10,65,0,0,1,0,0,0.0761097326874962,True
botched patient ottavio wants the doctors to give him the ultimate pop star look on botched,16,24,0,0,1,0,0,0.05472003707606088,True
selena gomez and 13 reasons why castmates got matching tattoos,10,75,0,0,1,0,0,0.47836113003225833,True
camila cabello s first song since leaving fifth harmony leaks,10,38,0,0,1,0,0,0.12491873714826378,True
the best beauty looks on the met gala 2018 red carpet,11,101,0,0,1,0,0,0.014253904966577588,True
contact support,2,2,0,0,1,0,1,0.5056661579945632,False
bella thorne says scott disick s partying was too much for her during cannes fling he really drinks a lot,20,63,0,0,1,0,0,0.11578048658729051,True
ihop reveals the mystery of ihob,6,1,0,0,1,0,0,0.41803640255631713,True
how meghan markle has changed since her first appearance with prince harry 1 year ago,15,38,0,0,1,0,0,0.4689344359742738,True
kim kardashian s extreme 700 calorie diet plan for nude photo shoot,12,1,0,0,1,1,0,0.3398691798208658,False
khlo kardashian reveals she might give her baby girl a k name,12,38,0,0,1,0,0,0.30673394815698274,True
black mirror season 4 easter eggs that confirm it s a shared universe,13,0,0,0,1,0,0,0.14174720195589988,True
sofia vergara s casual saturday night included parrots mermaids and her modern family co stars,15,1,0,0,1,0,0,0.2741984090444343,True
jimmy kimmel s baby is all smiles and doing great after health scare,13,74,0,0,1,0,0,0.07831790858190525,True
dea just raided a united states senator,7,395,0,0,1,1,0,0.22215268435518315,False
kate middleton hospital,3,1014,0,0,1,1,1,0.5664717152403235,True
inside the sadness plaguing k pop,6,2,0,0,1,0,0,0.3306596733738616,True
how blake shelton and kelly clarkson made adam levine cry,10,23,0,0,1,0,1,0.6391058990525732,False
youtube star logan paul is ending his daily vlogs,9,41,0,0,1,0,0,0.05447973499587646,True
jane fonda celebrates her 80th birthday early by raising 1 3 million for charity tech2,15,65,0,0,1,0,0,0.04574238421819098,True
miley cyrus tears up discussing her 500 000 donation to harvey relief,12,6,0,0,1,0,0,0.35841000727480804,True
the arrangement sex scandal kyle agrees to sleep with a detective in order to protect,15,28,1,0,1,0,0,0.1426437300378686,True
tidal sending supplies to puerto rico amid hurricane recovery efforts,10,35,0,0,1,0,0,0.22870654204405533,True
ronnie ortiz magro jen harley drama everything we know,9,24,0,0,1,0,0,0.23392673657493845,True
who is sophia thomalla gavin rossdale s girlfriend german tv presenter and model,13,12,0,1,1,1,0,0.2506974754368016,False
tyrese gibson posts video of the rock dissing his black rose album,12,12,0,0,1,0,0,0.25091669870527333,True
sandra bullock is a golden peacock and more best dressed looks,11,66,0,0,1,0,0,0.1807380408008466,True
jordin sparks mourns death of her beloved dog in heartbreaking tribute post,12,51,0,0,1,0,0,0.2610722276540969,True
brad pitt and jennifer aniston busted over aspen reunion,9,4,0,0,1,1,1,0.9652187502716117,True
the crown season 2 what was prince charles really like as young boy and why did he hate gordonstoun,19,1002,0,2,1,1,1,0.6003658741744199,True
dale jr amy share first photos of newborn baby,9,2,0,0,1,0,0,0.25979576565044604,True
fifth harmony s normani kordei handles falling on stage like a boss,12,102,0,0,1,0,0,0.11958429969745403,True
lindsay lohan channels grace kelly s iconic look and gives career update,12,108,0,0,1,0,0,0.4002277099003273,True
kylie jenner why she finally broke down hired nannies for stormi after insisting she wouldn t,16,37,0,0,1,1,0,0.4248946745328553,False
why did selena gomez and justin bieber break up,9,235,0,1,1,1,1,0.9585233118727293,True
regina king reveals a this is us detail,8,13,0,0,1,0,0,0.07492883601085892,True
kate plus 8,3,85,0,0,1,0,0,0.3649554770432033,True
gayle king reveals the absolute best gift oprah winfrey ever gave her,12,21,0,0,1,0,0,0.07639409207940978,True
jetsons live action series lands put pilot order at abc variety,11,24,0,0,1,0,0,0.17418619861037135,True
time person of the year,5,1540,0,0,1,1,0,0.15430839077493244,False
kylie jenner denies kris jenner is managing kanye west and travis scott this isn t true,16,4,0,0,1,1,1,0.9183187002216225,True
11 best fourth of july sales for 2017,8,81,0,0,1,0,0,0.4761746100696495,True
why emma roberts and more love gymshark the viral athleisure brand,11,108,0,0,1,0,0,0.34336118359013534,True
justin bieber breaks his silence on hailey baldwin engagement,9,78,0,0,1,0,0,0.4850019665107246,True
oscars 2018 jennifer lawrence lauded for juggling wine while leaping over chairs,12,46,0,0,1,0,0,0.2254660960165507,True
exclusive kate beckinsale dating 21 year old actor matt rife see their steamy pda,14,88,1,0,1,0,1,0.6332792411788376,False
sarah hyland and bachelorette star wells adams spark dating rumors with matching halloween costumes,14,42,0,0,1,0,0,0.1300518026353417,True
vicki gunvalson reflects on brooks ayers drama he wasn t a monster the real housewives,15,55,0,0,1,0,0,0.11037533428287274,True
11 surprising celebrity couples who broke up before ultimately getting married and are still together,15,28,0,0,1,0,0,0.32763257252751704,True
padma lakshmi supports top chef contestant with cancer,8,23,0,0,1,0,0,0.10607723067328174,True
barbra streisand s dog bit pierce brosnan after hearing him sing,11,22,0,0,1,0,0,0.1639858219146785,True
the real housewives of new jersey are as tough as ever get a sneak peek of their sassy taglines,19,64,0,0,1,0,0,0.04797991355345731,True
star jones marries fianc ricardo lugo on a cruise ship,10,166,0,0,1,0,0,0.10828250246473521,True
kris jenner spends 8 000 on khloe kardashian s nursery all the details,13,14,0,0,1,0,1,0.615311714025663,False
bachelor nick viall makes his acting debut on speechless,9,17,0,0,1,0,0,0.15804006880151436,True
ultimate betrayal jennifer aniston s bff is still hanging with justin theroux,12,7,1,0,1,1,1,0.8629271628155091,True
too close for comfort jennifer lopez might take a break from alex rodriguez,13,13,0,1,1,1,1,0.9112455600116028,True
the magicians finale recap have you brought me little cakes,10,44,0,0,1,0,0,0.069047459490193,True
skippy skippyisheretostay prince harry fears meghan markle will be runaway,10,4,0,0,1,1,1,0.7705959227516996,True
destiny s child s michelle williams thanks fans for support amid depression battle,13,41,0,0,1,0,0,0.2874208667738104,True
the best years,3,30,0,0,1,0,0,0.1739965308641657,True
meet the married at first sight season 6 cast,9,36,0,0,1,0,0,0.028190891515599604,True
audrina patridge speaks out after filing restraining order,8,0,0,0,1,0,0,0.17597148794489792,True
the world s highest paid women in music 2018,9,51,0,0,1,0,0,0.24691475607211935,True
della reese memorial held former co star roma downey reveals,10,76,0,0,1,0,0,0.09164205586707765,True
the daily show s michelle wolf lands her own netflix late night show exclusive,14,36,0,0,1,1,0,0.18343134295626082,False
are travis scott and kylie jenner married,7,197,0,0,1,1,1,0.8277950297375841,True
sandra bullock s stalker found dead after standoff with swat team,11,15,0,0,1,0,1,0.6810360712652794,False
here s how to get meghan markle s signature beauty look here in dubai,14,112,0,0,1,0,0,0.26628217062013754,True
derek hough on julianne s wedding i witnessed my baby sister marry the man of her dreams,17,73,0,0,1,0,1,0.5993830611419627,False
enrique iglesias and anna kournikova welcome twins report,8,683,0,0,1,0,1,0.7951974289490402,False
dancing with the stars pros jenna johnson and val chmerkovskiy are engaged,12,155,0,0,1,0,0,0.4609746456967328,True
texas church shooter was a militant atheist,7,68,0,0,1,1,1,0.6353595322443106,True
from fuller house to fullest house to the golden girls,10,31,0,1,1,0,0,0.3091896517529395,True
oprah winfrey says she is waiting for sign from god to run for us president,15,31,0,0,1,1,0,0.2810267846870596,False
eva mendes shares her beauty and fitness tips in the april issue of shape,14,126,0,0,1,0,0,0.1640974182737013,True
ryan seacrest 43 packs on the pda with girlfriend shayna taylor 26 during getaway in italy,16,1,0,0,1,0,0,0.4305576522530431,True
what are the best hair extensions for thin hair,9,0,0,1,1,0,0,0.16485803256580212,True
iheartradio fiesta latina 2017 watch the livestream featuring camila cabello cnco ricky martin and more stars,16,44,0,0,1,0,0,0.0668445876402024,True
photobombs to teary eyes all the viral moments from the royal wedding,12,52,1,0,1,0,0,0.23496759132614128,True
stephen colbert welcomes hillary clinton back to the late show on tuesday sept 19,14,66,0,0,1,0,0,0.39064394246509565,True
why julia louis dreyfus finn wolfhard and more stars were mia at the 2018 sag awards bnn,17,10,0,0,1,0,0,0.10339309789832307,True
nicki minaj responds to nas dating rumors,7,61,0,0,1,0,1,0.6051316448442742,False
brad pitt and angelina jolie s divorce stalls again his relationship with neri oxman to blame,16,6,0,1,1,1,1,0.9817059885092271,True
stephen fry reveals he has aggressive prostate cancer,8,48,0,0,1,0,0,0.12928650856150514,True
this is us season 3 see the first photo from set,11,46,1,0,1,0,0,0.08067867889944794,True
chrissy teigen wears salad emojis on instagram,7,55,0,0,1,0,0,0.04785179070912638,True
steven spielberg won t watch his own films except for this one,12,934,0,0,1,0,0,0.2332526910963828,True
what bachelorette s rachel lindsay is wearing to find love,10,79,0,0,1,0,0,0.17181538163106055,True
did aaron rodgers family feud carry over to christmas,9,62,0,1,1,0,1,0.7368048051355341,False
kim kardashian blames herself for paris robbery doesn t want kanye west to replace her 4 5m ring,18,36,0,0,1,1,1,0.7404465483541521,True
23 galentine s day gift ideas under 20 that are perfect for all the gal pals in your life,19,85,0,0,1,0,0,0.1690765160452879,True
kandi burruss says nene leakes husband gregg is in great spirits after cancer diagnosis,14,13,0,0,1,0,0,0.12920197111079673,True
sofia richie,2,47,0,0,1,0,1,0.7501410728496365,False
gwen stefani supporting blake shelton to kick katy perry american idol s butt in ratings war,16,17,0,0,1,1,1,0.9130626651849233,True
princess diana wasn t forgotten at the royal wedding her sons still mourn her death,15,63,0,0,1,0,0,0.2908306556476122,True
katy perry adds noah cyrus to opening act lineup,9,303,0,0,1,0,0,0.32206780692399384,True
in the age of trump comfort food tv is working,10,84,0,0,1,0,1,0.562228977788531,False
travis scott,2,78,0,0,1,0,1,0.7343671556123599,False
chris soules had no alcohol in system after crash negative for drugs,12,71,0,0,1,1,0,0.4243323640908334,False
brie bella,2,0,0,0,1,0,0,0.06708745393589129,True
sofia vergara and joe manganiello address divorce rumors,8,1,0,0,1,0,1,0.6717895346396063,False
riverdale star in late night car crash after working 16 hour day,12,23,0,0,1,0,0,0.12151197915720405,True
kayla cox shares a shocking secret with faven liuget on wags miami what she told me is crazy as f k,21,47,1,0,1,0,0,0.1562064669654125,True
sara haines,2,74,0,0,1,0,0,0.38092437887795877,True
michael che and colin jost host the 2018 emmy awards,10,14,0,0,1,0,0,0.23777902607335663,True
met ball 2013 emma watson struggles with her long dress train on the red carpet,15,30,0,0,1,0,0,0.10247415479516855,True
john stamos fiancee debuts baby bump on instagram see the pic,11,106,0,0,1,0,0,0.16763836904600526,True
elizabeth banks net worth,4,59,0,0,1,1,0,0.2839234868522268,False
kim kardashian cozies up to kanye west on birthday trip to japan,12,86,0,0,1,0,1,0.6539166254343229,False
christina aguilera is pretty in pink at birthday party that includes a real housewives twister mat,16,43,1,0,1,0,0,0.0829436432106284,True
why khloe kardashian fans will never forgive tristan thompson,9,65,0,0,1,0,1,0.7193092137198364,False
lindsay lohan defends harvey weinstein says georgina chapman should be there for her husband,14,64,0,0,1,0,0,0.3221800103384765,True
jennifer lopez and alex rodriguez heat up the dance floor in the dominican republic,14,17,0,0,1,0,1,0.7032945821180512,False
meghan markle was a briefcase model on deal or no deal,11,21,0,0,1,0,1,0.5655968518206937,False
very cavallari shannon and brittainy offer taylor a job at uncommon james and kristin cavallari is not here for it,20,3,0,0,1,0,0,0.06829825666720103,True
meet ines rau playboy s first transgender playmate,8,184,0,0,1,0,0,0.10153214084909312,True
game of thrones season 8,5,15,0,0,1,0,0,0.06788870726581471,True
honestly chic shop 15 outfits from jessica alba s california casual pregnancy style,13,115,1,0,1,0,0,0.1980289105774325,True
khlo kardashian just changed her hair color again,8,28,0,0,1,0,0,0.27568068382498156,True
katy perry and orlando bloom back together 11 months after split claim friends,13,26,0,0,1,1,1,0.6999222752740932,True
rose mcgowan says she was the architect of weinstein s downfall in bizarre colbert interview,15,23,0,0,1,0,0,0.07579367596754209,True
jennifer lawrence reveals she and bff emma stone texted every single day for a year,15,3,0,0,1,1,0,0.19564436080673375,False
what is the longest english word,6,49,0,1,1,0,0,0.288718198643284,True
angelina jolie it s strange i never wanted to have a baby,12,63,0,0,1,1,1,0.8204378180047415,True
taraji p henson s makeup pro shares how to get rid of peach fuzz fast,15,28,0,0,1,0,0,0.10697843583513862,True
the biggest celebrity feuds of 2017,6,41,0,0,1,1,1,0.694024747297331,True
leonardo dicaprio foundation donates 1m for harvey relief,8,73,0,0,1,0,1,0.6069091536538103,False
julia stiles marries fiance preston j cook in shotgun wedding,10,83,0,0,1,0,0,0.24471822967396564,True
jimmy kimmel s baby boy helped end his longtime feud with jay leno jay and i have made peace,19,33,0,0,1,0,0,0.1884312925848202,True
bella hadid beams during tokyo trip with the weeknd,9,66,0,0,1,0,0,0.3405235897856088,True
get ready muggles the harry potter movies are coming to hbo,11,58,0,0,1,0,0,0.10704938555024034,True
chris young dedicates his first performance since the las vegas massacre to those killed injured,15,44,0,0,1,0,0,0.20259692366885945,True
hencha voigt gets cozy with astrid bavaresco s man on wags miami,12,57,0,0,1,0,0,0.134920783773914,True
why fans are upset about kim kardashian s comments on her own body,13,1020,0,0,1,1,1,0.7207069892809691,True
rachel brosnahan shares video of kate spade in happier times as she pays tribute to her aunt,17,50,0,0,1,0,0,0.05007499596440562,True
did kevin bacon really say we re blessed with trump presidency,11,354,0,1,1,1,1,0.863177432486378,True
deborra lee furness net worth,5,0,0,0,1,0,0,0.2924363719884744,True
idris elba s biggest turn on great skin,8,34,0,0,1,0,0,0.23645226538617736,True
prince william surprises with new shaved head,7,29,0,0,1,0,0,0.217688317822419,True
bobbi kristina brown,3,19,0,0,1,0,0,0.4711599233824109,True
rita ora kisses cardi b in the new video for controversial track girls,13,101,0,0,1,0,0,0.09478529368204859,True
emmy awards 2017 stars getting ready,6,9,0,0,1,0,0,0.3404039622899556,True
when will claws season 2 be on hulu,8,10,0,1,1,0,0,0.04320910338699733,True
miley cyrus helps the voice contestant find housing after cancer battle,11,28,0,0,1,0,0,0.27499112288379335,True
see brie bella s gruelling 21 hour labor on total bellas season finale,13,1,0,0,1,0,0,0.02430913652644946,True
olympics opening ceremony 2018 time place and how to watch,10,38,0,0,1,0,0,0.024042877878958382,True
writer jenny lumet russell simmons sexually violated me guest column,10,52,0,0,1,0,0,0.16090699433983394,True
total divas recap nattie s family issues paige gets a makeover more,12,1,0,0,1,0,0,0.11092780470035261,True
bruce jenner tells diane sawyer i am a woman full interview blog,12,71,0,0,1,0,1,0.6232227814845208,False
celebrities in comme des garcons an ode to rei kawakubo s fashion brand,13,55,0,0,1,0,0,0.3302188600430084,True
why isn t gwen stefani coaching the voice season 13 she could come back before you know it,18,1020,0,1,1,1,1,0.8321631490167621,True
here s how much jay z is worth and how he makes money,13,0,0,0,1,1,0,0.19269485278707124,False
everything meghan markle wore on her royal tour,8,27,0,0,1,0,0,0.35292096131029554,True
ruby rose claps back at tabloids for criticizing her acne and weight,12,21,0,0,1,0,0,0.23551995175177692,True
january 21 2018 digviral com,5,15,0,0,1,0,0,0.15569550457661907,True
taylor swift s enemies joining forces against her gossip cop,10,18,0,1,1,1,1,0.9422587345289245,True
jennifer lopez is questioning her future with a rod after cheating allegations exclusive,13,5,0,0,1,1,1,0.8600058406709626,True
jerry o connell busts out his comedy chops to spoof steve harvey s now infamous staff memo,17,0,0,0,1,0,0,0.2764513857502593,True
pregnant kate middleton competes with prince william in a hockey shootout,11,28,0,0,1,0,1,0.7420952026507619,False
battle of the sexes review emma stone aces it in tennis s biggest grudge match,15,45,0,0,1,0,0,0.40269655352484335,True
kim kardashian west parts ways with assistant stephanie shepherd they aren t really speaking,14,0,0,0,1,0,0,0.4013193432739646,True
justin bieber didn t want to steal selena gomez s spotlight by attending billboard event,15,18,0,0,1,1,1,0.8157982101423251,True
truth or trash is beyonc being too cheap has jessica biel already started teaching her son about sex,18,3,2,2,1,0,1,0.873622260846226,False
pink picks the 5 best songs she s ever written,10,1,0,0,1,0,0,0.16304766426771386,True
inside the fabulous first year of george and amal clooney s twins,12,5,0,0,1,1,1,0.6268781631417603,True
ghosts of the past 5 haunted royal residences,8,19,0,0,1,1,0,0.26322532649682423,False
oprah leaves super fan tiffany haddish in tears after surprising her on ellen watch,14,74,0,0,1,0,0,0.0552391308933134,True
james corden on barcelona we can t let terror attacks become accepted as normal,14,45,0,0,1,0,0,0.14680127911471352,True
demi lovato walks amas red carpet with trans lawmaker danica roem,11,17,0,0,1,0,0,0.16305760592402915,True
kim kardashian speaks out about khlo kardashian and tristan thompson s relationship status,13,44,0,0,1,1,1,0.6698191903332603,True
have you seen tom from myspace lately,7,52,0,1,1,0,1,0.6033216060453906,False
mike the situation reveals he was using during jersey shore italy,11,43,0,0,1,0,0,0.21156377761705575,True
julia roberts danny moder divorce on hold,7,21,0,0,0,1,1,0.9604331860170454,True
john hagee calls for prosecuting women who say god s name during intercourse,13,453,0,0,1,1,0,0.42711738856491277,False
this phil of the future reunion photo was everything we needed today,12,1,0,0,1,0,0,0.26331697399811427,True
r c hospital board meeting report,6,64,0,0,1,0,1,0.5317004669952788,False
john cena nikki bella inside their canceled nuptials on what would have been their wedding day,16,2,0,0,1,0,0,0.05887156361287493,True
pink just donated a huge amount of money to harvey relief,11,87,0,0,1,0,0,0.32683462240641387,True
blake lively is the bff you never wanted in new a simple favor trailer,14,16,0,0,1,0,0,0.18365748632052473,True
the 10 most american songs ever,6,0,0,0,1,0,0,0.41749170214382064,True
the queen scolded prince william for kneeling on the palace balcony,11,23,0,0,1,1,1,0.5213852623278188,True
jared leto angelina jolie he regrets letting her slip away after secret fling,13,32,0,0,1,1,1,0.8375146990353222,True
dax shepard performs sexy serenade for ellen degeneres 60th birthday,10,26,0,0,1,0,0,0.20908041076522837,True
stranger things star millie bobby brown breaks down while accepting best actor in a show award at 2017 mtv movie tv awards,22,40,0,0,1,0,0,0.01555578227548287,True
watch married at first sight s shawniece and jephte argue inside a corn maze,14,65,0,0,1,0,0,0.09528828255482531,True
kourtney kardashian reveals her healthy summer meal plan,8,13,0,0,1,0,0,0.2093641199979424,True
three 1 step upgrades that will take your half up ponytail from day to night,15,10,0,0,1,0,0,0.15992125532835988,True
all citizens who want to receive gvt benefits must agree to be microchipped in the near future,17,92,0,0,1,1,0,0.4512010867478616,False
confirmed justice ruth bader ginsburg is resigning from the post of associate justice of the supreme court,17,181,1,0,1,1,0,0.37657969961952326,False
how joining the real housewives changes your life parker xl,10,24,0,0,1,0,0,0.1489241900047852,True
taylor swift drunk dials her ex,6,14,0,0,1,1,1,0.6059431519573842,True
ciara and russell wilson welcome sienna princess,7,305,0,0,1,1,0,0.21654073551384048,False
breathe review andrew garfield fronts poignant biopic of wheelchair pioneer,10,44,0,0,1,1,0,0.23628138665615303,False
keith urban john mayer and more musicians react to gregg allman s death my heart breaks today,17,14,0,0,1,1,1,0.7174612675837113,True
jessica chastain molly s game,5,1167,0,0,0,1,1,0.6895062994159822,True
angelina jolie talks brad pitt bell s palsy in vanity fair cover story,13,1,0,0,1,0,1,0.8919456185559207,False
lisa kudrow lohan s team thought the comeback was a reality show,12,22,0,0,1,0,1,0.506354224040203,False
photos growing up clooney photos,5,59,0,0,1,0,0,0.18607427050078215,True
selena gomez slams beauty myth in instagram video,8,49,0,0,1,0,0,0.4396736425194526,True
how will roseanne revive dan conner with stem cells and vodka according to john goodman,15,15,0,1,1,0,0,0.25960717786569987,True
meryl streep kate winslet and glenn close speak out on harvey weinstein,12,27,0,0,1,0,1,0.5215875741976345,False
carrie underwood shares wrist x ray two months after injury i m good to go,15,0,1,0,1,0,0,0.08925727293666877,True
where s my show world series game 7 bumps law order svu criminal minds and more,16,53,0,1,1,0,0,0.32565320683274207,True
kim cattrall says sex and the city stars are toxic,10,11,0,0,1,1,0,0.17615876322331367,False
oscars 2019 contenders movies on academy radar so far,9,45,0,0,1,0,0,0.40046224224793925,True
baby bombshell caitlyn girlfriend sophia s top secret adoption revealed,10,2,1,0,1,1,1,0.7912404503647127,True
matt lauer is fighting to save his marriage with annette roque source says,13,14,0,0,1,0,1,0.7546449470862222,False
national enquirer claimed richard simmons was transgender now he s suing,11,21,0,0,1,1,0,0.18324205617155986,False
pippa middleton s honeymoon hotel is named after a famous american actor,12,0,0,0,1,0,0,0.36424551528307614,True
is maroon 5 playing the super bowl halftime show it looks like it,13,46,0,1,1,0,0,0.3961079382579232,True
shawn mendes and hailey baldwin s relationship timeline,8,53,0,0,1,0,0,0.21545458058930794,True
marvel studios when does each actor s contract expire,9,78,0,1,1,0,0,0.39369898231143946,True
halle berry dared channing tatum to dress like a princess and sing let it go and he went for it,20,21,0,0,1,0,0,0.34574089737279246,True
this guy s mug shot led to a modeling career,10,36,0,0,1,0,0,0.3903677188517163,True
watch alden ehrenreich perfectly mimic chewbacca s voice,8,33,0,0,1,0,0,0.23841204365857974,True
exclusive property brothers star drew scott talks wedding planning with linda phan she s always,15,104,0,0,1,0,1,0.593249075559234,False
tiffany haddish paves her own way to hosting 2018 mtv movie tv awards in new promo exclusive,17,10,0,0,1,0,0,0.04617660907272417,True
kevin hart turned his malibu backyard into a winter wonderland for his kids see it,15,67,0,0,1,0,0,0.4161767664477456,True
yogaesoteric macaulay culkin satanic hollywood execs ritually murder child actors,10,600,0,0,1,1,0,0.49626931034878075,False
tori and dean 11 years 5 kids and all the ups and downs in between,15,60,0,0,1,0,0,0.16139542911958873,True
prince harry i sought counselling after 20 years of not thinking about the death of my mother diana and two years of total chaos in my life,27,16,0,0,1,0,0,0.3085951225259105,True
bachelor in paradise star says scandal wouldn t have happened if he were white,14,65,0,0,1,0,0,0.07563464518375282,True
jessie james decker,3,52,0,0,1,0,0,0.06679154964524513,True
madeleine mccann s parents vow to do whatever it takes to find her,13,0,0,0,1,0,0,0.24765672194797117,True
2017 teen choice awards,4,224,0,0,1,0,0,0.20641531631723797,True
melania trump s most stylish first lady moments,8,25,0,0,1,0,0,0.2857836271563291,True
saturday savings julianne hough s platform shoes are 50 off,10,87,0,0,1,0,0,0.0859262090963843,True
mccain s death bed secret just came out about who he killed after skeleton suddenly resurfaces,16,2,0,0,1,1,1,0.6578673855421003,True
see inside mila kunis and ashton kutcher s 10 million beach house,12,1,0,0,1,0,0,0.47615365815071425,True
watch star wars super fan adam scott s childhood dreams come true with a surprise from mark hamill,18,47,0,0,1,0,0,0.14060583011554656,True
prince william harry to rededicate princess diana s grave on her birthday,12,1,0,0,1,0,0,0.36284536006096274,True
amber heard feels being a role model is a burden the siasat daily,13,20,0,0,1,0,0,0.18821293389883928,True
planned parenthood action center,4,474,0,0,1,0,0,0.16334465717104568,True
rihanna shades helena bonham carter s fashion to her face,10,1,0,0,1,0,0,0.309262996736541,True
john hagee discusses catholic church,5,0,0,0,1,0,0,0.34149825021122193,True
watch kanye west s american idol audition,7,984,0,0,1,1,1,0.7669821523122432,True
17 things you need to know before visiting waco texas,10,34,0,0,1,0,0,0.32130326793284214,True
katharine mcphee celebrates david foster s birthday amid dating rumors,10,18,0,0,1,0,0,0.3549297269369189,True
catherine duchess of cambridge,4,977,0,0,1,1,1,0.5657951639643916,True
22 questions about the jersey shore family vacation premiere,9,15,0,0,1,0,0,0.08205518933089176,True
robert pattinson rihanna going on secret dates secret dates,9,10,0,0,0,1,1,0.9785599554009149,True
sofia richie freaking out about scott getting back with kourtney kardashian,11,10,1,0,1,1,1,0.8414363325169635,True
john cena and nikki bella break up relive their unforgettable love story,12,75,0,0,1,0,0,0.10342000798603396,True
jessica chastain wedding photos shamefully published in touch,8,3,0,0,0,1,0,0.474999793701771,False
niall horan and hailee steinfeld a timeline of their relationship,10,89,0,0,1,0,0,0.31230884183813945,True
ben affleck dines with playboy model after rumored lindsay shookus split,11,2,0,0,1,1,1,0.6384072324421077,True
america s got talent a techno magician a daredevil clown and a teenage singer impress the judge,17,17,0,0,1,0,0,0.3818109562991953,True
ed sheeran is honoured with an mbe at buckingham palace,10,30,0,0,1,0,0,0.2422027791444597,True
sienna miller turned down tom cruise,6,7,0,1,1,1,1,0.8539592024321483,True
see the hilarious christmas gift jennifer lawrence gave her bff kris jenner,12,74,0,0,1,0,0,0.3454807243736908,True
dirty dancing how the tv remake compares to the original,10,46,0,0,1,0,0,0.0887877239246853,True
kylie jenner and kendall jenner skincare routine reviews,8,51,0,0,1,0,1,0.5931034195174184,False
team usa s olympic uniforms are wearable heaters,8,1,0,0,1,0,0,0.16342508953629437,True
jamie foxx spends the day with katie holmes and suri cruise,11,11,0,0,1,1,1,0.9370955603555906,True
mary j blige ordered to pay 30 000 a month in temporary spousal support report,15,70,0,0,1,0,1,0.7474157150724445,False
jim carrey robert de niro lead celebrity tributes to jerry lewis he didn t miss a beat or a punchline,20,6,0,0,1,1,0,0.4926653130588721,False
wonder woman among afi s top movies tv shows for 2017,11,34,0,0,1,0,0,0.121518215049705,True
twitter reacts to gucci models carrying replica heads harry potter jokes puns more,13,39,0,0,1,0,0,0.2710404657119655,True
demario jackson calls chris harrison an a hole listen,9,66,0,0,1,0,0,0.2815519486794408,True
the most outrageous taco bell menu items of all time,10,79,0,0,1,0,0,0.0499788359840052,True
bryan cranston does an impression of kevin hart freaking out,10,17,0,0,1,0,0,0.4705455391465062,True
katy perry s best candid and tmi moments from her live stream,12,99,0,0,1,0,0,0.37028389132307404,True
selena gomez s favorite sneakers,5,56,0,0,1,0,0,0.44423543785464575,True
draymond green kobe bryant kevin love and more read mean tweets nba edition on jimmy kimmel live,17,55,0,0,1,0,0,0.17835310271637686,True
how grey s anatomy star ellen pompeo went from barely paying rent to earning 20 million a year,18,43,0,0,1,0,0,0.11844586860975614,True
deep throat download hq porn,5,8,0,0,1,1,0,0.4504845416490729,False
inside eva longoria s star studded pj themed baby shower,10,63,0,0,1,0,0,0.152895896508817,True
prince william kate middleton bring the kids to trooping the colour parade,12,88,1,0,1,0,1,0.5890071139561024,False
married at first sight us star jonathan is divorcing his wife molly,12,13,0,0,1,0,0,0.09486595330241705,True
jennifer aniston s short marriage to justin theroux is over,10,5,0,0,1,1,1,0.9737731017517645,True
prince george news why does prince george only wear shorts,10,3,0,1,1,1,1,0.5452098404338175,True
bachelor in paradise 2016 finale ultimate spoilers winners the winning couples revealed will there be a proposal and engagement,19,40,0,1,1,0,0,0.13049200867420363,True
gary oldman wins best actor for darkest hour at oscars,10,51,0,0,1,0,0,0.2921725239132821,True
lucky charms is adding a magical unicorn to its marshmallow rainbow,11,53,0,0,1,0,0,0.2648343162520057,True
inside meghan markle s new life with prince harry the honeymoon honoring princess diana and plans for a royal baby l a style magazine,24,10,0,0,1,0,0,0.47349406991596044,True
kate had pickles delivered to kensington palace to satisfy pregnancy,10,6,0,0,1,1,1,0.6504071500300784,True
titanic reunion leonardo dicaprio kate winslet and billy zane reunite for charity auction,13,46,1,0,1,0,1,0.5761986870036454,False
jennifer lopez s daughter emme is working on a book deal,11,19,0,0,1,0,1,0.5562252178803649,False
tv scoop awards 2017 vote for the saddest cancellation and best series finale now,14,112,0,0,1,0,0,0.03720242454539005,True
the kendall jenner approved winter jacket that ll actually keep you warm,12,54,0,0,1,0,0,0.3860399295268652,True
teresa giudice opens up about her dinner with divorce lawyer,10,37,0,0,1,0,1,0.5433404415452295,False
the end of a kardashian era within the decision to close dash and the expansion of the family brand tech2,20,112,0,0,1,0,0,0.3131750884974077,True
alec baldwin responds to donald trump on twitter,8,46,0,0,1,0,1,0.7442172885527755,False
how well do you know the bachelorette rachel lindsay,9,40,0,1,1,0,1,0.5018027667900581,False
angelina jolie missed royal wedding because her kids not invited,10,2,0,0,1,1,1,0.6279605792827563,True
brittainy taylor and shannon ford s feud gets explosive at the worst possible time on very cavallari,17,12,1,0,1,0,0,0.3464023425148536,True
contact support,2,68,0,0,1,0,1,0.5136902600896937,False
paris jackson goes casual in sweats at daily front row fashion media awards during nyfw,15,112,0,0,1,0,0,0.2307668532724599,True
pink carey hart s sweetest family pics,7,68,0,0,1,0,0,0.33858978163543463,True
oscar isaac named his son after his late mother,9,75,0,0,1,0,0,0.21204636779337976,True
tips on how to wear a jean jacket with any outfit,11,74,0,0,1,0,0,0.05552920009284317,True
lupita nyong o sandra bullock jane fonda and more to present at 2018 academy awards,15,2,0,0,1,0,0,0.23102929840569364,True
ryan murphy is donating all pose profits to lgbt charities,10,24,0,0,1,0,0,0.207905463282793,True
the text that changed everything for j lo and a rod,11,10,0,0,1,1,1,0.5818764226001131,True
13 reasons why premiere party canceled after school shooting,9,40,0,0,1,0,0,0.3256660582577395,True
jennifer lawrence says mother led to darren aronofsky split,9,792,1,0,1,0,1,0.6459236289448396,False
khloe kardashian fears she can t get pregnant after fertility doctor delivers bad news,14,24,0,0,1,0,0,0.47161303362574264,True
beyonc showcases sexy outfits at coachella all about her styles,10,84,0,0,1,0,0,0.1997985559130089,True
zoe saldana wearing leather pants,5,66,0,0,1,0,0,0.13330864511989346,True
omarosa asked on celebrity big brother if she had sex with trump,12,126,0,0,1,0,1,0.5222235638414903,False
kylie jenner stiffed by kardashians,5,13,0,0,1,1,1,0.8145825309959582,True
john mccain for president,4,12,0,0,1,0,0,0.22863333734733615,True
here s what matt damon said about metoo and the backlash that followed,13,73,0,0,1,0,0,0.23154617142959658,True
brad pitt talks divorce quitting drinking and becoming a better man,11,2,0,0,1,0,1,0.8797051778968981,False
jenni rivera was honored with a boutique grand opening,9,1,0,0,1,0,0,0.15593285679061825,True
trump s latest order bans majority of transgender troops from serving,11,2,0,0,1,1,1,0.5788293667971978,True
does blake shelton have a drinking problem new details about the fall he took on stage after drinking a lot,20,0,0,1,1,1,1,0.7021474097921475,True
kaley cuoco pregnant big bang theory actress and husband buy new home,12,1,0,1,1,1,1,0.83280437393816,True
kim kardashian reveals that north hardly talks to brother saint,10,44,0,0,1,0,0,0.27116071839765044,True
angelina jolie accuses brad pitt of not paying enough child support,11,115,0,0,1,1,1,0.9507954023158083,True
here s how emma stone gained 15 pounds of muscle for battle of the sexes,15,128,0,0,1,0,0,0.4829415246033266,True
gigi hadid showers zayn malik with love in 25th birthday tribute therompdev,12,16,0,0,1,0,0,0.34322309303643783,True
matt lauer and wife are seen without wedding rings her dad says she plans a divorce,16,27,0,0,1,0,0,0.42886670296882706,True
face the nation transcripts august 26 2012 rubio priebus barbour blackburn,11,9,0,0,1,0,0,0.26200071099089806,True
johnny depp settles lawsuit against his former business managers,9,64,0,0,1,1,1,0.5043970606519002,True
the real housewives of new york city,7,0,0,0,1,0,0,0.13756111872567792,True
allison williams on saying goodbye to girls how it gave her confidence to be patient,15,65,0,0,1,0,0,0.133055885193457,True
harry styles taylor swift texting after his nadine leopold split,10,55,0,0,1,1,1,0.819186171013249,True
brooklyn decker and andy roddick welcome baby no 2 cbs news 8 san diego ca news station kfmb channel 8,20,24,1,0,1,0,0,0.16053890572408147,True
jay z calls meek mill s prison sentence unjust and heavy handed,12,0,0,0,1,0,1,0.617372881063909,False
shailene woodley kisses beau ben volavola from sidelines,8,20,0,0,1,0,0,0.30311073311686987,True
how much did pippa middleton s wedding cost,8,20,0,1,1,0,0,0.4767927404153528,True
how michelle pfeiffer became unhireable and what led to her comeback,11,13,0,0,1,0,0,0.35471112747817357,True
is nicole kidman taking pole dancing class to boost her sex life with keith urban,15,0,0,1,1,1,1,0.9233811660455182,True
the weeknd announces opening acts for fall tour is selena gomez joining him,13,6,0,1,1,1,1,0.748997637523832,True
chrissy teigen recalls meltdown on john legend s video set,10,0,0,0,1,0,0,0.20715583979129448,True
the kardashians are desperately trying to rescue kylie jenner s new show after it s slammed as the fakest reality show ever,22,17,0,0,1,1,1,0.7974863537455426,True
descendants 2 cast talks bigger sets and musical numbers at disney channel premiere,13,55,0,0,1,0,0,0.06200351597524571,True
rihanna not engaged secret plans to elope secret plans to elope is madeup,13,0,0,0,0,1,1,0.9773945638078814,True
13 reasons why co stars and more celebrate love at 2018 new york city lgbt pride march,17,52,0,0,1,0,0,0.14563426624465803,True
game of thrones star teases how the series will end,10,72,0,0,1,0,0,0.051062803100833276,True
brie bella suffered mom guilt after bottle feeding birdie,9,12,0,0,1,0,0,0.06575416005450879,True
michelle williams is engaged to andrew youmans,7,223,0,0,1,0,0,0.3225771401426246,True
julia louis dreyfus first post op photo in her battle with breast cancer is classic julia,16,0,0,0,1,0,0,0.2519816722341715,True
keith urban awkward on accepting praise for nicole kidman,9,6,0,0,1,1,1,0.7888269080001432,True
kylie jenner gets wild warning from stormy daniels your baby s gonna be trouble with that name,17,15,0,0,1,1,1,0.6556866093116351,True
usweekly,1,18,0,0,1,0,0,0.31292158787655233,True
gwen stefani wanted for cooking show,6,12,0,0,1,1,1,0.7917474559143497,True
serena williams enjoys surprise filled girlie bridal shower in miami,10,4,0,0,1,0,0,0.10130681805613724,True
there s another choice gov gary johnson medium,8,0,0,0,1,0,0,0.19166206464319652,True
see kylie jenner cause a major frenzy after crashing a fan s prom on life of kylie i don t believe this,22,62,1,0,1,0,0,0.25693737969040564,True
georgina chapman on life after harvey weinstein,7,213,0,0,1,1,0,0.1726394650820312,False
mila kunis describes exactly how and when she fell for ashton kutcher,12,49,0,0,1,0,1,0.5830318182062963,False
jessica biel justin timberlake pack on the pda in paris,10,15,0,0,1,0,0,0.24106184591931087,True
julia louis dreyfus makes sag awards history with best actress in a comedy win,14,11,0,0,1,0,0,0.11334248208231242,True
katie holmes and jamie foxx step out for dinner together in nyc pic,13,64,1,0,1,0,1,0.8376288400186844,False
chris pratt finally speaks out on divorce from anna faris,10,58,0,0,1,0,0,0.42551187387965694,True
s n l watch natalie portman rap about star wars prequels as andy samberg returns,15,109,0,0,1,0,0,0.12410208624704593,True
obama s tax skipping audit shows millions in offshore accounts,10,11,0,0,1,1,0,0.41084011131820286,False
william shatner ends star trek feud unblocks jason isaacs on twitter,11,21,0,0,1,0,0,0.3399884046082012,True
celine dion todd chrisley kerry washington and more show support for spiritday,12,47,0,0,1,0,0,0.4022832461596996,True
queen elizabeth and prince phillip celebrated their 70th wedding anniversary with sweet new photos,14,50,0,0,1,0,0,0.1921393783754633,True
jim carrey refuses to eat isolating in his art studio,10,6,0,1,1,1,1,0.8635201915783203,True
christina el moussa diet what i eat in a day,10,70,0,0,1,0,0,0.26798983436579477,True
jennifer lawrence says mother led to darren aronofsky split,9,4,1,0,1,1,1,0.5542370337145934,True
who pays bravo bravorealhousewives,4,43,0,2,1,0,1,0.6315353834576782,False
entertainment kevin hart and wife celebrate first wedding anniversary after cheating chatter,12,4,0,0,1,1,0,0.40288398496371935,False
kris jenner granted 3 year restraining order against joshua jacobs,10,65,0,0,1,0,0,0.44848441140336676,True
jennifer lawrence has bangs see her new hairstyle,8,29,0,0,1,0,0,0.4899571668643107,True
chrissy metz thinks her emmy nomination is the best welcome back gift ever,13,0,0,0,1,0,0,0.11070989387384343,True
breaking down barriers for african americans hillary for america medium,10,0,0,0,1,0,1,0.7283843275257893,False
tommy lee claims he paid 130 000 for brandon s rehab following son s threatening post,16,2,0,0,1,0,0,0.31916316978537174,True
sofia vergara s son gets emotional after his newly adopted dog is hit by a car,16,12,0,0,1,0,0,0.22395372517817314,True
scott disick desperate for the kardashians to accept sofia richie,10,44,0,0,1,1,1,0.8816287343979032,True
from cutting out dairy to mixing up workouts khlo kardashian s best fitness clean eating tips,16,241,0,0,1,1,0,0.20220581596676573,False
travis scott has stepped up for kylie jenner and stormi,10,59,0,0,1,0,1,0.8152305854952365,False
keith urban nicky jam join youtube s best cover ever singing competition series from ryan seacrest,16,21,0,0,1,0,0,0.39725464689756396,True
celebrity marriage kendra wilkinson takes off wedding ring and breaks down on instagram,13,73,0,0,1,0,0,0.17113543974623074,True
tina turner spreads son craig s ashes in final goodbye,10,1,0,0,1,0,0,0.38168771467545387,True
meek mill accepts plea deal involving his reckless endangerment arrest,10,14,0,0,1,0,1,0.5204187317593261,False
every celebrity who attended the royal wedding,7,5,0,0,1,0,0,0.26972681486502365,True
why angelina jolie could lose custody of her kids to brad pitt report,13,22,0,0,1,1,1,0.989495886858718,True
the arena politico s daily debate with policymakers and opinion shapers,11,13,0,0,1,0,0,0.15129661533881483,True
taylor swift announces new album reputation,6,1018,0,0,1,0,1,0.6004738931343706,False
comment on jennifer aniston is reportedly heartbroken over justin theroux s plans to move in with emma stone by jackie,20,6,0,0,1,1,1,0.9702502303579739,True
why are people wearing blue ribbons at the 2017 emmy awards they make a bold statement,16,53,0,1,1,0,0,0.4105659359396392,True
kardashians diet salad on keeping up with the kardashians,9,86,0,0,1,0,1,0.5467422767725579,False
sophie gradon s bf aaron armstrong found dead weeks after her tragic death,13,30,0,0,1,0,1,0.5891073363495978,False
what happened with ronnie jen on social media jersey shore dissects the big issue,14,1,0,1,1,0,0,0.47155019067251963,True
yeah it s been hell oliver hudson jokes about rumors of brad pitt dating sister kate hudson,17,4,0,0,1,1,1,0.9543496099077444,True
samuel l jackson and judge judy have actually been besties for years,12,104,0,0,1,0,0,0.2299953235967172,True
hugh jackman plans to get fat now that he s done playing wolverine,13,12,0,0,1,1,0,0.34589111719124643,False
evan rachel wood kelly marie tran play guess who metoo variety,11,44,0,1,1,0,0,0.4425074951953211,True
tom hanks jokes about high maintenance meryl streep you re expecting french horns,13,17,0,0,1,0,0,0.41599940381349704,True
liam payne releases new single familiar featuring j balvin,9,25,1,0,1,0,0,0.3109344049166794,True
kanye west thought kim kardashian might divorce him over slavery comments,11,1135,0,0,1,1,1,0.8605045914785721,True
scarlett johansson wants quickie divorce to get going with snl stud,11,6,0,0,1,1,1,0.6699237234323161,True
selena gomez and the weeknd spotted at coachella,8,58,0,0,1,0,1,0.596605575096331,False
ryan and kelly ripa celebrate their 1 year work anniversary,10,40,1,0,1,0,0,0.2996209966718568,True
gotti 2018 film,3,682,0,0,1,1,0,0.26613247558549985,False
hillary clinton transcript building the growth and fairness economy,9,25,0,0,1,0,0,0.38768318110644245,True
demi lovato is rocking a new summer do and it took 2 days to create,15,27,0,0,1,0,0,0.1101095582817571,True
omg someone just got shot on the royals shocking season four premiere and we re freaking out,17,25,1,0,1,0,0,0.12135043523787933,True
kelly clarkson totally transforms with new blonder bang hairstyle,9,62,0,0,1,0,0,0.11172776929105144,True
10 best dressed stars at the 2018 kids choice sports awards,11,40,0,0,1,0,0,0.02878915493030235,True
amanda rollins,2,67,0,0,1,0,0,0.2598252990960536,True
dwts season 25 winner jordan fisher crowned mirrorball champ,9,61,0,0,1,0,0,0.08339951249209901,True
chadwick boseman most important thing black panther global avengers,9,63,0,0,1,0,0,0.1669559085610426,True
jennifer garner s airport style is equal parts comfortable sleek,10,45,0,0,1,0,0,0.4763512828598893,True
kim kardashian celebrates 64m instagram followers by sharing sultry selfie,10,76,0,0,1,0,0,0.19667704677075457,True
what are facial mists and setting sprays and why should you use them,13,92,0,1,1,0,0,0.4214975288270544,True
watch harry styles take flight in epic sign of the times video,12,52,0,0,1,0,0,0.36840982234107333,True
watch married at first sight s jonathan squirm when confronted by molly s sister,14,51,0,0,1,0,0,0.1055211118356501,True
justin timberlake and jessica biel parent shamed for son s long hair,12,58,0,0,1,0,0,0.17765545821328785,True
brad falchuk spotted out with mystery brunette amid gwyneth paltrow split reports,12,5,0,0,1,1,1,0.8647842206623165,True
oj simpson demanding to meet khloe kardashian s baby per radar online,12,0,0,0,1,1,1,0.6794272125636155,True
kim kardashian wishes khloe a happy birthday with cute photo of true and chicago together,15,0,0,0,1,0,0,0.22232356936582054,True
pippa middleton and james matthews honeymoon on paradise island in pacific,11,80,0,0,1,0,0,0.14978328541381516,True
mychael knight fashion designer and project runway finalist dies at 39,11,57,0,0,1,0,0,0.05941138680584292,True
people are loving a new netflix series about baking fails and these hilarious side by side photos show why,19,10,0,0,1,0,0,0.13363274033385675,True
selena gomez and timothee chalamet,5,565,0,0,1,1,1,0.6073604313237795,True
will smith shares throwback video of terrified willow s first ballet class,12,46,0,0,1,0,0,0.12250858862216366,True
here s everything you need to know about the ivanka trump plastic surgery trend,14,69,0,0,1,0,1,0.5778676278602215,False
cory booker not father of mindy kaling s baby despite report,11,4,0,0,1,1,1,0.7822711487587598,True
summer music preview drake nicki minaj ariana grande and so much kanye,12,30,0,0,1,1,0,0.2662423219850555,False
christina aguilera performs touching tribute to whitney houston at amas,10,27,0,0,1,0,0,0.21843488564305996,True
before leaving governor s office in 2006 mitt romney s staff eliminated e mail records,15,0,0,0,1,0,0,0.24679390985872587,True
